customer_id,scenario,split,age,tenure_days,monthly_charges,support_tickets,usage_score,service_count,customer_satisfaction,is_month_to_month,churn
feature_drift-00001,feature_drift,train,47,379,61.13,2,0.3515,1,0.4916,0,1
feature_drift-00002,feature_drift,train,55,155,123.1,1,0.4619,3,0.4845,0,1
feature_drift-00003,feature_drift,test,41,180,57.87,1,0.462,3,0.0,1,1
feature_drift-00004,feature_drift,val,20,810,83.22,0,0.2644,1,0.645,1,1
feature_drift-00005,feature_drift,val,51,209,51.89,3,0.3041,2,0.5016,0,1
feature_drift-00006,feature_drift,train,19,256,59.49,4,0.1866,3,0.6024,1,1
feature_drift-00007,feature_drift,train,34,198,136.88,0,0.071,2,0.3748,0,1
feature_drift-00008,feature_drift,test,66,347,53.71,1,0.0263,1,0.3746,0,1
feature_drift-00009,feature_drift,train,44,1684,100.29,0,0.4022,3,0.4675,1,0
feature_drift-00010,feature_drift,train,52,101,43.59,2,0.0878,1,0.0266,1,1
feature_drift-00011,feature_drift,train,73,429,76.2,1,0.0,0,0.4049,1,1
feature_drift-00012,feature_drift,train,31,175,44.39,2,0.2718,0,0.2501,0,1
feature_drift-00013,feature_drift,val,67,88,116.52,1,0.2639,0,0.0807,1,1
feature_drift-00014,feature_drift,train,61,1603,85.21,1,0.1656,2,0.3895,0,0
feature_drift-00015,feature_drift,train,40,378,94.61,0,0.0914,1,0.2597,0,1
feature_drift-00016,feature_drift,train,33,381,99.27,1,0.3846,5,0.5936,1,0
feature_drift-00017,feature_drift,train,33,418,79.18,2,0.0673,3,0.3388,0,1
feature_drift-00018,feature_drift,train,42,81,141.83,0,0.268,4,0.4003,1,1
feature_drift-00019,feature_drift,train,55,91,106.3,2,0.4571,3,0.3307,0,1
feature_drift-00020,feature_drift,train,44,189,66.44,1,0.2326,2,0.2955,0,1
feature_drift-00021,feature_drift,train,26,467,88.21,1,0.3694,4,0.4612,1,1
feature_drift-00022,feature_drift,train,73,335,68.01,2,0.2522,0,0.3442,1,1
feature_drift-00023,feature_drift,train,40,125,116.65,1,0.0,1,0.2538,0,1
feature_drift-00024,feature_drift,train,69,777,103.19,1,0.5842,1,0.3054,0,1
feature_drift-00025,feature_drift,train,28,1266,94.18,2,0.1547,3,0.4873,0,1
feature_drift-00026,feature_drift,train,34,17,59.0,0,0.1454,0,0.4035,0,1
feature_drift-00027,feature_drift,test,63,97,67.82,3,0.2635,0,0.4551,0,1
feature_drift-00028,feature_drift,train,34,1418,95.03,1,0.3267,0,0.4591,0,1
feature_drift-00029,feature_drift,train,69,187,64.64,0,0.2138,1,0.3487,0,1
feature_drift-00030,feature_drift,train,42,172,145.04,1,0.3213,2,0.472,0,1
feature_drift-00031,feature_drift,train,44,1104,55.85,1,0.4797,2,0.4545,0,0
feature_drift-00032,feature_drift,train,18,233,117.1,1,0.49,3,0.4948,0,1
feature_drift-00033,feature_drift,train,42,843,140.98,0,0.144,0,0.2194,0,1
feature_drift-00034,feature_drift,train,35,423,35.9,1,0.0649,4,0.6666,1,1
feature_drift-00035,feature_drift,train,49,842,81.7,0,0.2488,2,0.4144,0,1
feature_drift-00036,feature_drift,train,73,5,77.6,0,0.1646,4,0.3256,0,1
feature_drift-00037,feature_drift,val,18,24,40.98,0,0.4493,2,0.373,0,1
feature_drift-00038,feature_drift,val,66,431,54.48,3,0.2431,0,0.5432,1,1
feature_drift-00039,feature_drift,train,41,775,42.2,2,0.3691,4,0.1062,0,1
feature_drift-00040,feature_drift,train,49,619,110.59,0,0.1979,1,0.4183,0,1
feature_drift-00041,feature_drift,val,45,290,79.97,0,0.2711,3,0.8998,0,0
feature_drift-00042,feature_drift,train,46,344,22.05,3,0.3764,2,0.4891,0,1
feature_drift-00043,feature_drift,train,65,25,111.21,1,0.1353,1,0.0559,0,1
feature_drift-00044,feature_drift,train,72,2,28.59,1,0.4065,3,0.3877,0,1
feature_drift-00045,feature_drift,train,75,616,82.97,2,0.2038,2,0.712,0,0
feature_drift-00046,feature_drift,train,52,166,94.5,1,0.3108,3,0.3777,1,1
feature_drift-00047,feature_drift,test,58,949,47.82,1,0.2506,1,0.3293,0,1
feature_drift-00048,feature_drift,train,72,707,44.39,2,0.3422,1,0.1908,1,1
feature_drift-00049,feature_drift,train,72,138,104.63,1,0.1745,3,0.1043,0,1
feature_drift-00050,feature_drift,val,75,348,91.71,1,0.4333,1,0.2564,0,1
feature_drift-00051,feature_drift,train,20,81,80.41,1,0.2305,0,0.6289,0,1
feature_drift-00052,feature_drift,val,19,112,34.83,0,0.1265,4,0.341,0,1
feature_drift-00053,feature_drift,train,51,1615,130.13,0,0.5974,1,0.4993,0,0
feature_drift-00054,feature_drift,train,24,219,58.41,1,0.2947,1,0.3554,0,1
feature_drift-00055,feature_drift,train,68,848,40.02,1,0.1422,0,0.2362,1,1
feature_drift-00056,feature_drift,train,62,195,62.42,2,0.1803,2,0.3754,0,1
feature_drift-00057,feature_drift,train,25,1228,52.24,1,0.1935,2,0.1968,0,1
feature_drift-00058,feature_drift,train,25,785,69.85,0,0.3225,1,0.4602,1,1
feature_drift-00059,feature_drift,val,24,223,71.29,0,0.2236,1,0.4041,1,1
feature_drift-00060,feature_drift,train,37,345,105.13,2,0.2123,1,0.3906,0,1
feature_drift-00061,feature_drift,test,67,342,90.4,0,0.1234,0,0.3655,1,1
feature_drift-00062,feature_drift,train,35,15,37.7,0,0.1858,4,0.5727,0,1
feature_drift-00063,feature_drift,train,58,97,75.61,2,0.0,0,0.5884,0,1
feature_drift-00064,feature_drift,train,49,234,75.24,0,0.3779,1,0.0,1,1
feature_drift-00065,feature_drift,train,52,127,98.7,4,0.1257,2,0.3683,1,1
feature_drift-00066,feature_drift,val,20,67,55.76,2,0.5229,2,0.4393,1,1
feature_drift-00067,feature_drift,train,57,270,83.3,2,0.3712,4,0.4165,1,1
feature_drift-00068,feature_drift,val,44,197,51.69,0,0.4027,0,0.6659,1,1
feature_drift-00069,feature_drift,val,26,183,56.7,4,0.3567,3,0.4163,0,1
feature_drift-00070,feature_drift,train,50,715,83.2,1,0.2974,2,0.2205,0,1
feature_drift-00071,feature_drift,train,53,291,85.51,2,0.2167,1,0.6626,0,1
feature_drift-00072,feature_drift,train,24,242,57.6,2,0.1405,3,0.3172,0,1
feature_drift-00073,feature_drift,train,47,30,63.27,1,0.0,1,0.3673,0,1
feature_drift-00074,feature_drift,test,37,849,89.56,1,0.5967,0,0.291,0,1
feature_drift-00075,feature_drift,val,61,177,140.57,0,0.2367,2,0.4715,1,1
feature_drift-00076,feature_drift,train,47,406,73.73,0,0.2915,1,0.5346,0,1
feature_drift-00077,feature_drift,val,19,308,120.2,0,0.1701,1,0.1859,0,1
feature_drift-00078,feature_drift,val,35,884,79.52,2,0.0,1,0.6197,0,1
feature_drift-00079,feature_drift,train,50,174,67.3,1,0.353,3,0.3838,0,1
feature_drift-00080,feature_drift,train,42,319,70.17,2,0.3544,3,0.5325,1,1
feature_drift-00081,feature_drift,train,33,37,102.02,3,0.449,0,0.4635,0,1
feature_drift-00082,feature_drift,test,42,777,46.88,2,0.4284,2,0.2957,1,1
feature_drift-00083,feature_drift,val,37,44,87.77,0,0.3785,1,0.4546,0,1
feature_drift-00084,feature_drift,val,23,29,36.7,3,0.3384,4,0.5979,1,1
feature_drift-00085,feature_drift,train,58,603,89.07,3,0.0281,1,0.368,0,1
feature_drift-00086,feature_drift,train,52,666,117.82,1,0.3244,2,0.4744,0,1
feature_drift-00087,feature_drift,train,48,168,37.83,3,0.0825,0,0.4919,1,1
feature_drift-00088,feature_drift,train,22,232,58.4,1,0.5355,3,0.4438,1,1
feature_drift-00089,feature_drift,train,56,390,139.79,1,0.2585,1,0.2801,0,1
feature_drift-00090,feature_drift,train,51,458,127.02,3,0.243,2,0.4186,0,1
feature_drift-00091,feature_drift,val,64,692,83.25,4,0.0651,1,0.3367,1,1
feature_drift-00092,feature_drift,test,22,1425,62.44,0,0.2492,1,0.3972,1,1
feature_drift-00093,feature_drift,train,36,183,66.68,2,0.3792,3,0.5684,1,1
feature_drift-00094,feature_drift,val,49,552,102.17,0,0.1718,1,0.542,0,1
feature_drift-00095,feature_drift,val,25,308,141.37,5,0.0655,2,0.3111,0,1
feature_drift-00096,feature_drift,train,67,342,151.15,1,0.116,2,0.1999,1,1
feature_drift-00097,feature_drift,train,32,397,98.09,0,0.0915,3,0.0,0,1
feature_drift-00098,feature_drift,train,34,25,42.67,0,0.3395,3,0.034,1,1
feature_drift-00099,feature_drift,train,40,98,77.55,5,0.5357,2,0.309,0,1
feature_drift-00100,feature_drift,train,22,818,46.16,1,0.2562,2,0.6762,1,0
feature_drift-00101,feature_drift,val,28,29,87.83,1,0.083,3,0.1686,0,1
feature_drift-00102,feature_drift,train,36,83,26.57,1,0.429,2,0.4927,0,1
feature_drift-00103,feature_drift,train,29,1206,98.34,2,0.029,3,0.4014,1,1
feature_drift-00104,feature_drift,train,42,8,61.15,0,0.4243,5,0.6653,0,0
feature_drift-00105,feature_drift,train,55,333,120.65,0,0.1894,2,0.5777,1,1
feature_drift-00106,feature_drift,test,53,102,66.12,4,0.2659,3,0.5502,1,1
feature_drift-00107,feature_drift,train,68,84,158.01,0,0.0671,2,0.261,0,1
feature_drift-00108,feature_drift,train,26,30,111.37,2,0.0,1,0.7775,0,1
feature_drift-00109,feature_drift,train,55,165,69.05,0,0.1522,0,0.3045,1,1
feature_drift-00110,feature_drift,train,18,20,77.94,1,0.047,3,0.1849,0,1
feature_drift-00111,feature_drift,train,18,12,55.49,0,0.0987,1,0.4264,1,1
feature_drift-00112,feature_drift,test,66,354,126.81,1,0.1476,2,0.2028,0,1
feature_drift-00113,feature_drift,train,39,219,83.28,2,0.3718,1,0.4846,0,1
feature_drift-00114,feature_drift,val,44,144,120.82,3,0.4016,2,0.7965,1,1
feature_drift-00115,feature_drift,train,68,164,69.42,3,0.3528,1,0.3424,1,1
feature_drift-00116,feature_drift,train,51,246,134.05,2,0.1706,1,0.114,0,1
feature_drift-00117,feature_drift,train,58,13,71.38,3,0.087,2,0.6768,0,1
feature_drift-00118,feature_drift,train,64,185,41.41,4,0.1836,3,0.6365,1,1
feature_drift-00119,feature_drift,train,56,129,72.43,2,0.5691,1,0.3881,1,1
feature_drift-00120,feature_drift,train,62,1116,76.61,0,0.6312,1,0.4627,0,0
feature_drift-00121,feature_drift,test,25,812,68.54,1,0.2834,3,0.6998,1,0
feature_drift-00122,feature_drift,train,67,230,46.89,2,0.1277,5,0.5378,0,1
feature_drift-00123,feature_drift,train,42,355,15.0,2,0.3,1,0.6677,0,1
feature_drift-00124,feature_drift,train,36,838,79.12,0,0.4136,1,0.7229,1,0
feature_drift-00125,feature_drift,train,27,33,101.57,2,0.0108,0,0.2483,1,1
feature_drift-00126,feature_drift,train,29,30,71.72,2,0.1484,0,0.524,0,1
feature_drift-00127,feature_drift,train,26,743,100.87,1,0.3717,3,0.547,0,0
feature_drift-00128,feature_drift,train,18,1482,105.91,1,0.3507,1,0.3905,1,1
feature_drift-00129,feature_drift,val,34,42,100.25,3,0.2623,2,0.2657,0,1
feature_drift-00130,feature_drift,train,40,396,47.05,1,0.2052,1,0.4973,0,1
feature_drift-00131,feature_drift,train,72,26,48.36,0,0.0,1,0.4853,0,1
feature_drift-00132,feature_drift,train,53,335,108.03,2,0.4179,3,0.6767,0,0
feature_drift-00133,feature_drift,train,62,119,61.33,0,0.0771,2,0.1298,0,1
feature_drift-00134,feature_drift,train,50,94,93.23,1,0.31,3,0.73,0,1
feature_drift-00135,feature_drift,val,64,620,34.67,1,0.2127,2,0.3241,0,1
feature_drift-00136,feature_drift,train,68,152,119.92,2,0.15,3,0.0447,1,1
feature_drift-00137,feature_drift,train,70,184,92.62,1,0.3372,3,0.4504,0,1
feature_drift-00138,feature_drift,train,66,809,91.35,1,0.3836,0,0.1419,1,1
feature_drift-00139,feature_drift,train,58,69,94.93,0,0.391,4,0.335,0,1
feature_drift-00140,feature_drift,train,46,248,120.53,2,0.384,2,0.386,1,1
feature_drift-00141,feature_drift,train,27,1890,58.73,1,0.382,3,0.5362,1,0
feature_drift-00142,feature_drift,val,25,177,80.85,4,0.154,2,0.5755,0,1
feature_drift-00143,feature_drift,train,72,370,79.15,1,0.4253,1,0.5247,0,1
feature_drift-00144,feature_drift,train,47,309,120.13,2,0.3653,2,0.3912,0,1
feature_drift-00145,feature_drift,val,64,82,160.42,2,0.2467,1,0.6659,1,1
feature_drift-00146,feature_drift,train,71,978,105.87,0,0.2968,2,0.4801,1,1
feature_drift-00147,feature_drift,train,22,307,80.95,2,0.0868,3,0.4166,0,1
feature_drift-00148,feature_drift,train,69,405,148.25,2,0.3256,1,0.5084,0,1
feature_drift-00149,feature_drift,train,34,140,133.59,2,0.283,4,0.2098,1,1
feature_drift-00150,feature_drift,train,57,372,80.29,2,0.4518,2,0.1936,0,1
feature_drift-00151,feature_drift,train,44,646,142.06,2,0.0,1,0.5251,0,1
feature_drift-00152,feature_drift,train,56,17,108.85,1,0.4349,1,0.4267,0,1
feature_drift-00153,feature_drift,train,46,824,30.84,1,0.2668,3,0.336,0,1
feature_drift-00154,feature_drift,train,66,89,90.68,0,0.0876,5,0.758,0,0
feature_drift-00155,feature_drift,test,72,258,33.46,1,0.2472,4,0.7093,1,0
feature_drift-00156,feature_drift,train,57,15,74.44,5,0.0466,3,0.4713,1,1
feature_drift-00157,feature_drift,val,41,116,68.97,0,0.2369,0,0.2366,0,1
feature_drift-00158,feature_drift,train,54,754,79.58,3,0.4052,1,0.5865,1,1
feature_drift-00159,feature_drift,train,27,73,110.36,2,0.4373,1,0.3922,1,1
feature_drift-00160,feature_drift,train,41,14,75.76,3,0.2465,2,0.3959,1,1
feature_drift-00161,feature_drift,train,61,19,49.75,0,0.0,2,0.6271,1,1
feature_drift-00162,feature_drift,train,41,249,157.17,2,0.1823,2,0.7361,0,1
feature_drift-00163,feature_drift,train,75,642,47.28,2,0.1808,1,0.8401,0,1
feature_drift-00164,feature_drift,train,46,16,43.5,1,0.0,2,0.1046,0,1
feature_drift-00165,feature_drift,train,69,247,44.52,2,0.126,2,0.3057,0,1
feature_drift-00166,feature_drift,train,69,971,164.05,1,0.2912,3,0.5117,0,1
feature_drift-00167,feature_drift,train,31,78,64.16,0,0.3526,1,0.1664,0,1
feature_drift-00168,feature_drift,train,55,390,66.57,3,0.3742,1,0.6699,0,1
feature_drift-00169,feature_drift,train,73,300,30.01,1,0.3766,0,0.4162,0,1
feature_drift-00170,feature_drift,train,65,49,142.96,2,0.2765,3,0.242,1,1
feature_drift-00171,feature_drift,train,46,179,101.34,1,0.3094,3,0.5286,1,1
feature_drift-00172,feature_drift,val,47,497,39.49,1,0.187,0,0.5181,0,1
feature_drift-00173,feature_drift,val,64,842,63.58,3,0.2094,0,0.4443,0,1
feature_drift-00174,feature_drift,train,49,354,52.06,1,0.3,1,0.2414,0,1
feature_drift-00175,feature_drift,train,49,48,57.97,1,0.2529,2,0.3337,0,1
feature_drift-00176,feature_drift,val,58,951,100.95,1,0.1403,3,0.2442,1,1
feature_drift-00177,feature_drift,test,75,1416,122.14,3,0.2752,2,0.0945,1,1
feature_drift-00178,feature_drift,val,58,387,111.77,2,0.0298,3,0.3059,0,1
feature_drift-00179,feature_drift,train,47,600,70.65,1,0.2823,3,0.418,0,1
feature_drift-00180,feature_drift,train,30,335,73.6,2,0.2127,2,0.1099,1,1
feature_drift-00181,feature_drift,train,34,301,24.81,0,0.2991,2,0.5902,1,1
feature_drift-00182,feature_drift,val,71,4,127.79,2,0.4102,0,0.2664,0,1
feature_drift-00183,feature_drift,train,66,224,53.94,1,0.2021,3,0.5838,0,0
feature_drift-00184,feature_drift,test,31,311,31.11,5,0.2866,0,0.0,0,1
feature_drift-00185,feature_drift,train,38,352,158.11,2,0.2916,0,0.2268,1,1
feature_drift-00186,feature_drift,test,56,493,61.25,0,0.1678,3,0.4312,0,1
feature_drift-00187,feature_drift,train,55,576,54.85,2,0.0996,2,0.1871,1,1
feature_drift-00188,feature_drift,train,39,537,106.7,1,0.1191,1,0.3833,0,1
feature_drift-00189,feature_drift,train,58,1058,103.87,1,0.0854,0,0.5093,1,1
feature_drift-00190,feature_drift,train,34,150,53.15,2,0.2751,3,0.4361,0,1
feature_drift-00191,feature_drift,train,70,370,45.95,2,0.5129,1,0.3482,1,1
feature_drift-00192,feature_drift,train,75,1345,74.85,2,0.0,2,0.5832,0,0
feature_drift-00193,feature_drift,val,33,87,136.23,2,0.1532,4,0.5511,0,1
feature_drift-00194,feature_drift,train,57,1422,91.57,2,0.2835,2,0.6085,0,1
feature_drift-00195,feature_drift,val,50,89,96.88,1,0.2705,4,0.3177,1,1
feature_drift-00196,feature_drift,train,34,459,64.35,2,0.0669,3,0.5188,0,1
feature_drift-00197,feature_drift,val,54,113,126.6,1,0.1088,0,0.5205,0,1
feature_drift-00198,feature_drift,train,60,764,45.2,2,0.1719,2,0.5767,0,1
feature_drift-00199,feature_drift,test,47,568,120.66,1,0.1052,3,0.4173,1,1
feature_drift-00200,feature_drift,train,61,153,85.63,2,0.4177,2,0.0,1,1
feature_drift-00201,feature_drift,train,73,648,111.9,2,0.24,4,0.4892,0,0
feature_drift-00202,feature_drift,train,39,26,178.71,6,0.1926,2,0.2099,1,1
feature_drift-00203,feature_drift,test,38,32,59.05,0,0.177,3,0.7801,1,0
feature_drift-00204,feature_drift,val,72,56,66.67,0,0.2134,6,0.5508,0,0
feature_drift-00205,feature_drift,train,63,1399,113.46,1,0.2736,3,0.4526,1,0
feature_drift-00206,feature_drift,train,74,1457,39.7,2,0.4359,2,0.7291,0,0
feature_drift-00207,feature_drift,train,62,31,124.19,2,0.2113,2,0.3753,0,1
feature_drift-00208,feature_drift,train,33,3,83.74,0,0.0812,1,0.0021,0,1
feature_drift-00209,feature_drift,test,51,160,60.33,0,0.4909,6,0.7208,0,0
feature_drift-00210,feature_drift,train,60,410,95.13,1,0.225,0,0.3492,1,1
feature_drift-00211,feature_drift,train,39,197,118.77,1,0.2975,4,0.2546,0,1
feature_drift-00212,feature_drift,train,29,30,140.56,0,0.1749,1,0.4108,0,1
feature_drift-00213,feature_drift,train,60,206,63.83,3,0.3103,7,0.6007,0,0
feature_drift-00214,feature_drift,train,30,142,60.73,1,0.3635,2,0.4985,0,1
feature_drift-00215,feature_drift,train,74,540,65.39,1,0.2357,1,0.2784,0,1
feature_drift-00216,feature_drift,train,62,45,74.41,3,0.2317,1,0.4381,0,1
feature_drift-00217,feature_drift,train,64,346,59.27,1,0.0386,2,0.4792,0,1
feature_drift-00218,feature_drift,test,72,1369,56.3,2,0.2832,4,0.1128,0,1
feature_drift-00219,feature_drift,train,71,330,102.28,1,0.399,2,0.2306,1,1
feature_drift-00220,feature_drift,val,46,717,89.19,1,0.44,4,0.5134,1,1
feature_drift-00221,feature_drift,train,39,80,74.01,1,0.4781,2,0.4137,1,1
feature_drift-00222,feature_drift,train,36,56,53.07,3,0.1993,0,0.4586,0,1
feature_drift-00223,feature_drift,train,60,157,135.3,0,0.3852,0,0.4336,0,1
feature_drift-00224,feature_drift,train,34,491,94.84,2,0.1059,5,0.4152,0,1
feature_drift-00225,feature_drift,val,58,111,54.86,1,0.067,0,0.1968,1,1
feature_drift-00226,feature_drift,train,44,132,65.79,0,0.0463,3,0.3873,0,1
feature_drift-00227,feature_drift,train,31,494,41.38,2,0.1685,4,0.3874,0,1
feature_drift-00228,feature_drift,train,55,1051,124.83,0,0.0,3,0.2632,0,1
feature_drift-00229,feature_drift,test,26,686,47.35,1,0.382,4,0.3754,0,1
feature_drift-00230,feature_drift,train,71,176,63.08,1,0.2314,2,0.0106,1,1
feature_drift-00231,feature_drift,train,34,569,102.07,1,0.1844,2,0.4232,1,1
feature_drift-00232,feature_drift,train,61,41,156.39,3,0.4147,1,0.2332,1,1
feature_drift-00233,feature_drift,train,50,133,130.98,1,0.2878,4,0.359,0,1
feature_drift-00234,feature_drift,train,69,67,99.11,3,0.2608,1,0.304,0,1
feature_drift-00235,feature_drift,val,61,243,94.25,2,0.2281,2,0.3036,0,1
feature_drift-00236,feature_drift,val,62,89,130.34,1,0.0981,3,0.5228,1,1
feature_drift-00237,feature_drift,test,49,913,61.83,1,0.0,2,0.0,0,1
feature_drift-00238,feature_drift,val,42,30,75.18,0,0.0191,4,0.0891,0,1
feature_drift-00239,feature_drift,test,23,212,81.31,1,0.408,2,0.3493,1,1
feature_drift-00240,feature_drift,test,73,75,60.83,2,0.2012,3,0.5412,0,1
feature_drift-00241,feature_drift,val,50,69,70.56,0,0.4816,3,0.3503,1,1
feature_drift-00242,feature_drift,train,53,316,40.95,1,0.2573,1,0.439,0,1
feature_drift-00243,feature_drift,train,70,1083,39.55,1,0.3266,1,0.2711,0,1
feature_drift-00244,feature_drift,train,44,27,92.67,0,0.4511,1,0.4104,1,1
feature_drift-00245,feature_drift,train,20,349,28.34,0,0.2463,1,0.4728,0,1
feature_drift-00246,feature_drift,train,57,381,124.67,0,0.1607,0,0.3115,0,1
feature_drift-00247,feature_drift,train,28,939,52.32,1,0.2309,1,0.6611,1,1
feature_drift-00248,feature_drift,train,61,743,71.9,2,0.4176,2,0.321,0,1
feature_drift-00249,feature_drift,train,57,643,41.29,0,0.2243,3,0.4412,1,1
feature_drift-00250,feature_drift,train,51,1054,89.96,1,0.1262,1,0.108,0,1
feature_drift-00251,feature_drift,train,42,259,110.69,2,0.0688,3,0.3809,0,1
feature_drift-00252,feature_drift,train,46,362,102.91,0,0.174,6,0.2139,1,1
feature_drift-00253,feature_drift,test,28,626,64.79,3,0.1474,2,0.1773,0,1
feature_drift-00254,feature_drift,train,71,158,32.16,2,0.3179,2,0.1877,0,1
feature_drift-00255,feature_drift,train,33,23,58.5,0,0.365,2,0.6808,0,1
feature_drift-00256,feature_drift,train,47,35,93.88,1,0.2925,2,0.5789,0,1
feature_drift-00257,feature_drift,train,23,1376,83.98,3,0.4649,1,0.5041,0,0
feature_drift-00258,feature_drift,test,49,2308,129.52,1,0.2007,4,0.4096,1,0
feature_drift-00259,feature_drift,train,71,327,65.04,1,0.5069,2,0.2062,0,1
feature_drift-00260,feature_drift,val,72,1064,124.36,0,0.2112,1,0.2279,0,1
feature_drift-00261,feature_drift,test,51,577,68.9,0,0.3902,3,0.6044,0,0
feature_drift-00262,feature_drift,test,73,143,145.99,2,0.0,2,0.0,0,1
feature_drift-00263,feature_drift,train,21,138,39.15,2,0.2008,2,0.153,0,1
feature_drift-00264,feature_drift,train,55,514,107.61,1,0.1609,2,0.4284,1,1
feature_drift-00265,feature_drift,val,63,169,50.41,0,0.1553,1,0.5486,1,1
feature_drift-00266,feature_drift,train,42,651,54.73,4,0.2453,2,0.5302,0,1
feature_drift-00267,feature_drift,test,47,5,87.0,2,0.3235,2,0.2579,0,1
feature_drift-00268,feature_drift,test,26,202,69.51,0,0.0,1,0.0,1,1
feature_drift-00269,feature_drift,train,45,150,120.06,1,0.4502,2,0.3313,0,1
feature_drift-00270,feature_drift,train,23,585,126.82,2,0.273,2,0.3984,0,1
feature_drift-00271,feature_drift,train,67,87,121.36,1,0.1456,2,0.5931,0,1
feature_drift-00272,feature_drift,train,35,163,78.21,2,0.5311,2,0.3329,0,1
feature_drift-00273,feature_drift,train,33,818,42.62,1,0.3436,1,0.4316,1,1
feature_drift-00274,feature_drift,train,18,413,74.74,4,0.4184,2,0.5724,0,1
feature_drift-00275,feature_drift,test,20,309,126.99,2,0.2102,2,0.5052,1,1
feature_drift-00276,feature_drift,train,67,579,60.17,2,0.3964,5,0.3868,0,1
feature_drift-00277,feature_drift,train,39,430,71.63,0,0.2481,2,0.365,1,1
feature_drift-00278,feature_drift,train,30,425,71.57,1,0.1661,1,0.8062,0,1
feature_drift-00279,feature_drift,train,75,126,76.63,4,0.2888,0,0.6743,0,1
feature_drift-00280,feature_drift,test,27,493,66.23,0,0.0,2,0.1583,1,1
feature_drift-00281,feature_drift,train,23,1177,55.87,3,0.1024,3,0.249,0,1
feature_drift-00282,feature_drift,val,46,237,96.29,1,0.4157,0,0.2543,1,1
feature_drift-00283,feature_drift,val,19,404,65.99,2,0.4138,0,0.2628,0,1
feature_drift-00284,feature_drift,train,55,489,82.57,0,0.4505,0,0.4076,0,1
feature_drift-00285,feature_drift,train,26,122,130.54,1,0.1481,2,0.5108,0,1
feature_drift-00286,feature_drift,train,20,8,111.05,0,0.3657,1,0.704,0,1
feature_drift-00287,feature_drift,train,70,625,80.47,1,0.3676,1,0.0,1,1
feature_drift-00288,feature_drift,train,25,65,69.26,1,0.2751,1,0.4883,0,1
feature_drift-00289,feature_drift,train,46,202,109.19,4,0.1351,5,0.4936,1,1
feature_drift-00290,feature_drift,train,73,103,50.59,1,0.2857,0,0.0513,0,1
feature_drift-00291,feature_drift,test,74,167,75.95,1,0.334,1,0.6999,0,1
feature_drift-00292,feature_drift,train,53,637,141.26,2,0.0553,1,0.6856,0,1
feature_drift-00293,feature_drift,train,67,355,114.77,2,0.0,2,0.0,0,1
feature_drift-00294,feature_drift,train,72,96,133.37,0,0.1084,4,0.4319,0,1
feature_drift-00295,feature_drift,train,56,347,58.45,3,0.3238,3,0.4742,1,1
feature_drift-00296,feature_drift,val,30,120,99.41,0,0.504,2,0.1495,0,1
feature_drift-00297,feature_drift,train,35,656,72.08,1,0.2002,3,0.4509,0,1
feature_drift-00298,feature_drift,train,64,318,40.48,1,0.588,3,0.2728,0,1
feature_drift-00299,feature_drift,val,73,814,77.53,1,0.2141,1,0.4024,0,1
feature_drift-00300,feature_drift,test,26,602,73.86,2,0.0432,3,0.3209,0,1
feature_drift-00301,feature_drift,train,68,443,94.93,2,0.3293,3,0.5284,1,1
feature_drift-00302,feature_drift,train,54,390,54.53,2,0.0,0,0.477,1,1
feature_drift-00303,feature_drift,test,34,684,68.77,1,0.1697,1,0.4255,0,1
feature_drift-00304,feature_drift,train,64,34,55.31,3,0.1514,0,0.3573,1,1
feature_drift-00305,feature_drift,train,20,62,95.27,0,0.201,3,0.0106,0,1
feature_drift-00306,feature_drift,val,27,292,73.32,1,0.0,0,0.1178,1,1
feature_drift-00307,feature_drift,train,59,48,67.44,0,0.2256,2,0.4277,0,1
feature_drift-00308,feature_drift,test,23,218,74.07,1,0.111,2,0.4874,1,1
feature_drift-00309,feature_drift,train,63,62,41.75,1,0.2269,1,0.3117,0,1
feature_drift-00310,feature_drift,train,55,113,81.36,2,0.2768,2,0.3391,1,1
feature_drift-00311,feature_drift,train,52,7,127.51,1,0.4166,5,0.3118,0,1
feature_drift-00312,feature_drift,train,45,2147,82.21,3,0.2009,0,0.183,0,1
feature_drift-00313,feature_drift,train,38,215,83.92,1,0.4556,4,0.2427,1,1
feature_drift-00314,feature_drift,test,49,575,101.01,0,0.3251,1,0.5656,1,1
feature_drift-00315,feature_drift,train,75,16,124.31,4,0.1958,2,0.2581,0,1
feature_drift-00316,feature_drift,test,58,511,66.56,0,0.3631,4,0.5527,0,0
feature_drift-00317,feature_drift,train,63,461,67.93,2,0.42,4,0.4003,0,1
feature_drift-00318,feature_drift,train,67,178,98.14,0,0.4283,1,0.3198,0,1
feature_drift-00319,feature_drift,train,63,472,68.77,2,0.2617,3,0.6483,1,1
feature_drift-00320,feature_drift,test,54,369,36.41,4,0.1821,3,0.5571,1,1
feature_drift-00321,feature_drift,train,68,136,77.3,1,0.2918,3,0.0,0,1
feature_drift-00322,feature_drift,train,66,73,88.13,1,0.3284,1,0.4209,1,1
feature_drift-00323,feature_drift,test,38,54,63.82,1,0.0,3,0.2578,0,1
feature_drift-00324,feature_drift,val,74,194,68.29,0,0.3016,1,0.4613,0,1
feature_drift-00325,feature_drift,train,28,357,106.83,1,0.263,4,0.2564,1,1
feature_drift-00326,feature_drift,train,75,700,113.98,3,0.3425,2,0.8192,0,0
feature_drift-00327,feature_drift,test,18,585,65.45,0,0.3762,0,0.6147,0,1
feature_drift-00328,feature_drift,val,40,142,68.08,2,0.0644,1,0.0759,0,1
feature_drift-00329,feature_drift,train,60,386,70.22,1,0.0,1,0.6939,0,1
feature_drift-00330,feature_drift,train,32,1011,113.3,0,0.0935,1,0.4809,0,1
feature_drift-00331,feature_drift,train,30,320,81.81,0,0.2842,2,0.0988,0,1
feature_drift-00332,feature_drift,test,68,933,114.92,0,0.0,0,0.53,0,0
feature_drift-00333,feature_drift,train,71,44,72.94,0,0.2453,3,0.3419,0,1
feature_drift-00334,feature_drift,val,37,356,59.4,1,0.0905,2,0.6782,1,1
feature_drift-00335,feature_drift,train,34,472,111.41,1,0.3143,0,0.1896,0,1
feature_drift-00336,feature_drift,val,64,9,117.66,3,0.4286,1,0.1736,1,1
feature_drift-00337,feature_drift,train,59,1233,87.67,1,0.2283,4,0.1123,0,1
feature_drift-00338,feature_drift,train,29,582,63.67,0,0.266,3,0.0,0,1
feature_drift-00339,feature_drift,train,27,1631,45.26,2,0.5016,2,0.2722,1,1
feature_drift-00340,feature_drift,train,28,1180,82.59,0,0.4829,1,0.271,0,1
feature_drift-00341,feature_drift,train,23,78,77.31,5,0.5418,0,0.7846,0,1
feature_drift-00342,feature_drift,test,43,397,105.94,1,0.0,2,0.1836,1,1
feature_drift-00343,feature_drift,train,71,184,87.44,2,0.2057,2,0.6856,1,1
feature_drift-00344,feature_drift,train,40,493,111.67,4,0.0611,2,0.3493,1,1
feature_drift-00345,feature_drift,train,30,566,40.55,0,0.4325,1,0.1084,0,0
feature_drift-00346,feature_drift,train,22,152,127.09,1,0.2627,2,0.2237,1,1
feature_drift-00347,feature_drift,test,63,187,72.51,0,0.1332,1,0.3516,0,1
feature_drift-00348,feature_drift,val,73,214,55.45,2,0.3392,6,0.3417,0,0
feature_drift-00349,feature_drift,val,27,145,50.71,1,0.3685,0,0.5444,1,1
feature_drift-00350,feature_drift,train,36,19,106.65,1,0.5098,2,0.3454,0,1
feature_drift-00351,feature_drift,train,36,129,140.07,2,0.4328,7,0.4923,0,1
feature_drift-00352,feature_drift,train,24,501,45.36,3,0.2198,1,0.2047,0,1
feature_drift-00353,feature_drift,train,30,227,36.31,3,0.1634,0,0.3515,0,1
feature_drift-00354,feature_drift,train,32,426,69.57,2,0.5099,0,0.4663,1,1
feature_drift-00355,feature_drift,train,41,1886,131.85,0,0.0293,3,0.2592,1,0
feature_drift-00356,feature_drift,test,22,60,57.74,3,0.0227,7,0.5311,0,1
feature_drift-00357,feature_drift,train,65,196,53.19,0,0.0543,0,0.472,0,1
feature_drift-00358,feature_drift,val,50,1000,61.64,0,0.4287,0,0.1626,0,1
feature_drift-00359,feature_drift,test,58,1416,28.63,2,0.2536,4,0.3769,1,1
feature_drift-00360,feature_drift,train,64,267,105.19,2,0.1989,2,0.3277,0,1
feature_drift-00361,feature_drift,val,19,425,80.36,2,0.2668,4,0.2888,0,1
feature_drift-00362,feature_drift,val,56,61,129.53,3,0.3018,5,0.3857,0,1
feature_drift-00363,feature_drift,test,27,1975,147.3,0,0.1748,1,0.5059,0,0
feature_drift-00364,feature_drift,val,41,325,33.19,3,0.1387,3,0.5371,1,1
feature_drift-00365,feature_drift,train,72,38,67.18,3,0.058,4,0.7661,0,1
feature_drift-00366,feature_drift,train,63,1291,93.23,0,0.2415,3,0.4567,1,0
feature_drift-00367,feature_drift,train,75,364,32.71,2,0.2432,3,0.5824,1,1
feature_drift-00368,feature_drift,train,42,981,41.18,0,0.334,2,0.1298,0,0
feature_drift-00369,feature_drift,test,53,316,89.56,4,0.2194,0,0.534,0,1
feature_drift-00370,feature_drift,test,18,33,42.36,3,0.2673,1,0.1484,1,1
feature_drift-00371,feature_drift,train,41,400,100.7,3,0.1114,3,0.5918,0,1
feature_drift-00372,feature_drift,train,41,281,79.97,2,0.0867,2,0.2293,1,1
feature_drift-00373,feature_drift,train,69,970,127.77,1,0.301,4,0.2101,1,1
feature_drift-00374,feature_drift,train,24,824,75.65,2,0.0442,3,0.443,0,1
feature_drift-00375,feature_drift,train,30,351,60.29,1,0.4263,1,0.6525,0,1
feature_drift-00376,feature_drift,train,26,400,77.31,1,0.3332,2,0.3905,0,1
feature_drift-00377,feature_drift,test,42,250,61.7,0,0.2529,1,0.4805,1,1
feature_drift-00378,feature_drift,val,26,245,87.2,1,0.0733,2,0.3108,0,1
feature_drift-00379,feature_drift,train,49,328,58.82,2,0.3864,1,0.0384,0,1
feature_drift-00380,feature_drift,val,35,312,71.73,1,0.2002,3,0.5711,1,1
feature_drift-00381,feature_drift,train,47,567,58.69,2,0.1533,1,0.3849,1,1
feature_drift-00382,feature_drift,train,37,22,121.87,2,0.0,2,0.7053,0,1
feature_drift-00383,feature_drift,train,71,853,107.83,0,0.5154,1,0.2611,0,1
feature_drift-00384,feature_drift,train,51,1147,72.31,1,0.5779,1,0.3782,0,1
feature_drift-00385,feature_drift,train,40,16,58.8,2,0.503,3,0.7927,1,0
feature_drift-00386,feature_drift,train,72,104,69.59,2,0.174,3,0.4519,0,1
feature_drift-00387,feature_drift,test,39,764,52.64,5,0.2639,0,0.0243,0,1
feature_drift-00388,feature_drift,train,52,499,132.25,2,0.3794,1,0.4492,0,1
feature_drift-00389,feature_drift,test,63,173,104.52,0,0.3363,0,0.3712,0,1
feature_drift-00390,feature_drift,train,66,150,159.25,1,0.2072,2,0.2745,0,1
feature_drift-00391,feature_drift,test,67,208,120.86,5,0.3812,2,0.3992,0,1
feature_drift-00392,feature_drift,test,74,338,56.2,2,0.332,3,0.0648,1,1
feature_drift-00393,feature_drift,train,26,502,74.08,0,0.0085,3,0.2035,0,1
feature_drift-00394,feature_drift,test,48,237,95.74,1,0.2255,7,0.1128,0,1
feature_drift-00395,feature_drift,train,64,144,44.68,1,0.2649,1,0.3206,0,1
feature_drift-00396,feature_drift,val,23,494,66.65,2,0.2124,0,0.3106,1,1
feature_drift-00397,feature_drift,train,60,691,36.06,1,0.2829,1,0.5427,0,0
feature_drift-00398,feature_drift,train,20,85,96.83,1,0.1831,3,0.3659,0,1
feature_drift-00399,feature_drift,val,63,151,84.72,2,0.3137,2,0.6078,1,1
feature_drift-00400,feature_drift,test,66,616,88.37,1,0.5411,1,0.2637,0,1
feature_drift-00401,feature_drift,train,60,13,68.64,2,0.3189,0,0.6092,0,1
feature_drift-00402,feature_drift,train,54,57,94.89,0,0.3522,1,0.4155,0,1
feature_drift-00403,feature_drift,train,38,770,92.01,5,0.0,1,0.301,0,1
feature_drift-00404,feature_drift,test,46,160,61.91,0,0.3746,1,0.1887,0,1
feature_drift-00405,feature_drift,train,58,404,76.04,2,0.3434,1,0.6683,1,1
feature_drift-00406,feature_drift,test,60,756,56.96,3,0.2883,1,0.2529,0,1
feature_drift-00407,feature_drift,train,24,356,75.51,1,0.3158,0,0.4092,1,1
feature_drift-00408,feature_drift,val,18,635,74.09,0,0.0657,0,0.2125,0,1
feature_drift-00409,feature_drift,test,69,237,116.64,2,0.2785,2,0.4997,0,1
feature_drift-00410,feature_drift,train,67,373,68.65,2,0.3506,7,0.3699,0,0
feature_drift-00411,feature_drift,train,41,95,55.1,2,0.2123,1,0.5397,1,1
feature_drift-00412,feature_drift,train,59,225,71.41,0,0.5635,4,0.2275,1,0
feature_drift-00413,feature_drift,train,34,1049,40.83,1,0.3436,3,0.2756,1,1
feature_drift-00414,feature_drift,test,49,1318,121.34,1,0.3015,5,0.472,1,0
feature_drift-00415,feature_drift,train,43,136,37.17,1,0.4863,2,0.4751,0,1
feature_drift-00416,feature_drift,train,57,442,166.21,0,0.0,1,0.6078,1,1
feature_drift-00417,feature_drift,test,52,801,68.6,1,0.568,2,0.4801,1,0
feature_drift-00418,feature_drift,test,52,98,114.19,1,0.0502,1,0.729,0,1
feature_drift-00419,feature_drift,val,61,695,38.86,1,0.1812,5,0.0798,0,1
feature_drift-00420,feature_drift,train,43,87,55.3,0,0.2142,3,0.4445,0,1
feature_drift-00421,feature_drift,train,22,111,64.78,0,0.4029,2,0.2926,0,1
feature_drift-00422,feature_drift,train,46,206,93.52,1,0.3037,1,0.676,0,1
feature_drift-00423,feature_drift,val,26,89,46.08,4,0.4384,4,0.3424,0,1
feature_drift-00424,feature_drift,train,18,395,44.64,3,0.1815,3,0.2432,0,1
feature_drift-00425,feature_drift,train,27,312,133.46,2,0.2611,2,0.2425,0,1
feature_drift-00426,feature_drift,train,56,8,116.54,1,0.1235,1,0.3999,1,1
feature_drift-00427,feature_drift,train,59,1480,112.33,1,0.2491,3,0.5813,0,0
feature_drift-00428,feature_drift,train,75,14,108.68,5,0.4342,1,0.6649,1,1
feature_drift-00429,feature_drift,train,33,68,59.33,2,0.2409,2,0.1766,0,1
feature_drift-00430,feature_drift,train,43,292,60.12,4,0.2368,0,0.2923,0,1
feature_drift-00431,feature_drift,val,32,129,98.35,2,0.3682,1,0.5369,0,1
feature_drift-00432,feature_drift,train,25,640,131.08,3,0.0053,2,0.1849,0,1
feature_drift-00433,feature_drift,test,22,419,67.55,1,0.2035,1,0.0492,1,1
feature_drift-00434,feature_drift,train,54,221,51.43,1,0.5055,2,0.6284,0,0
feature_drift-00435,feature_drift,train,55,19,97.0,0,0.1771,2,0.5656,0,0
feature_drift-00436,feature_drift,train,43,323,84.21,0,0.3623,4,0.4538,1,1
feature_drift-00437,feature_drift,train,32,683,77.9,1,0.28,1,0.4142,0,1
feature_drift-00438,feature_drift,train,27,1060,65.57,4,0.4897,1,0.5867,0,1
feature_drift-00439,feature_drift,val,67,18,88.73,0,0.3539,3,0.5283,1,1
feature_drift-00440,feature_drift,train,45,319,87.43,3,0.3177,5,0.3279,1,1
feature_drift-00441,feature_drift,train,58,63,76.89,1,0.1115,2,0.4865,1,1
feature_drift-00442,feature_drift,test,26,1095,152.4,1,0.201,1,0.7176,1,1
feature_drift-00443,feature_drift,val,68,850,66.83,2,0.3711,0,0.033,1,1
feature_drift-00444,feature_drift,train,65,287,39.76,1,0.4149,0,0.5616,0,1
feature_drift-00445,feature_drift,train,19,549,123.81,1,0.278,0,0.6132,0,1
feature_drift-00446,feature_drift,val,46,301,129.59,2,0.2938,0,0.2312,1,1
feature_drift-00447,feature_drift,train,38,312,39.79,1,0.044,2,0.4706,0,1
feature_drift-00448,feature_drift,train,61,916,111.4,0,0.2439,2,0.1956,1,1
feature_drift-00449,feature_drift,val,69,491,96.27,2,0.2334,1,0.3801,1,1
feature_drift-00450,feature_drift,val,24,2,107.76,2,0.5072,2,0.5543,0,1
feature_drift-00451,feature_drift,train,18,343,71.96,0,0.2834,1,0.6577,1,1
feature_drift-00452,feature_drift,train,22,305,96.34,1,0.2752,4,0.1771,0,1
feature_drift-00453,feature_drift,train,30,195,56.25,3,0.3513,2,0.1664,1,1
feature_drift-00454,feature_drift,val,67,67,54.48,0,0.3098,2,0.0543,0,1
feature_drift-00455,feature_drift,train,38,659,152.98,3,0.1691,2,0.6391,0,1
feature_drift-00456,feature_drift,train,43,262,72.86,5,0.2387,1,0.4212,0,1
feature_drift-00457,feature_drift,val,35,372,55.83,1,0.2524,1,0.5188,0,1
feature_drift-00458,feature_drift,train,62,1194,39.49,2,0.2677,2,0.2186,1,1
feature_drift-00459,feature_drift,test,71,1173,103.51,1,0.2248,1,0.466,0,0
feature_drift-00460,feature_drift,train,23,125,141.16,1,0.3898,3,0.4352,0,1
feature_drift-00461,feature_drift,train,35,283,93.05,0,0.1478,4,0.5483,1,1
feature_drift-00462,feature_drift,test,31,143,94.55,1,0.1754,2,0.5753,1,1
feature_drift-00463,feature_drift,test,37,14,62.46,1,0.6277,2,0.2805,1,1
feature_drift-00464,feature_drift,test,70,676,62.66,2,0.1429,3,0.5221,0,1
feature_drift-00465,feature_drift,val,39,458,52.4,2,0.1709,2,0.6763,0,0
feature_drift-00466,feature_drift,train,24,461,84.24,0,0.4237,2,0.776,1,1
feature_drift-00467,feature_drift,train,41,17,43.71,3,0.0869,2,0.1458,0,1
feature_drift-00468,feature_drift,train,49,133,84.76,0,0.3422,4,0.6374,1,0
feature_drift-00469,feature_drift,train,33,320,83.53,1,0.0,1,0.5087,0,1
feature_drift-00470,feature_drift,test,34,52,87.22,0,0.1459,3,0.5412,0,1
feature_drift-00471,feature_drift,train,37,249,102.75,3,0.2097,4,0.7013,0,1
feature_drift-00472,feature_drift,train,35,310,52.58,1,0.7667,2,0.5317,0,1
feature_drift-00473,feature_drift,train,38,169,109.23,0,0.2044,1,0.3652,0,1
feature_drift-00474,feature_drift,train,20,186,169.61,0,0.2648,2,0.3382,1,1
feature_drift-00475,feature_drift,val,69,93,78.72,0,0.3334,3,0.2943,0,0
feature_drift-00476,feature_drift,train,57,27,58.15,1,0.2051,3,0.4096,1,1
feature_drift-00477,feature_drift,train,75,248,92.26,1,0.1932,3,0.4908,1,1
feature_drift-00478,feature_drift,train,20,1175,83.73,1,0.1361,2,0.3584,1,1
feature_drift-00479,feature_drift,train,18,112,62.89,1,0.516,2,0.5577,1,1
feature_drift-00480,feature_drift,train,37,169,97.7,1,0.1473,0,0.6455,0,1
feature_drift-00481,feature_drift,train,45,413,38.73,1,0.1814,4,0.4021,0,0
feature_drift-00482,feature_drift,val,49,11,171.09,3,0.6121,2,0.6514,0,1
feature_drift-00483,feature_drift,train,50,155,93.37,3,0.2444,1,0.3282,0,1
feature_drift-00484,feature_drift,train,74,324,107.79,1,0.4138,4,0.3449,0,1
feature_drift-00485,feature_drift,test,73,111,77.13,1,0.5294,3,0.2185,0,1
feature_drift-00486,feature_drift,train,67,385,57.12,2,0.1266,2,0.5662,0,1
feature_drift-00487,feature_drift,train,48,605,78.72,1,0.2493,3,0.5723,1,1
feature_drift-00488,feature_drift,val,46,43,108.44,2,0.4384,3,0.3998,1,1
feature_drift-00489,feature_drift,train,66,562,120.93,2,0.2681,2,0.3981,1,1
feature_drift-00490,feature_drift,train,65,697,96.29,3,0.2478,3,0.3094,1,1
feature_drift-00491,feature_drift,train,69,28,60.09,2,0.2887,0,0.6645,1,1
feature_drift-00492,feature_drift,test,38,125,83.63,1,0.4723,0,0.684,1,1
feature_drift-00493,feature_drift,test,68,139,62.53,0,0.1348,3,0.3033,1,1
feature_drift-00494,feature_drift,train,19,635,40.15,2,0.2606,1,0.3876,1,1
feature_drift-00495,feature_drift,val,62,2282,63.5,1,0.2873,4,0.2619,1,0
feature_drift-00496,feature_drift,test,30,25,122.28,0,0.0556,5,0.3052,1,1
feature_drift-00497,feature_drift,train,19,142,81.59,2,0.1705,2,0.2297,1,1
feature_drift-00498,feature_drift,train,21,644,75.63,2,0.3565,2,0.416,1,1
feature_drift-00499,feature_drift,train,22,125,116.59,3,0.3537,3,0.2162,1,1
feature_drift-00500,feature_drift,train,36,322,69.18,2,0.2965,7,0.2382,0,1
feature_drift-00501,feature_drift,val,54,8,81.07,1,0.3935,5,0.3298,1,1
feature_drift-00502,feature_drift,train,48,51,71.07,1,0.2558,3,0.5549,0,0
feature_drift-00503,feature_drift,train,22,116,67.87,3,0.2977,3,0.5872,1,1
feature_drift-00504,feature_drift,train,37,1031,59.21,1,0.3842,1,0.1017,0,1
feature_drift-00505,feature_drift,test,37,104,67.47,0,0.3408,2,0.1568,0,1
feature_drift-00506,feature_drift,train,48,42,62.19,0,0.1004,1,0.1189,0,1
feature_drift-00507,feature_drift,train,40,577,157.66,0,0.1003,6,0.0,0,1
feature_drift-00508,feature_drift,train,47,480,146.89,3,0.2677,2,0.7578,1,1
feature_drift-00509,feature_drift,train,40,253,79.27,1,0.1372,2,0.3561,1,1
feature_drift-00510,feature_drift,train,33,216,87.18,1,0.3896,1,0.4491,0,1
feature_drift-00511,feature_drift,train,29,230,84.24,1,0.3658,3,0.3532,0,1
feature_drift-00512,feature_drift,train,67,58,54.13,3,0.1603,3,0.3034,0,1
feature_drift-00513,feature_drift,val,52,915,58.41,2,0.4354,3,0.2424,0,0
feature_drift-00514,feature_drift,train,41,924,51.92,3,0.1197,3,0.4695,1,1
feature_drift-00515,feature_drift,val,31,135,60.04,1,0.3967,4,0.2209,0,1
feature_drift-00516,feature_drift,train,29,365,83.28,1,0.2661,5,0.5357,1,0
feature_drift-00517,feature_drift,train,56,2088,54.87,1,0.2019,2,0.542,0,0
feature_drift-00518,feature_drift,train,50,63,48.2,0,0.4223,2,0.0,1,1
feature_drift-00519,feature_drift,train,34,263,126.48,1,0.2663,1,0.3197,1,1
feature_drift-00520,feature_drift,train,52,198,130.54,2,0.244,2,0.2606,0,1
feature_drift-00521,feature_drift,test,42,540,56.33,2,0.4749,3,0.3576,1,1
feature_drift-00522,feature_drift,train,52,1064,94.98,0,0.0692,1,0.2395,1,1
feature_drift-00523,feature_drift,test,52,62,80.74,1,0.2913,2,0.324,0,1
feature_drift-00524,feature_drift,train,59,1,183.92,0,0.4035,1,0.4713,1,1
feature_drift-00525,feature_drift,train,66,630,86.95,2,0.4984,1,0.3711,1,1
feature_drift-00526,feature_drift,train,42,573,105.46,0,0.1942,2,0.6066,0,1
feature_drift-00527,feature_drift,val,68,897,64.81,2,0.2927,5,0.4123,0,1
feature_drift-00528,feature_drift,val,28,17,86.97,1,0.1629,0,0.7386,0,1
feature_drift-00529,feature_drift,train,43,790,65.25,6,0.2852,1,0.3483,0,1
feature_drift-00530,feature_drift,train,72,1898,66.41,4,0.0,0,0.2473,1,1
feature_drift-00531,feature_drift,test,66,77,97.02,1,0.0658,4,0.5227,0,1
feature_drift-00532,feature_drift,train,55,631,109.36,3,0.408,2,0.4918,0,1
feature_drift-00533,feature_drift,train,61,103,103.68,2,0.2299,4,0.3969,0,1
feature_drift-00534,feature_drift,val,25,15,97.56,1,0.3015,2,0.4463,0,1
feature_drift-00535,feature_drift,val,65,48,155.3,1,0.4709,1,0.2107,0,1
feature_drift-00536,feature_drift,test,29,16,81.2,0,0.2177,1,0.4611,0,1
feature_drift-00537,feature_drift,train,25,38,122.25,1,0.2574,2,0.5611,0,1
feature_drift-00538,feature_drift,val,41,167,35.62,3,0.2613,1,0.6253,1,1
feature_drift-00539,feature_drift,train,71,51,50.18,3,0.3101,1,0.2825,1,1
feature_drift-00540,feature_drift,test,53,541,49.08,1,0.298,1,0.1954,1,1
feature_drift-00541,feature_drift,train,34,124,89.4,2,0.122,1,0.6494,0,1
feature_drift-00542,feature_drift,train,75,481,83.28,1,0.19,0,0.5081,1,1
feature_drift-00543,feature_drift,train,72,416,109.14,0,0.0153,3,0.4024,0,1
feature_drift-00544,feature_drift,val,31,350,69.53,2,0.3139,1,0.1195,0,1
feature_drift-00545,feature_drift,train,57,3,126.08,0,0.2659,2,0.5496,1,1
feature_drift-00546,feature_drift,test,59,230,125.2,2,0.0,4,0.7361,0,0
feature_drift-00547,feature_drift,test,59,295,106.24,0,0.0535,1,0.4257,0,1
feature_drift-00548,feature_drift,train,71,807,86.1,3,0.1501,1,0.7627,1,1
feature_drift-00549,feature_drift,val,43,694,27.54,0,0.3145,3,0.2578,1,1
feature_drift-00550,feature_drift,train,40,777,114.79,1,0.2444,3,0.3404,0,1
feature_drift-00551,feature_drift,train,26,236,70.78,2,0.272,1,0.5302,0,1
feature_drift-00552,feature_drift,train,58,13,118.09,1,0.0906,1,0.46,0,1
feature_drift-00553,feature_drift,train,57,185,83.27,2,0.6851,4,0.3329,0,1
feature_drift-00554,feature_drift,test,27,1113,56.37,1,0.3682,1,0.4695,1,1
feature_drift-00555,feature_drift,train,70,62,66.32,1,0.106,2,0.2696,1,1
feature_drift-00556,feature_drift,train,42,1713,99.41,0,0.1641,2,0.322,0,1
feature_drift-00557,feature_drift,train,25,145,62.83,0,0.1629,3,0.6167,0,1
feature_drift-00558,feature_drift,train,35,466,66.92,0,0.215,6,0.359,0,0
feature_drift-00559,feature_drift,val,35,1075,47.73,2,0.3134,2,0.6474,0,0
feature_drift-00560,feature_drift,train,39,252,66.19,1,0.5046,4,0.0789,0,1
feature_drift-00561,feature_drift,test,40,580,127.56,0,0.4772,4,0.3295,1,1
feature_drift-00562,feature_drift,test,34,379,200.0,3,0.1786,1,0.1644,0,1
feature_drift-00563,feature_drift,train,63,522,78.18,2,0.0976,3,0.7648,1,0
feature_drift-00564,feature_drift,test,63,163,147.78,1,0.3137,0,0.269,0,1
feature_drift-00565,feature_drift,train,47,506,55.66,1,0.2263,1,0.4963,1,1
feature_drift-00566,feature_drift,train,50,155,82.74,0,0.3911,3,0.3768,1,1
feature_drift-00567,feature_drift,train,54,47,94.55,2,0.4786,1,0.4074,0,1
feature_drift-00568,feature_drift,train,64,63,85.54,3,0.2521,1,0.3966,0,1
feature_drift-00569,feature_drift,train,23,872,129.69,2,0.2848,2,0.4475,1,1
feature_drift-00570,feature_drift,train,39,582,79.39,2,0.3087,2,0.364,1,1
feature_drift-00571,feature_drift,train,23,68,36.71,4,0.3181,4,0.8094,0,0
feature_drift-00572,feature_drift,train,37,389,89.81,3,0.0427,2,0.4051,1,1
feature_drift-00573,feature_drift,val,55,303,105.29,2,0.4631,0,0.1542,0,1
feature_drift-00574,feature_drift,val,36,265,56.57,0,0.1898,1,0.2105,0,1
feature_drift-00575,feature_drift,val,53,533,75.73,1,0.1683,1,0.3752,1,1
feature_drift-00576,feature_drift,train,32,403,109.88,2,0.0877,2,0.567,1,1
feature_drift-00577,feature_drift,train,24,24,68.17,0,0.2086,6,0.4032,1,1
feature_drift-00578,feature_drift,train,58,20,79.42,3,0.4184,2,0.6113,0,1
feature_drift-00579,feature_drift,train,72,851,40.46,1,0.4896,2,0.4754,0,0
feature_drift-00580,feature_drift,val,69,343,46.12,1,0.0895,1,0.1968,0,1
feature_drift-00581,feature_drift,train,19,96,54.95,2,0.4653,3,0.3147,1,1
feature_drift-00582,feature_drift,train,28,51,77.58,3,0.2009,0,0.4564,1,1
feature_drift-00583,feature_drift,train,51,22,78.33,2,0.2663,3,0.114,1,1
feature_drift-00584,feature_drift,train,20,650,104.35,3,0.1304,8,0.8057,1,0
feature_drift-00585,feature_drift,test,47,682,77.11,0,0.3197,2,0.4459,0,0
feature_drift-00586,feature_drift,train,21,1311,134.0,0,0.3321,2,0.3293,0,0
feature_drift-00587,feature_drift,val,68,432,101.37,2,0.2068,4,0.0357,1,1
feature_drift-00588,feature_drift,train,20,646,58.03,2,0.2899,2,0.6877,1,1
feature_drift-00589,feature_drift,train,56,625,81.42,2,0.0505,1,0.5396,1,1
feature_drift-00590,feature_drift,train,46,141,33.48,1,0.247,1,0.6029,1,1
feature_drift-00591,feature_drift,train,49,722,109.62,0,0.4095,1,0.5976,0,1
feature_drift-00592,feature_drift,val,62,35,67.89,1,0.2395,2,0.2692,0,1
feature_drift-00593,feature_drift,test,43,612,60.79,2,0.3655,4,0.3187,1,1
feature_drift-00594,feature_drift,train,37,109,87.64,1,0.1781,0,0.5074,0,1
feature_drift-00595,feature_drift,train,38,398,90.67,0,0.1072,1,0.1835,1,1
feature_drift-00596,feature_drift,train,41,856,79.59,1,0.3054,4,0.5161,0,0
feature_drift-00597,feature_drift,val,34,84,48.06,3,0.1645,1,0.5672,0,1
feature_drift-00598,feature_drift,test,69,728,93.0,2,0.2988,3,0.4258,1,1
feature_drift-00599,feature_drift,val,57,186,84.93,1,0.3511,2,0.4461,1,1
feature_drift-00600,feature_drift,train,71,1685,62.17,2,0.415,5,0.6689,1,0
feature_drift-00601,feature_drift,test,31,281,44.24,5,0.0703,2,0.389,0,1
feature_drift-00602,feature_drift,train,22,199,64.22,2,0.0624,5,0.3072,1,1
feature_drift-00603,feature_drift,train,74,63,61.15,1,0.3733,1,0.271,0,1
feature_drift-00604,feature_drift,val,32,1467,82.75,1,0.1831,2,0.466,0,1
feature_drift-00605,feature_drift,test,44,161,48.37,1,0.3076,2,0.3316,1,1
feature_drift-00606,feature_drift,train,75,29,61.37,4,0.2729,1,0.6508,0,1
feature_drift-00607,feature_drift,train,63,154,90.58,3,0.522,3,0.5585,1,1
feature_drift-00608,feature_drift,test,64,82,115.09,4,0.196,3,0.5426,0,1
feature_drift-00609,feature_drift,val,56,139,94.3,1,0.2346,2,0.6437,0,1
feature_drift-00610,feature_drift,train,70,592,79.78,1,0.1402,4,0.7371,0,1
feature_drift-00611,feature_drift,test,30,27,53.14,2,0.3619,1,0.4926,0,1
feature_drift-00612,feature_drift,train,64,134,72.23,2,0.1018,5,0.4891,1,1
feature_drift-00613,feature_drift,train,53,479,175.87,2,0.1291,2,0.1842,0,1
feature_drift-00614,feature_drift,test,42,1311,102.24,0,0.3352,3,0.2552,0,0
feature_drift-00615,feature_drift,train,28,249,115.54,2,0.3179,4,0.1729,0,1
feature_drift-00616,feature_drift,train,48,243,95.29,1,0.2638,3,0.5762,1,1
feature_drift-00617,feature_drift,val,24,827,66.99,1,0.3674,1,0.6304,1,1
feature_drift-00618,feature_drift,test,58,869,74.45,3,0.4104,2,0.1457,0,1
feature_drift-00619,feature_drift,test,57,76,136.86,2,0.1211,2,0.3588,0,1
feature_drift-00620,feature_drift,test,58,44,49.13,1,0.2742,0,0.7298,1,1
feature_drift-00621,feature_drift,val,18,156,168.8,1,0.3851,4,0.4929,1,1
feature_drift-00622,feature_drift,train,50,454,73.75,5,0.3293,1,0.1331,0,1
feature_drift-00623,feature_drift,train,71,340,94.99,0,0.2109,2,0.6236,0,1
feature_drift-00624,feature_drift,train,18,96,91.58,1,0.0574,2,0.4606,0,1
feature_drift-00625,feature_drift,train,67,152,74.54,1,0.248,0,0.2635,0,1
feature_drift-00626,feature_drift,test,74,245,28.18,2,0.1608,1,0.5171,0,1
feature_drift-00627,feature_drift,train,37,71,87.36,1,0.0696,1,0.4265,1,1
feature_drift-00628,feature_drift,train,38,162,129.14,0,0.4529,5,0.1688,0,1
feature_drift-00629,feature_drift,train,74,75,63.53,1,0.1027,0,0.3483,0,1
feature_drift-00630,feature_drift,train,21,490,86.69,0,0.1368,2,0.2043,0,1
feature_drift-00631,feature_drift,train,56,137,46.48,3,0.1616,2,0.0556,0,1
feature_drift-00632,feature_drift,train,55,141,122.24,2,0.2076,2,0.097,1,1
feature_drift-00633,feature_drift,val,64,581,106.0,3,0.0099,5,0.4375,0,1
feature_drift-00634,feature_drift,train,50,339,157.56,1,0.0912,5,0.3202,0,1
feature_drift-00635,feature_drift,train,31,925,92.12,3,0.0989,2,0.2623,1,1
feature_drift-00636,feature_drift,train,53,729,42.06,1,0.2054,0,0.4409,0,1
feature_drift-00637,feature_drift,train,51,924,37.89,0,0.4378,2,0.7096,0,0
feature_drift-00638,feature_drift,train,63,195,32.67,3,0.43,1,0.7006,1,1
feature_drift-00639,feature_drift,train,27,96,75.31,2,0.3183,1,0.3189,0,1
feature_drift-00640,feature_drift,train,23,289,83.13,1,0.2287,2,0.3303,0,1
feature_drift-00641,feature_drift,train,27,96,28.42,0,0.1367,1,0.0413,0,1
feature_drift-00642,feature_drift,test,70,533,69.93,4,0.0759,3,0.4125,0,1
feature_drift-00643,feature_drift,test,67,775,49.51,1,0.1739,1,0.3925,1,1
feature_drift-00644,feature_drift,train,61,96,43.65,2,0.4143,0,0.5296,1,1
feature_drift-00645,feature_drift,test,25,2562,50.8,4,0.5149,1,0.1706,0,1
feature_drift-00646,feature_drift,train,32,338,73.85,4,0.2261,4,0.3437,0,1
feature_drift-00647,feature_drift,train,27,36,73.62,1,0.3304,5,0.3922,1,1
feature_drift-00648,feature_drift,train,51,15,145.97,3,0.2529,1,0.7849,0,0
feature_drift-00649,feature_drift,train,26,46,91.57,0,0.3475,4,0.2988,1,1
feature_drift-00650,feature_drift,test,70,83,49.47,0,0.3424,5,0.4287,0,1
feature_drift-00651,feature_drift,train,42,472,59.44,1,0.3976,0,0.4648,1,1
feature_drift-00652,feature_drift,train,42,175,84.28,1,0.4592,1,0.0177,0,1
feature_drift-00653,feature_drift,train,39,85,57.4,4,0.2872,2,0.2726,0,1
feature_drift-00654,feature_drift,train,58,408,88.53,2,0.1187,1,0.6287,1,1
feature_drift-00655,feature_drift,train,71,170,49.09,4,0.0667,1,0.393,0,1
feature_drift-00656,feature_drift,train,60,225,156.91,1,0.3973,1,0.5667,0,1
feature_drift-00657,feature_drift,train,22,60,96.37,0,0.1043,2,0.4269,1,1
feature_drift-00658,feature_drift,test,65,345,72.8,3,0.1192,3,0.3186,0,1
feature_drift-00659,feature_drift,train,24,765,79.68,1,0.1665,2,0.5578,0,1
feature_drift-00660,feature_drift,val,46,734,91.23,1,0.2397,1,0.5089,0,1
feature_drift-00661,feature_drift,test,18,31,76.6,3,0.3694,5,0.6681,1,1
feature_drift-00662,feature_drift,val,54,40,124.65,1,0.2435,2,0.2994,0,1
feature_drift-00663,feature_drift,train,47,120,115.03,1,0.3365,1,0.68,1,1
feature_drift-00664,feature_drift,train,49,769,67.14,2,0.2778,1,0.4127,0,1
feature_drift-00665,feature_drift,train,31,172,103.64,3,0.147,2,0.0596,1,1
feature_drift-00666,feature_drift,train,44,13,72.56,1,0.346,2,0.6612,1,1
feature_drift-00667,feature_drift,val,23,113,95.48,3,0.5097,1,0.2144,0,1
feature_drift-00668,feature_drift,train,29,662,82.89,2,0.0983,3,0.3269,0,1
feature_drift-00669,feature_drift,train,36,1431,76.27,2,0.3762,0,0.5056,0,1
feature_drift-00670,feature_drift,test,43,99,65.89,1,0.0984,3,0.5708,0,1
feature_drift-00671,feature_drift,val,32,250,70.74,0,0.0702,0,0.2253,1,1
feature_drift-00672,feature_drift,train,41,36,51.05,1,0.1983,1,0.1627,1,1
feature_drift-00673,feature_drift,val,32,104,76.04,1,0.0684,1,0.6774,1,1
feature_drift-00674,feature_drift,val,30,289,127.92,2,0.2947,2,0.3668,0,1
feature_drift-00675,feature_drift,test,18,921,42.23,1,0.3934,3,0.3994,1,0
feature_drift-00676,feature_drift,test,19,199,69.17,0,0.1436,2,0.5209,1,1
feature_drift-00677,feature_drift,train,38,1041,95.62,0,0.1664,2,0.5996,1,1
feature_drift-00678,feature_drift,train,47,110,96.76,1,0.3132,2,0.43,0,1
feature_drift-00679,feature_drift,train,75,284,68.69,1,0.4033,2,0.4227,1,1
feature_drift-00680,feature_drift,val,52,65,118.05,1,0.4469,1,0.3333,1,1
feature_drift-00681,feature_drift,val,52,447,86.44,4,0.1619,2,0.4158,1,1
feature_drift-00682,feature_drift,train,71,859,69.38,1,0.0,3,0.1969,0,1
feature_drift-00683,feature_drift,val,32,161,47.07,2,0.2129,2,0.2895,0,1
feature_drift-00684,feature_drift,val,50,376,35.06,1,0.0401,1,0.2819,0,1
feature_drift-00685,feature_drift,train,67,573,198.74,1,0.2932,4,0.1684,1,1
feature_drift-00686,feature_drift,train,40,499,87.31,3,0.3958,3,0.2404,1,1
feature_drift-00687,feature_drift,test,33,105,44.21,2,0.331,4,0.4288,1,1
feature_drift-00688,feature_drift,test,18,90,61.04,0,0.1096,1,0.5325,1,1
feature_drift-00689,feature_drift,train,52,456,64.32,1,0.0,0,0.165,0,1
feature_drift-00690,feature_drift,train,23,71,36.76,2,0.0371,3,0.5207,1,1
feature_drift-00691,feature_drift,train,65,606,82.51,2,0.2853,3,0.3056,0,1
feature_drift-00692,feature_drift,val,32,172,59.54,0,0.511,1,0.5415,0,1
feature_drift-00693,feature_drift,train,62,241,41.51,2,0.123,2,0.3975,1,1
feature_drift-00694,feature_drift,train,43,802,131.41,2,0.2648,1,0.34,1,1
feature_drift-00695,feature_drift,train,53,43,155.38,2,0.0,4,0.6782,1,1
feature_drift-00696,feature_drift,train,27,356,28.46,2,0.4466,1,0.4309,0,1
feature_drift-00697,feature_drift,train,57,221,89.05,1,0.4092,2,0.4341,1,1
feature_drift-00698,feature_drift,train,68,15,32.63,6,0.41,2,0.3275,1,1
feature_drift-00699,feature_drift,test,72,71,71.96,2,0.1497,2,0.2248,1,1
feature_drift-00700,feature_drift,val,19,111,116.71,1,0.1497,1,0.4024,0,1
feature_drift-00701,feature_drift,val,56,1174,151.96,3,0.3208,2,0.8307,0,1
feature_drift-00702,feature_drift,train,52,640,96.79,2,0.3678,2,0.5028,0,1
feature_drift-00703,feature_drift,test,43,328,62.94,3,0.4476,1,0.4943,0,1
feature_drift-00704,feature_drift,train,58,35,72.94,1,0.2895,5,0.0512,0,1
feature_drift-00705,feature_drift,train,43,379,64.81,0,0.1294,0,0.3538,0,1
feature_drift-00706,feature_drift,test,36,497,59.18,1,0.2672,2,0.4935,0,1
feature_drift-00707,feature_drift,train,33,97,117.2,0,0.3142,2,0.3758,0,1
feature_drift-00708,feature_drift,train,50,396,110.77,0,0.1567,1,0.4112,0,1
feature_drift-00709,feature_drift,train,58,18,71.55,1,0.3952,2,0.5528,0,1
feature_drift-00710,feature_drift,test,62,65,118.68,1,0.3079,2,0.2374,0,1
feature_drift-00711,feature_drift,val,65,22,115.91,2,0.1694,0,0.4304,1,1
feature_drift-00712,feature_drift,train,63,1454,119.72,1,0.4469,2,0.5121,0,1
feature_drift-00713,feature_drift,train,31,351,69.18,1,0.3419,2,0.5715,1,0
feature_drift-00714,feature_drift,train,28,1146,87.97,0,0.1367,2,0.4102,0,0
feature_drift-00715,feature_drift,test,39,92,141.62,1,0.1807,4,0.3328,0,1
feature_drift-00716,feature_drift,train,60,543,179.72,0,0.3256,1,0.1458,1,1
feature_drift-00717,feature_drift,train,41,61,83.75,0,0.417,1,0.4377,1,1
feature_drift-00718,feature_drift,train,70,192,97.83,2,0.2348,2,0.1505,1,1
feature_drift-00719,feature_drift,val,29,116,110.03,2,0.3032,2,0.4677,0,1
feature_drift-00720,feature_drift,val,23,339,43.2,2,0.2348,1,0.0164,0,1
feature_drift-00721,feature_drift,train,59,699,93.94,0,0.3372,2,0.6415,1,1
feature_drift-00722,feature_drift,train,38,346,74.87,3,0.2371,2,0.3474,0,1
feature_drift-00723,feature_drift,train,56,930,144.01,1,0.2604,2,0.6136,1,1
feature_drift-00724,feature_drift,val,68,834,46.05,0,0.3505,2,0.2132,0,1
feature_drift-00725,feature_drift,val,20,112,93.9,0,0.3259,5,0.5851,0,1
feature_drift-00726,feature_drift,train,31,343,48.14,3,0.2156,4,0.4068,0,1
feature_drift-00727,feature_drift,train,63,295,61.48,2,0.1103,4,0.1276,0,1
feature_drift-00728,feature_drift,val,29,221,93.66,1,0.3935,3,0.3128,0,1
feature_drift-00729,feature_drift,train,73,36,26.23,1,0.0448,4,0.5299,1,1
feature_drift-00730,feature_drift,train,70,204,65.41,3,0.1553,2,0.2626,1,1
feature_drift-00731,feature_drift,val,67,70,83.96,1,0.0,2,0.4207,1,1
feature_drift-00732,feature_drift,train,58,44,49.84,3,0.0,4,0.1965,0,1
feature_drift-00733,feature_drift,train,44,214,56.27,3,0.3636,0,0.3632,1,1
feature_drift-00734,feature_drift,train,39,718,74.02,1,0.3315,1,0.0729,0,1
feature_drift-00735,feature_drift,val,24,91,117.94,2,0.3834,2,0.3701,0,1
feature_drift-00736,feature_drift,train,72,120,40.82,0,0.2549,1,0.4833,0,1
feature_drift-00737,feature_drift,train,18,92,107.69,0,0.237,1,0.3852,1,1
feature_drift-00738,feature_drift,train,66,903,73.46,1,0.0564,0,1.0,0,0
feature_drift-00739,feature_drift,val,55,418,80.99,4,0.2264,2,0.2455,1,1
feature_drift-00740,feature_drift,train,50,257,123.37,1,0.1799,1,0.5088,1,1
feature_drift-00741,feature_drift,test,61,183,154.97,0,0.2972,1,0.5071,0,1
feature_drift-00742,feature_drift,train,65,112,50.94,2,0.2049,5,0.4803,1,1
feature_drift-00743,feature_drift,train,59,676,160.01,0,0.2222,5,0.341,1,1
feature_drift-00744,feature_drift,train,52,279,50.29,3,0.3885,2,0.2317,0,1
feature_drift-00745,feature_drift,test,35,137,91.5,1,0.3483,3,0.5272,0,1
feature_drift-00746,feature_drift,train,51,302,135.35,0,0.3431,2,0.1978,0,1
feature_drift-00747,feature_drift,test,21,70,107.26,3,0.22,4,0.1835,0,1
feature_drift-00748,feature_drift,train,35,323,69.73,1,0.3304,2,0.4549,1,1
feature_drift-00749,feature_drift,train,60,128,77.18,0,0.2978,6,0.4398,1,1
feature_drift-00750,feature_drift,train,53,855,61.22,2,0.4538,3,0.1663,0,1
feature_drift-00751,feature_drift,train,34,430,57.19,3,0.0929,1,0.4453,0,1
feature_drift-00752,feature_drift,train,18,829,33.25,5,0.0396,1,0.6398,0,1
feature_drift-00753,feature_drift,test,33,448,83.06,2,0.5271,1,0.6418,0,1
feature_drift-00754,feature_drift,train,60,431,42.78,0,0.0616,3,0.0342,0,1
feature_drift-00755,feature_drift,train,22,108,131.51,2,0.0779,1,0.535,1,1
feature_drift-00756,feature_drift,train,64,562,98.59,1,0.4154,4,0.3971,1,1
feature_drift-00757,feature_drift,train,63,38,87.64,3,0.1197,3,0.5319,1,1
feature_drift-00758,feature_drift,val,28,22,94.49,2,0.0516,2,0.0696,1,1
feature_drift-00759,feature_drift,train,55,159,105.86,0,0.54,2,0.5864,0,0
feature_drift-00760,feature_drift,train,35,657,15.0,0,0.1099,3,0.4936,0,1
feature_drift-00761,feature_drift,train,26,280,200.0,2,0.3632,0,0.522,0,1
feature_drift-00762,feature_drift,train,30,483,138.32,4,0.296,2,0.4594,1,1
feature_drift-00763,feature_drift,test,60,227,42.7,4,0.2996,0,0.2314,0,1
feature_drift-00764,feature_drift,test,19,759,66.24,1,0.2877,1,0.4756,0,0
feature_drift-00765,feature_drift,train,24,222,83.61,0,0.4261,4,0.2142,0,1
feature_drift-00766,feature_drift,val,37,286,94.22,0,0.2527,1,0.3734,1,1
feature_drift-00767,feature_drift,train,63,424,50.06,0,0.1837,4,0.43,1,1
feature_drift-00768,feature_drift,train,42,57,127.83,2,0.311,2,0.3948,1,1
feature_drift-00769,feature_drift,train,70,207,85.73,1,0.0799,1,0.5771,0,1
feature_drift-00770,feature_drift,train,64,87,39.0,0,0.2856,0,0.5089,0,1
feature_drift-00771,feature_drift,train,65,479,97.5,1,0.2909,2,0.6196,0,0
feature_drift-00772,feature_drift,val,64,6,113.91,2,0.168,4,0.1545,1,1
feature_drift-00773,feature_drift,train,73,23,79.19,3,0.1789,2,0.0,1,1
feature_drift-00774,feature_drift,val,51,329,74.51,3,0.3114,4,0.444,0,1
feature_drift-00775,feature_drift,train,53,154,26.16,4,0.162,1,0.3333,1,1
feature_drift-00776,feature_drift,train,31,333,127.4,2,0.0,2,0.3111,0,1
feature_drift-00777,feature_drift,train,68,27,46.16,3,0.2454,2,0.1472,1,1
feature_drift-00778,feature_drift,test,61,339,134.19,2,0.2719,4,0.6878,1,0
feature_drift-00779,feature_drift,train,26,265,61.82,2,0.1565,1,0.2805,0,1
feature_drift-00780,feature_drift,train,22,727,73.01,0,0.5349,0,0.5419,0,1
feature_drift-00781,feature_drift,train,53,169,178.63,1,0.1652,2,0.414,0,1
feature_drift-00782,feature_drift,train,62,54,37.67,2,0.3712,0,0.5074,0,1
feature_drift-00783,feature_drift,train,71,583,77.88,1,0.0372,1,0.2127,1,1
feature_drift-00784,feature_drift,train,35,31,41.41,3,0.4663,1,0.3633,0,1
feature_drift-00785,feature_drift,train,30,487,90.93,3,0.0,1,0.0177,0,1
feature_drift-00786,feature_drift,train,75,939,133.02,1,0.0,2,0.5825,1,1
feature_drift-00787,feature_drift,val,68,475,70.92,1,0.2539,2,0.3675,0,1
feature_drift-00788,feature_drift,test,34,40,48.85,1,0.2719,3,0.5388,0,1
feature_drift-00789,feature_drift,train,72,74,68.75,0,0.2545,0,0.3655,1,1
feature_drift-00790,feature_drift,val,35,302,40.19,2,0.2803,2,0.0162,0,1
feature_drift-00791,feature_drift,train,73,24,35.35,2,0.3461,2,0.5432,1,1
feature_drift-00792,feature_drift,train,68,288,65.15,3,0.1239,1,0.3969,0,1
feature_drift-00793,feature_drift,train,54,239,116.51,2,0.4155,1,0.243,1,1
feature_drift-00794,feature_drift,test,33,327,56.49,1,0.1634,0,0.4707,1,1
feature_drift-00795,feature_drift,test,55,93,80.92,0,0.0292,2,0.6445,1,1
feature_drift-00796,feature_drift,train,70,60,68.11,2,0.2553,4,0.3966,0,1
feature_drift-00797,feature_drift,train,73,18,65.53,2,0.1528,6,0.171,0,1
feature_drift-00798,feature_drift,train,19,208,59.46,2,0.2563,3,0.3606,0,1
feature_drift-00799,feature_drift,train,73,174,114.61,1,0.5254,2,0.1707,0,1
feature_drift-00800,feature_drift,val,74,350,125.91,1,0.2744,1,0.3195,0,1
feature_drift-00801,feature_drift,test,39,79,85.44,2,0.2192,2,0.321,0,1
feature_drift-00802,feature_drift,test,66,19,120.26,1,0.2833,2,0.4083,1,1
feature_drift-00803,feature_drift,train,61,483,24.54,0,0.31,2,0.3461,1,1
feature_drift-00804,feature_drift,val,41,55,52.8,1,0.1407,2,0.409,0,1
feature_drift-00805,feature_drift,train,70,778,55.8,1,0.1517,2,0.458,0,0
feature_drift-00806,feature_drift,test,65,98,67.09,0,0.4176,2,0.4441,0,1
feature_drift-00807,feature_drift,train,29,53,88.62,2,0.5325,1,0.3617,0,1
feature_drift-00808,feature_drift,train,70,1207,55.52,3,0.1811,2,0.4076,1,1
feature_drift-00809,feature_drift,train,55,1068,52.15,1,0.0,1,0.2276,0,1
feature_drift-00810,feature_drift,train,68,655,72.24,2,0.2678,1,0.2044,0,1
feature_drift-00811,feature_drift,train,73,523,57.23,3,0.2117,5,0.4921,1,0
feature_drift-00812,feature_drift,train,29,374,130.23,0,0.4143,3,0.3374,0,1
feature_drift-00813,feature_drift,train,66,130,52.83,3,0.3619,1,0.2731,1,1
feature_drift-00814,feature_drift,train,19,358,111.09,3,0.4298,2,0.4041,0,1
feature_drift-00815,feature_drift,test,35,1,48.58,3,0.2271,2,0.2917,0,1
feature_drift-00816,feature_drift,train,43,724,48.87,2,0.0595,2,0.4106,1,1
feature_drift-00817,feature_drift,train,53,1538,145.04,2,0.108,0,0.7663,0,0
feature_drift-00818,feature_drift,val,74,685,63.45,2,0.1962,0,0.544,0,0
feature_drift-00819,feature_drift,train,71,4,51.28,3,0.4047,0,0.2968,0,1
feature_drift-00820,feature_drift,val,45,109,100.44,1,0.1151,2,0.4599,0,1
feature_drift-00821,feature_drift,train,55,108,66.98,2,0.5671,3,0.3163,1,1
feature_drift-00822,feature_drift,test,42,360,54.46,1,0.3297,1,0.5233,1,1
feature_drift-00823,feature_drift,train,19,1598,177.56,1,0.0,2,0.5446,0,1
feature_drift-00824,feature_drift,train,39,55,49.39,1,0.569,0,0.5156,1,1
feature_drift-00825,feature_drift,train,25,436,55.99,3,0.2972,3,0.6148,1,1
feature_drift-00826,feature_drift,train,53,1062,53.38,1,0.4212,1,0.3906,0,1
feature_drift-00827,feature_drift,train,72,40,43.55,2,0.1674,2,0.5001,1,1
feature_drift-00828,feature_drift,test,68,304,102.94,1,0.0734,4,0.313,1,1
feature_drift-00829,feature_drift,train,35,137,28.29,1,0.2197,2,0.1677,0,1
feature_drift-00830,feature_drift,train,66,102,57.39,0,0.4535,2,0.5081,0,1
feature_drift-00831,feature_drift,train,19,358,47.82,1,0.0,0,0.116,1,1
feature_drift-00832,feature_drift,train,18,203,81.96,5,0.132,1,0.5076,0,1
feature_drift-00833,feature_drift,train,64,320,110.44,3,0.1037,5,0.4517,0,1
feature_drift-00834,feature_drift,train,40,451,55.35,1,0.3497,1,0.5146,0,1
feature_drift-00835,feature_drift,train,35,258,59.93,4,0.4175,4,0.3852,0,1
feature_drift-00836,feature_drift,val,20,878,101.87,0,0.1659,5,0.2112,1,1
feature_drift-00837,feature_drift,train,21,850,112.35,0,0.2645,2,0.3748,1,1
feature_drift-00838,feature_drift,train,38,2010,74.24,2,0.0495,2,0.4692,1,0
feature_drift-00839,feature_drift,test,63,1340,107.47,2,0.3804,2,0.3141,1,1
feature_drift-00840,feature_drift,train,25,828,56.22,2,0.0,1,0.5785,0,1
feature_drift-00841,feature_drift,train,69,200,63.24,3,0.1318,2,0.8565,1,1
feature_drift-00842,feature_drift,train,25,959,89.15,0,0.2064,0,0.5812,0,0
feature_drift-00843,feature_drift,train,69,173,171.25,2,0.2472,1,0.603,0,1
feature_drift-00844,feature_drift,val,58,369,65.15,2,0.5928,0,0.1016,1,1
feature_drift-00845,feature_drift,train,48,1357,78.63,2,0.3359,2,0.383,0,0
feature_drift-00846,feature_drift,val,35,197,90.52,2,0.2016,0,0.0571,0,1
feature_drift-00847,feature_drift,train,72,288,86.17,3,0.4594,3,0.2533,0,1
feature_drift-00848,feature_drift,test,35,142,38.23,1,0.4407,3,0.1287,1,1
feature_drift-00849,feature_drift,train,26,1087,97.97,1,0.291,3,0.4781,0,0
feature_drift-00850,feature_drift,train,53,487,55.43,1,0.2108,2,0.3011,0,1
feature_drift-00851,feature_drift,train,71,299,97.51,0,0.6071,3,0.3012,0,1
feature_drift-00852,feature_drift,train,44,85,80.18,1,0.0583,2,0.3011,0,1
feature_drift-00853,feature_drift,train,54,296,55.68,5,0.3096,4,0.3804,1,1
feature_drift-00854,feature_drift,train,30,1043,124.98,3,0.2577,4,0.227,0,1
feature_drift-00855,feature_drift,train,64,644,91.28,2,0.2045,2,0.4277,1,1
feature_drift-00856,feature_drift,train,26,486,100.22,1,0.2519,3,0.3454,0,1
feature_drift-00857,feature_drift,train,58,66,70.67,1,0.1237,2,0.1977,0,1
feature_drift-00858,feature_drift,val,21,342,163.53,2,0.1557,1,0.4175,0,1
feature_drift-00859,feature_drift,train,29,133,97.19,1,0.2271,2,0.0773,1,1
feature_drift-00860,feature_drift,train,73,599,166.22,2,0.0986,7,0.4876,0,1
feature_drift-00861,feature_drift,test,66,538,76.63,1,0.3639,1,0.2412,0,1
feature_drift-00862,feature_drift,train,46,1073,75.91,3,0.3306,2,0.6494,0,0
feature_drift-00863,feature_drift,train,42,713,103.17,3,0.1509,1,0.1165,0,1
feature_drift-00864,feature_drift,val,47,544,62.3,1,0.1174,2,0.5289,0,1
feature_drift-00865,feature_drift,test,45,146,85.78,3,0.2056,3,0.467,0,1
feature_drift-00866,feature_drift,train,48,636,30.4,2,0.0262,3,0.4735,1,1
feature_drift-00867,feature_drift,train,48,203,67.49,1,0.1831,2,0.2055,1,1
feature_drift-00868,feature_drift,train,59,636,121.92,1,0.1577,2,0.3568,0,1
feature_drift-00869,feature_drift,test,45,875,62.68,0,0.2909,2,0.334,0,1
feature_drift-00870,feature_drift,train,74,44,107.4,1,0.3862,3,0.2428,0,1
feature_drift-00871,feature_drift,train,64,50,119.46,0,0.3202,2,0.325,0,1
feature_drift-00872,feature_drift,train,32,672,59.99,3,0.3674,2,0.4189,0,1
feature_drift-00873,feature_drift,test,75,56,106.16,3,0.1099,1,0.3887,1,1
feature_drift-00874,feature_drift,train,18,246,58.92,1,0.3164,4,0.3478,0,1
feature_drift-00875,feature_drift,train,75,634,41.22,2,0.0,0,0.2692,1,1
feature_drift-00876,feature_drift,train,48,97,107.64,0,0.0801,2,0.0227,1,1
feature_drift-00877,feature_drift,train,37,383,91.84,2,0.3583,6,0.2954,0,1
feature_drift-00878,feature_drift,train,59,522,92.34,3,0.1654,3,0.4635,0,1
feature_drift-00879,feature_drift,train,37,338,42.3,1,0.0968,2,0.1853,0,1
feature_drift-00880,feature_drift,train,43,528,84.24,4,0.0771,5,0.3049,0,1
feature_drift-00881,feature_drift,train,56,19,64.58,1,0.1489,3,0.2799,0,1
feature_drift-00882,feature_drift,val,32,109,51.96,0,0.2371,4,0.5002,1,1
feature_drift-00883,feature_drift,val,26,12,89.88,1,0.4718,1,0.5244,0,1
feature_drift-00884,feature_drift,train,48,283,130.74,0,0.1096,1,0.3799,1,1
feature_drift-00885,feature_drift,train,59,539,30.03,2,0.1287,1,0.2316,0,1
feature_drift-00886,feature_drift,train,61,133,62.08,1,0.3687,2,0.6152,0,0
feature_drift-00887,feature_drift,train,28,296,98.14,2,0.1964,3,0.4516,0,1
feature_drift-00888,feature_drift,test,44,96,102.93,0,0.047,1,0.0,0,1
feature_drift-00889,feature_drift,train,67,176,56.86,3,0.3141,2,0.4191,0,1
feature_drift-00890,feature_drift,test,74,302,143.89,1,0.0,3,0.2927,0,1
feature_drift-00891,feature_drift,train,64,804,21.77,0,0.2359,2,0.1707,0,1
feature_drift-00892,feature_drift,train,52,176,70.19,1,0.1499,4,0.3032,0,1
feature_drift-00893,feature_drift,train,32,173,65.42,0,0.4775,2,0.4144,1,1
feature_drift-00894,feature_drift,train,47,19,42.6,1,0.4591,1,0.4908,0,1
feature_drift-00895,feature_drift,train,60,474,82.25,2,0.1849,4,0.3355,0,1
feature_drift-00896,feature_drift,train,23,196,122.0,1,0.0359,2,0.4781,0,1
feature_drift-00897,feature_drift,train,24,6,89.41,0,0.3852,4,0.129,0,1
feature_drift-00898,feature_drift,test,49,1978,40.17,0,0.1906,3,0.3217,1,0
feature_drift-00899,feature_drift,train,71,1377,118.6,0,0.2553,1,0.6382,0,0
feature_drift-00900,feature_drift,train,23,1028,69.96,2,0.2637,2,0.13,1,1
feature_drift-00901,feature_drift,test,26,419,76.26,4,0.0176,4,0.2891,0,1
feature_drift-00902,feature_drift,train,21,860,70.76,1,0.3983,3,0.5609,1,0
feature_drift-00903,feature_drift,train,32,649,94.56,3,0.463,6,0.2227,0,1
feature_drift-00904,feature_drift,train,65,1160,56.52,1,0.0675,1,0.5188,0,0
feature_drift-00905,feature_drift,test,40,255,160.87,0,0.2103,3,0.3197,1,1
feature_drift-00906,feature_drift,train,68,195,118.94,1,0.1626,3,0.5369,0,1
feature_drift-00907,feature_drift,train,23,89,48.58,2,0.3345,2,0.5968,1,1
feature_drift-00908,feature_drift,train,46,36,94.19,1,0.1204,5,0.4115,0,1
feature_drift-00909,feature_drift,train,33,134,73.28,1,0.2602,0,0.3906,0,1
feature_drift-00910,feature_drift,train,33,621,97.93,3,0.2431,3,0.346,1,1
feature_drift-00911,feature_drift,test,30,833,192.16,0,0.2968,0,0.2841,1,1
feature_drift-00912,feature_drift,val,32,485,73.57,0,0.3565,2,0.3967,0,1
feature_drift-00913,feature_drift,val,66,163,83.58,2,0.1606,3,0.2352,1,1
feature_drift-00914,feature_drift,train,59,372,62.06,1,0.1514,0,0.5639,0,1
feature_drift-00915,feature_drift,test,44,360,92.13,1,0.1586,0,0.4458,1,1
feature_drift-00916,feature_drift,train,18,431,89.6,1,0.2962,0,0.2905,0,1
feature_drift-00917,feature_drift,test,54,5,70.93,0,0.4932,1,0.2315,0,1
feature_drift-00918,feature_drift,val,54,167,70.62,2,0.1075,1,0.7176,1,1
feature_drift-00919,feature_drift,val,36,296,200.0,2,0.3452,0,0.6985,0,1
feature_drift-00920,feature_drift,train,44,710,79.52,2,0.5038,3,0.3536,1,1
feature_drift-00921,feature_drift,test,35,395,64.59,0,0.1281,2,0.5448,0,0
feature_drift-00922,feature_drift,train,71,86,94.14,1,0.0,0,0.3581,0,1
feature_drift-00923,feature_drift,train,68,708,96.67,2,0.3346,2,0.4063,1,1
feature_drift-00924,feature_drift,train,61,61,105.97,2,0.4672,5,0.5527,0,1
feature_drift-00925,feature_drift,train,33,123,68.57,0,0.1268,0,0.2581,1,1
feature_drift-00926,feature_drift,val,39,220,96.28,2,0.2995,2,0.2493,1,1
feature_drift-00927,feature_drift,test,39,59,70.11,2,0.3749,1,0.6227,0,1
feature_drift-00928,feature_drift,train,55,618,57.14,1,0.1792,1,0.0832,1,1
feature_drift-00929,feature_drift,train,29,51,90.02,1,0.0783,1,0.4312,0,1
feature_drift-00930,feature_drift,train,25,356,56.67,1,0.7187,2,0.4679,0,1
feature_drift-00931,feature_drift,val,22,393,67.5,4,0.0,1,0.2749,0,1
feature_drift-00932,feature_drift,train,21,62,47.35,1,0.3737,1,0.6898,1,1
feature_drift-00933,feature_drift,test,68,150,114.6,0,0.2407,0,0.5962,0,1
feature_drift-00934,feature_drift,train,61,136,49.26,3,0.1284,3,0.8792,1,1
feature_drift-00935,feature_drift,train,36,233,78.81,2,0.2738,2,0.595,0,1
feature_drift-00936,feature_drift,train,53,499,75.85,1,0.1261,1,0.7854,1,1
feature_drift-00937,feature_drift,test,73,5,99.34,2,0.2771,0,0.2036,1,1
feature_drift-00938,feature_drift,train,37,569,41.84,0,0.3669,2,0.5416,1,1
feature_drift-00939,feature_drift,train,43,25,119.75,3,0.4206,3,0.5171,1,1
feature_drift-00940,feature_drift,train,58,541,89.57,2,0.1476,0,0.7063,1,1
feature_drift-00941,feature_drift,train,27,521,125.99,0,0.3733,2,0.4849,0,1
feature_drift-00942,feature_drift,train,69,55,61.95,2,0.1506,2,0.6611,1,1
feature_drift-00943,feature_drift,train,37,147,39.52,2,0.2578,2,0.52,1,1
feature_drift-00944,feature_drift,train,29,349,77.51,4,0.0606,0,0.6637,0,1
feature_drift-00945,feature_drift,test,18,229,30.58,0,0.251,2,0.244,0,1
feature_drift-00946,feature_drift,train,46,104,57.48,1,0.0,2,0.3263,1,1
feature_drift-00947,feature_drift,train,38,96,118.18,5,0.2103,2,0.2109,0,1
feature_drift-00948,feature_drift,train,24,262,74.06,3,0.115,6,0.1791,1,1
feature_drift-00949,feature_drift,val,48,58,111.48,2,0.2498,3,0.3134,0,1
feature_drift-00950,feature_drift,train,35,168,63.84,0,0.0913,3,0.5149,0,0
feature_drift-00951,feature_drift,train,72,535,158.72,3,0.3497,2,0.3995,0,1
feature_drift-00952,feature_drift,test,33,785,151.01,2,0.4763,2,0.3215,0,1
feature_drift-00953,feature_drift,train,24,259,102.1,1,0.4269,2,0.3069,1,1
feature_drift-00954,feature_drift,train,49,217,91.19,2,0.2475,1,0.343,0,1
feature_drift-00955,feature_drift,train,36,939,57.97,3,0.1067,1,0.3657,0,1
feature_drift-00956,feature_drift,train,65,2124,34.39,1,0.2761,3,0.5029,0,0
feature_drift-00957,feature_drift,train,19,235,34.05,3,0.2115,3,0.5123,0,1
feature_drift-00958,feature_drift,val,21,168,101.38,4,0.3428,1,0.0722,0,1
feature_drift-00959,feature_drift,train,41,63,100.11,1,0.1165,1,0.5339,1,1
feature_drift-00960,feature_drift,train,36,89,88.77,0,0.4486,1,0.5191,1,1
feature_drift-00961,feature_drift,train,75,661,81.3,0,0.6211,1,0.4644,0,0
feature_drift-00962,feature_drift,train,23,341,94.15,2,0.2451,1,0.4382,0,1
feature_drift-00963,feature_drift,train,62,338,37.8,0,0.5946,2,0.6136,1,1
feature_drift-00964,feature_drift,train,22,52,74.36,1,0.2498,4,0.4086,1,1
feature_drift-00965,feature_drift,train,42,220,83.76,2,0.1364,2,0.3305,0,1
feature_drift-00966,feature_drift,train,41,80,109.96,0,0.2994,3,0.2584,0,1
feature_drift-00967,feature_drift,val,75,885,73.72,2,0.4622,2,0.3282,1,1
feature_drift-00968,feature_drift,train,32,49,52.53,1,0.5068,5,0.4672,0,1
feature_drift-00969,feature_drift,val,55,443,93.17,2,0.0,3,0.4217,1,1
feature_drift-00970,feature_drift,test,67,185,83.81,2,0.1078,0,0.3232,1,1
feature_drift-00971,feature_drift,test,51,1158,33.36,2,0.0845,2,0.1956,1,1
feature_drift-00972,feature_drift,train,46,1098,34.39,3,0.0,2,0.5065,0,1
feature_drift-00973,feature_drift,train,30,882,82.77,4,0.1175,3,0.5572,0,1
feature_drift-00974,feature_drift,val,35,462,29.5,4,0.2056,2,0.4504,0,1
feature_drift-00975,feature_drift,train,56,284,81.33,1,0.0649,1,0.0624,0,1
feature_drift-00976,feature_drift,train,47,245,35.74,2,0.1237,3,0.4292,1,1
feature_drift-00977,feature_drift,train,28,512,97.79,2,0.1335,5,0.5583,0,1
feature_drift-00978,feature_drift,train,35,89,43.48,1,0.4416,0,0.2666,1,1
feature_drift-00979,feature_drift,train,27,54,69.72,1,0.2505,1,0.2119,1,1
feature_drift-00980,feature_drift,train,64,96,66.21,0,0.1655,3,0.4974,0,1
feature_drift-00981,feature_drift,val,18,8,83.57,2,0.2174,2,0.4222,0,1
feature_drift-00982,feature_drift,val,20,686,102.29,3,0.4708,2,0.6545,1,1
feature_drift-00983,feature_drift,test,55,536,44.02,0,0.2751,0,0.6164,1,0
feature_drift-00984,feature_drift,train,53,407,42.19,2,0.4717,2,0.411,0,1
feature_drift-00985,feature_drift,train,60,1,42.43,3,0.4003,3,0.5372,0,1
feature_drift-00986,feature_drift,test,19,599,54.45,1,0.0,1,0.3071,0,1
feature_drift-00987,feature_drift,train,42,749,67.47,0,0.0857,1,0.6525,0,0
feature_drift-00988,feature_drift,train,42,330,101.02,1,0.0656,2,0.4003,1,1
feature_drift-00989,feature_drift,train,51,637,35.23,1,0.5566,5,0.3367,1,1
feature_drift-00990,feature_drift,train,48,449,137.05,2,0.1488,3,0.6216,0,1
feature_drift-00991,feature_drift,test,70,208,43.09,1,0.3358,2,0.2983,0,0
feature_drift-00992,feature_drift,train,24,315,59.6,2,0.0,3,0.029,1,1
feature_drift-00993,feature_drift,train,55,1066,116.95,3,0.2518,2,0.4382,0,1
feature_drift-00994,feature_drift,train,64,1040,36.72,2,0.5141,0,0.3444,1,1
feature_drift-00995,feature_drift,train,29,49,63.74,2,0.0,4,0.2075,0,1
feature_drift-00996,feature_drift,train,43,1060,124.14,3,0.5326,2,0.3986,0,1
feature_drift-00997,feature_drift,train,50,322,119.82,2,0.1465,4,0.6215,1,1
feature_drift-00998,feature_drift,train,63,82,42.68,0,0.2706,2,0.6816,0,0
feature_drift-00999,feature_drift,train,40,48,58.86,2,0.3648,2,0.2802,0,1
feature_drift-01000,feature_drift,train,34,125,96.29,4,0.0674,0,0.5125,0,1
feature_drift-01001,feature_drift,val,49,399,112.62,1,0.4484,0,0.3794,0,1
feature_drift-01002,feature_drift,train,45,10,61.78,1,0.0078,5,0.1947,0,1
feature_drift-01003,feature_drift,train,59,279,106.29,0,0.1293,4,0.1302,0,1
feature_drift-01004,feature_drift,test,26,26,109.91,2,0.3312,2,0.4941,0,1
feature_drift-01005,feature_drift,val,44,434,89.66,2,0.1276,4,0.1631,1,1
feature_drift-01006,feature_drift,train,56,432,103.08,1,0.5747,1,0.4743,0,1
feature_drift-01007,feature_drift,train,26,626,127.52,0,0.1767,1,0.6838,1,1
feature_drift-01008,feature_drift,test,26,119,85.24,2,0.0439,1,0.5328,1,1
feature_drift-01009,feature_drift,train,51,486,17.01,2,0.1149,4,0.4802,1,1
feature_drift-01010,feature_drift,val,50,27,77.36,0,0.2735,1,0.6398,1,1
feature_drift-01011,feature_drift,train,44,63,96.78,3,0.1095,2,0.3115,0,1
feature_drift-01012,feature_drift,train,55,415,88.82,2,0.1541,3,0.4132,1,1
feature_drift-01013,feature_drift,train,30,894,134.7,3,0.4245,1,0.5212,1,1
feature_drift-01014,feature_drift,train,42,876,110.9,3,0.1981,2,0.3921,1,1
feature_drift-01015,feature_drift,test,57,5,29.22,1,0.0036,2,0.557,1,1
feature_drift-01016,feature_drift,train,65,880,67.74,3,0.235,4,0.246,1,1
feature_drift-01017,feature_drift,train,64,40,84.75,1,0.2616,0,0.1633,0,1
feature_drift-01018,feature_drift,val,75,227,95.9,1,0.0453,3,0.3751,1,1
feature_drift-01019,feature_drift,train,75,164,163.38,0,0.1567,2,0.2626,0,1
feature_drift-01020,feature_drift,train,62,319,77.11,0,0.0,4,0.3064,1,1
feature_drift-01021,feature_drift,train,75,568,87.95,3,0.1791,3,0.3154,0,1
feature_drift-01022,feature_drift,test,27,114,65.28,3,0.0,2,0.2143,1,1
feature_drift-01023,feature_drift,test,31,299,173.33,1,0.2206,2,0.3361,0,1
feature_drift-01024,feature_drift,train,26,40,93.88,5,0.0,2,0.5457,1,1
feature_drift-01025,feature_drift,train,55,113,43.78,2,0.0,0,0.1385,1,1
feature_drift-01026,feature_drift,train,31,1814,32.99,1,0.0928,1,0.504,0,0
feature_drift-01027,feature_drift,test,40,476,89.38,2,0.2229,3,0.3073,0,1
feature_drift-01028,feature_drift,val,39,180,29.45,1,0.1748,2,0.4993,0,1
feature_drift-01029,feature_drift,train,32,896,133.34,3,0.2485,2,0.4355,0,1
feature_drift-01030,feature_drift,val,57,794,67.06,1,0.1698,4,0.6002,0,0
feature_drift-01031,feature_drift,train,64,33,113.56,1,0.197,1,0.6779,1,1
feature_drift-01032,feature_drift,train,71,408,77.05,3,0.189,1,0.5216,1,1
feature_drift-01033,feature_drift,train,35,81,71.41,2,0.2177,3,0.2638,1,1
feature_drift-01034,feature_drift,train,54,727,77.59,1,0.2696,2,0.1891,0,1
feature_drift-01035,feature_drift,train,57,16,63.0,1,0.074,4,0.0408,0,1
feature_drift-01036,feature_drift,train,75,357,96.79,1,0.3453,5,0.2983,1,1
feature_drift-01037,feature_drift,train,30,410,71.16,1,0.1841,4,0.2092,0,1
feature_drift-01038,feature_drift,train,62,367,53.86,1,0.3578,2,0.2786,1,1
feature_drift-01039,feature_drift,train,63,1125,68.27,1,0.0133,4,0.6315,0,0
feature_drift-01040,feature_drift,train,42,493,46.43,1,0.0,0,0.7374,1,1
feature_drift-01041,feature_drift,train,61,343,93.47,1,0.0,1,0.459,0,1
feature_drift-01042,feature_drift,train,19,552,35.32,0,0.4909,2,0.359,1,0
feature_drift-01043,feature_drift,train,37,1125,37.86,2,0.5566,5,0.294,0,0
feature_drift-01044,feature_drift,train,70,6,52.11,3,0.0,3,0.8345,0,1
feature_drift-01045,feature_drift,train,66,1462,84.37,0,0.1555,1,0.702,1,0
feature_drift-01046,feature_drift,train,60,397,73.0,1,0.2617,3,0.6072,1,1
feature_drift-01047,feature_drift,train,60,761,71.76,2,0.4013,1,0.3526,0,1
feature_drift-01048,feature_drift,test,28,696,116.65,4,0.4563,1,0.7561,1,1
feature_drift-01049,feature_drift,train,42,404,103.47,2,0.266,1,0.183,0,1
feature_drift-01050,feature_drift,val,28,883,43.67,0,0.3189,1,0.1873,0,1
feature_drift-01051,feature_drift,train,61,973,59.0,3,0.1223,0,0.5474,0,1
feature_drift-01052,feature_drift,train,41,8,81.16,1,0.451,3,0.3745,0,1
feature_drift-01053,feature_drift,train,51,658,38.26,0,0.2395,4,0.4091,1,0
feature_drift-01054,feature_drift,train,35,579,77.04,0,0.4502,0,0.4302,0,0
feature_drift-01055,feature_drift,train,33,399,65.34,4,0.1989,3,0.3145,1,1
feature_drift-01056,feature_drift,test,44,804,78.55,0,0.2976,1,0.2799,0,1
feature_drift-01057,feature_drift,train,65,15,128.96,1,0.1777,3,0.5877,0,1
feature_drift-01058,feature_drift,train,61,50,98.16,0,0.3267,2,0.6481,0,1
feature_drift-01059,feature_drift,val,20,71,87.15,2,0.334,1,0.4084,0,1
feature_drift-01060,feature_drift,train,39,716,79.25,2,0.1508,1,0.1608,0,1
feature_drift-01061,feature_drift,train,46,1056,83.3,3,0.0607,3,0.3788,1,1
feature_drift-01062,feature_drift,test,34,33,92.91,1,0.2716,2,0.6423,0,1
feature_drift-01063,feature_drift,train,73,1080,117.34,1,0.3611,0,0.4449,1,1
feature_drift-01064,feature_drift,train,25,1108,91.01,1,0.1991,4,0.5031,0,1
feature_drift-01065,feature_drift,test,71,296,134.81,2,0.0,1,0.6142,1,1
feature_drift-01066,feature_drift,train,48,527,115.21,2,0.1317,2,0.3086,1,1
feature_drift-01067,feature_drift,test,33,548,87.61,1,0.3086,2,0.4949,1,1
feature_drift-01068,feature_drift,test,34,554,131.66,3,0.2925,3,0.3002,1,1
feature_drift-01069,feature_drift,train,37,203,136.66,1,0.1329,3,0.5841,0,1
feature_drift-01070,feature_drift,train,25,25,22.02,0,0.3145,5,0.5892,0,1
feature_drift-01071,feature_drift,train,28,1571,49.36,5,0.3699,3,0.2232,0,1
feature_drift-01072,feature_drift,train,33,695,32.84,2,0.1937,0,0.4635,1,1
feature_drift-01073,feature_drift,train,75,187,140.57,0,0.1583,1,0.4288,0,1
feature_drift-01074,feature_drift,train,28,430,56.76,0,0.1979,0,0.0039,0,1
feature_drift-01075,feature_drift,train,27,20,68.12,1,0.2116,2,0.0027,0,1
feature_drift-01076,feature_drift,train,57,982,129.15,0,0.5297,4,0.6305,1,0
feature_drift-01077,feature_drift,train,18,20,127.76,1,0.3053,2,0.4095,0,1
feature_drift-01078,feature_drift,train,45,497,78.35,1,0.1767,2,0.6663,0,0
feature_drift-01079,feature_drift,train,39,175,39.43,2,0.13,3,0.2954,1,1
feature_drift-01080,feature_drift,train,31,76,42.03,2,0.1638,5,0.2263,0,1
feature_drift-01081,feature_drift,test,69,170,72.25,3,0.4333,3,0.4202,1,1
feature_drift-01082,feature_drift,train,74,946,113.38,3,0.2591,0,0.4065,0,1
feature_drift-01083,feature_drift,train,41,1086,94.51,3,0.4124,0,0.2098,0,1
feature_drift-01084,feature_drift,train,66,451,99.78,1,0.3172,2,0.1814,0,1
feature_drift-01085,feature_drift,train,32,994,79.88,2,0.1911,1,0.2816,0,1
feature_drift-01086,feature_drift,train,49,83,63.44,2,0.1787,3,0.0,0,1
feature_drift-01087,feature_drift,train,32,965,114.68,1,0.5017,2,0.6301,0,0
feature_drift-01088,feature_drift,train,63,876,74.21,1,0.1895,3,0.4341,0,1
feature_drift-01089,feature_drift,test,22,93,186.04,1,0.2981,1,0.3324,0,1
feature_drift-01090,feature_drift,test,66,132,34.52,0,0.1602,1,0.5661,0,1
feature_drift-01091,feature_drift,test,33,71,113.07,3,0.52,2,0.5256,1,1
feature_drift-01092,feature_drift,train,30,974,110.32,2,0.574,3,0.1293,1,1
feature_drift-01093,feature_drift,train,58,159,54.09,1,0.1876,3,0.4643,0,1
feature_drift-01094,feature_drift,train,63,1673,155.21,1,0.4681,2,0.3503,1,1
feature_drift-01095,feature_drift,train,38,617,131.26,2,0.0195,3,0.4246,0,1
feature_drift-01096,feature_drift,train,51,357,66.75,1,0.4047,3,0.5778,0,1
feature_drift-01097,feature_drift,train,52,449,60.21,0,0.5321,4,0.3743,0,0
feature_drift-01098,feature_drift,test,22,6,65.58,4,0.1715,5,0.1951,0,1
feature_drift-01099,feature_drift,test,21,707,56.75,0,0.4018,2,0.309,1,1
feature_drift-01100,feature_drift,val,22,244,76.89,1,0.2125,3,0.5689,1,1
feature_drift-01101,feature_drift,train,23,606,84.05,0,0.3297,4,0.8423,1,0
feature_drift-01102,feature_drift,train,61,399,67.79,2,0.4355,1,0.3602,0,1
feature_drift-01103,feature_drift,train,29,1261,102.42,1,0.2802,0,0.6017,0,1
feature_drift-01104,feature_drift,train,35,620,81.64,1,0.2737,3,0.2801,1,1
feature_drift-01105,feature_drift,test,75,1025,88.82,1,0.0716,1,0.2637,0,1
feature_drift-01106,feature_drift,train,67,536,93.65,1,0.4616,1,0.521,0,1
feature_drift-01107,feature_drift,train,36,291,80.03,2,0.4376,2,0.3255,1,1
feature_drift-01108,feature_drift,train,58,280,75.48,2,0.2071,5,0.2698,0,1
feature_drift-01109,feature_drift,val,54,6,88.71,1,0.2807,3,0.0146,1,1
feature_drift-01110,feature_drift,train,71,23,110.7,3,0.275,4,0.4139,0,1
feature_drift-01111,feature_drift,test,53,392,61.65,2,0.3905,3,0.2634,0,1
feature_drift-01112,feature_drift,test,49,913,113.39,0,0.1201,3,0.4948,0,0
feature_drift-01113,feature_drift,val,68,135,40.48,2,0.1599,2,0.2657,0,1
feature_drift-01114,feature_drift,train,73,1040,62.62,2,0.068,1,0.2316,1,1
feature_drift-01115,feature_drift,val,27,198,38.56,0,0.171,3,0.4065,0,1
feature_drift-01116,feature_drift,train,18,48,61.23,3,0.3,3,0.3367,0,1
feature_drift-01117,feature_drift,train,28,332,34.67,0,0.0623,1,0.2483,0,1
feature_drift-01118,feature_drift,train,57,32,87.73,2,0.5376,3,0.4012,1,1
feature_drift-01119,feature_drift,train,49,79,67.04,4,0.1392,3,0.4368,1,1
feature_drift-01120,feature_drift,test,38,858,138.13,1,0.4051,2,0.5398,1,1
feature_drift-01121,feature_drift,train,70,48,59.28,0,0.2218,2,0.5679,0,1
feature_drift-01122,feature_drift,test,46,406,62.25,2,0.4613,2,0.2824,1,1
feature_drift-01123,feature_drift,val,56,53,25.94,2,0.4137,3,0.3008,0,1
feature_drift-01124,feature_drift,train,49,56,58.61,2,0.2229,3,0.3206,0,1
feature_drift-01125,feature_drift,train,65,311,53.43,2,0.2203,3,0.0002,0,1
feature_drift-01126,feature_drift,val,55,115,106.27,0,0.3805,1,0.5587,1,1
feature_drift-01127,feature_drift,train,34,101,64.48,0,0.2363,5,0.5851,0,1
feature_drift-01128,feature_drift,train,27,1063,138.21,0,0.1769,3,0.3708,1,1
feature_drift-01129,feature_drift,train,56,281,95.43,0,0.2971,3,0.3579,1,1
feature_drift-01130,feature_drift,test,46,762,163.6,3,0.2363,1,0.5363,1,1
feature_drift-01131,feature_drift,train,34,1359,55.91,2,0.4386,3,0.3164,1,1
feature_drift-01132,feature_drift,train,58,253,54.21,0,0.4125,1,0.5164,1,1
feature_drift-01133,feature_drift,train,28,797,104.38,1,0.4056,4,0.4473,1,1
feature_drift-01134,feature_drift,train,27,221,49.08,2,0.3001,5,0.518,0,1
feature_drift-01135,feature_drift,train,32,625,74.25,1,0.2634,1,0.3409,0,1
feature_drift-01136,feature_drift,train,21,24,104.12,4,0.3255,2,0.5545,0,1
feature_drift-01137,feature_drift,test,70,262,97.14,0,0.2647,2,0.006,1,1
feature_drift-01138,feature_drift,train,65,1091,65.01,2,0.335,1,0.1461,1,1
feature_drift-01139,feature_drift,test,48,192,98.38,3,0.0937,1,0.6374,1,1
feature_drift-01140,feature_drift,train,36,719,68.12,4,0.0274,0,0.3761,1,1
feature_drift-01141,feature_drift,train,73,244,117.01,0,0.3064,3,0.1649,0,1
feature_drift-01142,feature_drift,train,31,1015,35.11,1,0.0833,3,0.2667,1,1
feature_drift-01143,feature_drift,train,66,201,79.9,1,0.1288,1,0.4506,1,1
feature_drift-01144,feature_drift,train,34,197,80.34,2,0.1775,3,0.3562,0,1
feature_drift-01145,feature_drift,train,25,329,66.77,3,0.4808,1,0.5103,1,1
feature_drift-01146,feature_drift,train,72,263,126.9,2,0.1718,4,0.2595,0,1
feature_drift-01147,feature_drift,train,34,681,77.27,2,0.2766,4,0.7197,0,0
feature_drift-01148,feature_drift,train,54,40,111.44,1,0.2753,3,0.365,0,1
feature_drift-01149,feature_drift,train,52,527,113.97,3,0.2603,2,0.1342,0,1
feature_drift-01150,feature_drift,train,72,173,57.92,3,0.1109,2,0.2878,0,1
feature_drift-01151,feature_drift,train,42,363,92.04,2,0.1766,0,0.4152,1,1
feature_drift-01152,feature_drift,val,64,1312,102.02,1,0.0298,2,0.5948,1,1
feature_drift-01153,feature_drift,val,27,17,76.0,4,0.0839,3,0.6384,1,1
feature_drift-01154,feature_drift,test,68,648,58.92,1,0.0858,1,0.2341,1,1
feature_drift-01155,feature_drift,train,43,792,35.13,2,0.2796,2,0.448,0,1
feature_drift-01156,feature_drift,test,23,156,54.2,1,0.0,3,0.1862,0,1
feature_drift-01157,feature_drift,test,19,447,112.76,3,0.3846,3,0.3687,1,1
feature_drift-01158,feature_drift,train,24,585,120.64,2,0.3595,4,0.2438,1,1
feature_drift-01159,feature_drift,train,43,61,102.11,2,0.0575,1,0.1805,0,1
feature_drift-01160,feature_drift,train,70,265,77.02,1,0.2727,2,0.1834,0,1
feature_drift-01161,feature_drift,train,46,23,69.88,1,0.0331,3,0.5482,0,1
feature_drift-01162,feature_drift,train,59,148,96.4,1,0.3465,3,0.3145,1,1
feature_drift-01163,feature_drift,val,43,232,33.85,4,0.3385,3,0.3091,0,1
feature_drift-01164,feature_drift,train,63,111,86.9,2,0.3562,3,0.5327,0,1
feature_drift-01165,feature_drift,train,26,19,78.62,0,0.1946,0,0.3914,0,1
feature_drift-01166,feature_drift,train,48,594,24.24,4,0.321,0,0.6866,0,1
feature_drift-01167,feature_drift,train,44,200,90.85,1,0.2454,3,0.223,0,1
feature_drift-01168,feature_drift,train,33,270,94.26,0,0.5186,5,0.648,0,1
feature_drift-01169,feature_drift,train,49,360,75.36,2,0.2591,3,0.342,0,1
feature_drift-01170,feature_drift,test,43,535,52.36,1,0.2214,5,0.3844,1,1
feature_drift-01171,feature_drift,train,71,345,74.64,2,0.0,2,0.1062,0,1
feature_drift-01172,feature_drift,test,73,584,67.23,1,0.3641,5,0.3486,0,1
feature_drift-01173,feature_drift,train,54,523,65.82,0,0.1464,2,0.4225,1,1
feature_drift-01174,feature_drift,train,66,151,83.96,1,0.3575,1,0.4748,1,1
feature_drift-01175,feature_drift,train,62,157,24.15,0,0.0995,1,0.0457,0,1
feature_drift-01176,feature_drift,train,38,258,153.95,2,0.1706,2,0.5777,0,1
feature_drift-01177,feature_drift,train,51,629,40.63,4,0.5236,0,0.2653,0,1
feature_drift-01178,feature_drift,train,47,203,60.64,1,0.221,4,0.103,0,1
feature_drift-01179,feature_drift,train,27,137,25.18,0,0.4278,0,0.3707,0,1
feature_drift-01180,feature_drift,train,54,2,74.76,3,0.0135,0,0.0866,1,1
feature_drift-01181,feature_drift,train,53,296,59.71,1,0.1466,2,0.0204,1,1
feature_drift-01182,feature_drift,val,47,188,91.66,0,0.252,2,0.7549,0,0
feature_drift-01183,feature_drift,train,23,28,62.8,3,0.1624,0,0.6852,1,1
feature_drift-01184,feature_drift,val,39,55,122.41,1,0.6102,2,0.5679,0,1
feature_drift-01185,feature_drift,train,37,713,114.81,1,0.3359,3,0.4847,0,1
feature_drift-01186,feature_drift,test,50,5,122.02,1,0.2723,2,0.5774,0,1
feature_drift-01187,feature_drift,train,57,250,51.51,3,0.3479,1,0.2236,0,1
feature_drift-01188,feature_drift,train,51,76,97.61,2,0.178,5,0.6193,0,0
feature_drift-01189,feature_drift,test,61,711,106.74,3,0.2434,0,0.4563,0,1
feature_drift-01190,feature_drift,train,42,120,42.69,1,0.3772,0,0.0548,1,1
feature_drift-01191,feature_drift,train,21,7,110.42,0,0.1163,3,0.1641,1,1
feature_drift-01192,feature_drift,val,23,412,108.13,2,0.3081,2,0.6416,1,1
feature_drift-01193,feature_drift,train,50,439,100.02,0,0.4121,5,0.6762,0,0
feature_drift-01194,feature_drift,train,56,168,101.91,1,0.3172,1,0.4789,0,1
feature_drift-01195,feature_drift,train,46,170,119.04,3,0.0398,0,0.596,0,1
feature_drift-01196,feature_drift,val,67,37,62.42,3,0.3874,0,0.3895,1,1
feature_drift-01197,feature_drift,train,30,243,151.42,0,0.3283,0,0.4851,1,1
feature_drift-01198,feature_drift,train,28,639,105.35,3,0.3622,4,0.3865,1,1
feature_drift-01199,feature_drift,train,30,972,62.47,2,0.0197,2,0.3166,1,1
feature_drift-01200,feature_drift,train,54,288,75.2,2,0.1957,1,0.4798,0,1
feature_drift-01201,feature_drift,train,62,144,92.39,3,0.2392,3,0.3867,0,1
feature_drift-01202,feature_drift,test,40,1460,64.03,2,0.4019,2,0.8065,0,0
feature_drift-01203,feature_drift,train,54,1142,44.58,1,0.3506,4,0.5693,0,0
feature_drift-01204,feature_drift,train,46,98,57.54,2,0.102,1,0.6603,1,1
feature_drift-01205,feature_drift,train,72,125,108.09,2,0.1572,5,0.3925,0,1
feature_drift-01206,feature_drift,train,54,255,75.53,2,0.3275,5,0.4629,0,1
feature_drift-01207,feature_drift,train,73,438,77.55,0,0.3259,2,0.711,0,0
feature_drift-01208,feature_drift,val,30,553,82.03,1,0.0,1,0.5357,1,1
feature_drift-01209,feature_drift,train,58,161,32.71,1,0.2989,2,0.3675,0,1
feature_drift-01210,feature_drift,train,37,529,91.58,1,0.3699,3,0.5506,0,0
feature_drift-01211,feature_drift,train,34,343,30.87,2,0.2907,4,0.5116,1,1
feature_drift-01212,feature_drift,test,50,68,60.96,1,0.1771,2,0.6344,0,0
feature_drift-01213,feature_drift,train,66,89,93.19,4,0.243,0,0.2452,1,1
feature_drift-01214,feature_drift,test,61,1154,131.08,2,0.4368,1,0.5062,1,1
feature_drift-01215,feature_drift,test,61,529,55.04,0,0.3435,0,0.4598,1,1
feature_drift-01216,feature_drift,train,34,296,41.88,3,0.2545,1,0.4698,1,1
feature_drift-01217,feature_drift,val,44,196,73.51,1,0.0928,3,0.4664,1,1
feature_drift-01218,feature_drift,train,42,32,107.01,2,0.0807,5,0.5713,0,1
feature_drift-01219,feature_drift,train,64,131,136.75,1,0.0915,1,0.4248,1,1
feature_drift-01220,feature_drift,test,32,351,46.37,2,0.2115,4,0.4769,0,1
feature_drift-01221,feature_drift,val,25,2050,68.03,0,0.2881,2,0.4514,1,0
feature_drift-01222,feature_drift,train,36,117,30.38,2,0.2221,4,0.375,0,1
feature_drift-01223,feature_drift,train,61,381,87.9,3,0.1904,2,0.5005,0,1
feature_drift-01224,feature_drift,val,39,69,23.05,1,0.3973,1,0.4778,0,1
feature_drift-01225,feature_drift,val,67,313,130.87,1,0.2965,4,0.5458,0,1
feature_drift-01226,feature_drift,val,45,460,82.38,1,0.116,1,0.395,1,1
feature_drift-01227,feature_drift,train,38,341,126.58,2,0.0,7,0.5764,0,1
feature_drift-01228,feature_drift,train,20,165,52.29,1,0.4026,1,0.3566,0,1
feature_drift-01229,feature_drift,train,59,363,80.67,3,0.2674,3,0.6852,0,1
feature_drift-01230,feature_drift,val,38,382,46.37,1,0.462,2,0.6094,0,1
feature_drift-01231,feature_drift,train,64,1529,78.66,1,0.4311,5,0.2169,1,0
feature_drift-01232,feature_drift,train,63,741,134.23,1,0.2449,2,0.675,1,1
feature_drift-01233,feature_drift,test,73,212,62.5,2,0.4694,1,0.4705,1,1
feature_drift-01234,feature_drift,train,35,317,39.17,1,0.0,6,0.529,0,0
feature_drift-01235,feature_drift,train,59,940,101.78,0,0.167,3,0.4751,0,0
feature_drift-01236,feature_drift,train,66,362,64.57,2,0.0497,3,0.2171,0,1
feature_drift-01237,feature_drift,train,37,303,119.17,5,0.145,1,0.5824,0,1
feature_drift-01238,feature_drift,train,36,101,72.56,1,0.272,3,0.1226,1,1
feature_drift-01239,feature_drift,test,60,67,45.96,1,0.3065,4,0.6476,1,1
feature_drift-01240,feature_drift,test,60,234,53.3,1,0.4487,2,0.3711,1,1
feature_drift-01241,feature_drift,train,34,340,62.82,1,0.2337,2,0.5553,0,1
feature_drift-01242,feature_drift,train,66,398,57.52,3,0.4243,2,0.3884,0,1
feature_drift-01243,feature_drift,train,72,208,130.62,0,0.0323,2,0.5115,1,1
feature_drift-01244,feature_drift,train,63,82,75.42,1,0.2889,2,0.5446,0,1
feature_drift-01245,feature_drift,val,74,73,84.71,1,0.3672,3,0.6435,0,1
feature_drift-01246,feature_drift,val,74,372,53.29,2,0.2187,0,0.407,0,1
feature_drift-01247,feature_drift,train,73,312,59.4,0,0.2692,6,0.2892,0,1
feature_drift-01248,feature_drift,test,59,1781,97.48,0,0.208,2,0.3502,0,1
feature_drift-01249,feature_drift,train,28,961,84.0,3,0.0509,3,0.6202,1,1
feature_drift-01250,feature_drift,val,69,30,43.72,1,0.412,0,0.7548,0,0
feature_drift-01251,feature_drift,train,57,366,116.06,2,0.2568,2,0.6004,1,1
feature_drift-01252,feature_drift,train,29,175,69.77,1,0.0605,3,0.2381,0,1
feature_drift-01253,feature_drift,train,72,108,50.75,1,0.2406,2,0.289,0,1
feature_drift-01254,feature_drift,train,75,128,112.25,1,0.3781,1,0.355,0,1
feature_drift-01255,feature_drift,val,60,371,69.61,1,0.2419,5,0.5537,1,1
feature_drift-01256,feature_drift,train,69,127,117.13,0,0.1453,2,0.2646,0,1
feature_drift-01257,feature_drift,train,73,318,114.87,2,0.1223,3,0.497,1,1
feature_drift-01258,feature_drift,train,26,652,69.85,2,0.1079,1,0.4754,0,1
feature_drift-01259,feature_drift,train,52,388,71.01,2,0.476,4,0.2516,0,1
feature_drift-01260,feature_drift,test,46,70,90.25,2,0.0044,1,0.3883,1,1
feature_drift-01261,feature_drift,test,27,455,63.65,2,0.3061,0,0.6115,1,1
feature_drift-01262,feature_drift,val,56,842,113.23,1,0.2623,1,0.3606,0,1
feature_drift-01263,feature_drift,val,69,518,68.16,2,0.2877,0,0.6158,0,1
feature_drift-01264,feature_drift,train,58,375,74.18,0,0.1563,2,0.1985,0,1
feature_drift-01265,feature_drift,train,68,33,74.13,1,0.4084,1,0.1791,1,1
feature_drift-01266,feature_drift,train,21,216,35.84,2,0.4642,2,0.3071,0,1
feature_drift-01267,feature_drift,train,32,375,83.3,1,0.162,4,0.4071,0,1
feature_drift-01268,feature_drift,train,50,120,95.14,2,0.3848,2,0.3726,0,1
feature_drift-01269,feature_drift,val,40,22,43.02,1,0.2885,3,0.2207,0,1
feature_drift-01270,feature_drift,train,42,374,83.65,2,0.357,1,0.4649,1,1
feature_drift-01271,feature_drift,train,40,215,76.97,2,0.1848,3,0.5195,0,1
feature_drift-01272,feature_drift,train,20,130,58.74,2,0.2359,1,0.5064,0,1
feature_drift-01273,feature_drift,val,56,264,49.77,0,0.2255,1,0.2529,0,1
feature_drift-01274,feature_drift,train,42,409,71.54,0,0.249,0,0.1931,1,1
feature_drift-01275,feature_drift,train,63,505,47.75,4,0.3751,1,0.4666,1,1
feature_drift-01276,feature_drift,train,63,772,65.0,1,0.2443,1,0.4733,1,1
feature_drift-01277,feature_drift,val,70,482,67.62,1,0.3566,3,0.2142,0,1
feature_drift-01278,feature_drift,train,66,138,87.84,2,0.4152,3,0.4845,0,1
feature_drift-01279,feature_drift,train,41,67,35.48,4,0.3228,3,0.3437,0,1
feature_drift-01280,feature_drift,val,75,539,50.45,0,0.1422,2,0.3448,0,1
feature_drift-01281,feature_drift,train,34,550,108.45,2,0.1311,1,0.1351,1,1
feature_drift-01282,feature_drift,test,35,1174,94.63,1,0.272,2,0.0184,0,1
feature_drift-01283,feature_drift,val,69,299,64.81,3,0.3055,0,0.1483,0,1
feature_drift-01284,feature_drift,train,20,94,64.87,0,0.3194,2,0.5568,0,1
feature_drift-01285,feature_drift,test,68,114,63.38,0,0.2223,3,0.4308,0,1
feature_drift-01286,feature_drift,train,57,2,124.58,3,0.1318,0,0.1647,0,1
feature_drift-01287,feature_drift,train,37,78,49.91,1,0.2453,3,0.4465,1,1
feature_drift-01288,feature_drift,train,53,382,76.04,1,0.177,4,0.4427,0,1
feature_drift-01289,feature_drift,train,64,152,64.24,1,0.1405,2,0.5448,1,1
feature_drift-01290,feature_drift,train,26,306,126.15,0,0.0165,3,0.555,0,1
feature_drift-01291,feature_drift,train,22,148,126.15,3,0.2557,2,0.2721,0,1
feature_drift-01292,feature_drift,train,55,172,84.98,2,0.5601,3,0.2513,0,1
feature_drift-01293,feature_drift,train,21,27,122.64,1,0.3596,1,0.0568,0,1
feature_drift-01294,feature_drift,val,50,1010,125.63,2,0.318,3,0.1311,0,1
feature_drift-01295,feature_drift,train,64,49,83.08,4,0.241,1,0.5167,0,1
feature_drift-01296,feature_drift,train,43,29,127.49,0,0.0697,2,0.3135,0,1
feature_drift-01297,feature_drift,train,46,379,77.31,2,0.386,0,0.2552,1,1
feature_drift-01298,feature_drift,val,36,435,100.69,3,0.0,0,0.2385,1,1
feature_drift-01299,feature_drift,train,28,124,112.08,1,0.3952,3,0.7319,0,0
feature_drift-01300,feature_drift,train,54,486,47.26,0,0.0,2,0.4321,0,1
feature_drift-01301,feature_drift,train,40,392,90.43,1,0.3369,1,0.2527,1,1
feature_drift-01302,feature_drift,train,37,408,83.71,1,0.1757,1,0.3916,1,1
feature_drift-01303,feature_drift,train,73,750,37.84,1,0.567,3,0.1629,0,0
feature_drift-01304,feature_drift,train,23,671,74.11,1,0.0981,1,0.6524,0,0
feature_drift-01305,feature_drift,train,62,709,41.68,0,0.0687,2,0.3724,0,1
feature_drift-01306,feature_drift,test,65,1,95.3,1,0.1206,0,0.3429,0,1
feature_drift-01307,feature_drift,train,44,467,52.23,2,0.3801,3,0.4508,0,1
feature_drift-01308,feature_drift,train,21,1307,76.8,3,0.338,2,0.4801,1,1
feature_drift-01309,feature_drift,train,69,73,41.51,2,0.1327,2,0.2393,1,1
feature_drift-01310,feature_drift,train,70,208,131.64,0,0.4836,1,0.4947,1,1
feature_drift-01311,feature_drift,train,53,335,80.97,0,0.2016,2,0.5088,1,1
feature_drift-01312,feature_drift,test,33,49,99.09,1,0.0535,3,0.5743,0,1
feature_drift-01313,feature_drift,train,37,6,63.5,0,0.2012,2,0.404,1,1
feature_drift-01314,feature_drift,train,61,429,144.78,0,0.3967,1,0.7266,0,1
feature_drift-01315,feature_drift,val,47,1476,46.64,4,0.1354,1,0.3926,0,1
feature_drift-01316,feature_drift,train,54,150,47.46,1,0.4922,3,0.3413,0,1
feature_drift-01317,feature_drift,train,71,297,96.78,3,0.3473,0,0.3819,0,1
feature_drift-01318,feature_drift,train,21,567,101.88,1,0.263,3,0.3799,1,1
feature_drift-01319,feature_drift,val,32,12,54.29,0,0.1802,1,0.4648,1,1
feature_drift-01320,feature_drift,train,40,235,65.78,0,0.3988,0,0.1199,1,1
feature_drift-01321,feature_drift,train,71,265,156.42,2,0.3131,1,0.4225,1,1
feature_drift-01322,feature_drift,train,54,1754,98.14,1,0.6008,2,0.4335,0,0
feature_drift-01323,feature_drift,train,63,162,82.08,1,0.3247,2,0.5442,1,1
feature_drift-01324,feature_drift,train,66,528,72.4,1,0.0,1,0.3765,1,1
feature_drift-01325,feature_drift,test,62,275,69.46,2,0.0,4,0.1221,1,1
feature_drift-01326,feature_drift,train,29,184,58.6,1,0.2757,3,0.2733,1,1
feature_drift-01327,feature_drift,train,38,94,139.28,1,0.2415,3,0.1883,0,1
feature_drift-01328,feature_drift,test,70,159,102.15,0,0.177,2,0.6072,0,1
feature_drift-01329,feature_drift,train,48,79,141.53,1,0.0,3,0.519,1,1
feature_drift-01330,feature_drift,val,39,626,54.77,2,0.2608,1,0.537,0,1
feature_drift-01331,feature_drift,train,19,183,30.88,2,0.0323,0,0.6979,1,1
feature_drift-01332,feature_drift,train,61,327,105.07,2,0.0,3,0.3198,1,1
feature_drift-01333,feature_drift,train,27,149,81.05,2,0.0585,1,0.5085,0,1
feature_drift-01334,feature_drift,train,24,1220,84.96,1,0.3254,2,0.6236,0,0
feature_drift-01335,feature_drift,val,21,276,79.6,0,0.2046,2,0.5452,0,1
feature_drift-01336,feature_drift,train,40,1229,90.22,2,0.2034,3,0.3914,1,0
feature_drift-01337,feature_drift,train,52,506,30.93,2,0.1492,2,0.1449,1,1
feature_drift-01338,feature_drift,train,67,639,57.1,1,0.1123,0,0.4641,0,1
feature_drift-01339,feature_drift,test,35,365,71.94,0,0.4761,0,0.463,1,1
feature_drift-01340,feature_drift,train,48,276,75.49,3,0.3391,3,0.5104,0,1
feature_drift-01341,feature_drift,train,36,316,50.07,1,0.2016,1,0.5075,0,1
feature_drift-01342,feature_drift,train,62,419,98.12,4,0.0469,3,0.1388,0,1
feature_drift-01343,feature_drift,val,60,677,107.54,1,0.0907,1,0.3522,0,1
feature_drift-01344,feature_drift,train,19,336,67.96,1,0.1368,2,0.3844,0,1
feature_drift-01345,feature_drift,test,25,425,71.29,0,0.3612,4,0.6513,0,0
feature_drift-01346,feature_drift,train,25,1293,111.29,0,0.4715,1,0.6983,0,0
feature_drift-01347,feature_drift,train,18,207,50.05,0,0.1239,2,0.5308,0,1
feature_drift-01348,feature_drift,val,24,36,108.71,0,0.3382,2,0.3277,0,1
feature_drift-01349,feature_drift,train,55,345,68.28,0,0.2784,3,0.3212,0,1
feature_drift-01350,feature_drift,train,60,517,72.31,2,0.3045,2,0.1299,1,1
feature_drift-01351,feature_drift,train,69,299,95.78,0,0.2998,3,0.3484,0,1
feature_drift-01352,feature_drift,val,68,1,67.72,1,0.0458,3,0.6081,0,1
feature_drift-01353,feature_drift,test,59,886,41.8,1,0.274,2,0.7581,0,0
feature_drift-01354,feature_drift,val,55,400,84.84,1,0.1175,1,0.6526,0,1
feature_drift-01355,feature_drift,test,42,74,63.73,2,0.3645,2,0.4347,1,1
feature_drift-01356,feature_drift,train,33,1409,83.03,3,0.26,2,0.4688,0,1
feature_drift-01357,feature_drift,train,51,163,73.32,1,0.1858,2,0.5729,0,1
feature_drift-01358,feature_drift,train,42,938,96.2,0,0.4019,2,0.3511,0,1
feature_drift-01359,feature_drift,train,64,436,46.85,0,0.0963,4,0.3366,1,1
feature_drift-01360,feature_drift,val,30,75,101.18,1,0.107,4,0.3795,0,1
feature_drift-01361,feature_drift,val,33,10,140.07,4,0.3274,3,0.4216,0,1
feature_drift-01362,feature_drift,train,64,158,36.73,1,0.1739,3,0.1446,0,1
feature_drift-01363,feature_drift,train,39,21,97.77,1,0.0,4,0.4577,0,1
feature_drift-01364,feature_drift,train,45,241,113.32,5,0.1274,1,0.1753,1,1
feature_drift-01365,feature_drift,val,60,471,52.68,0,0.2979,1,0.7214,0,0
feature_drift-01366,feature_drift,train,74,446,75.07,4,0.3308,2,0.1441,0,1
feature_drift-01367,feature_drift,train,75,784,61.29,0,0.343,1,0.2285,0,1
feature_drift-01368,feature_drift,train,41,120,102.5,0,0.18,0,0.2259,1,1
feature_drift-01369,feature_drift,train,58,80,135.26,2,0.0577,2,0.3355,0,1
feature_drift-01370,feature_drift,train,41,130,71.26,3,0.0,5,0.2455,1,1
feature_drift-01371,feature_drift,val,62,301,131.45,1,0.1945,2,0.3635,0,1
feature_drift-01372,feature_drift,train,73,58,64.86,1,0.3461,2,0.5495,1,1
feature_drift-01373,feature_drift,test,25,328,55.62,1,0.3865,0,0.4397,0,1
feature_drift-01374,feature_drift,test,60,2345,160.84,1,0.0,2,0.0712,0,1
feature_drift-01375,feature_drift,train,47,45,148.56,1,0.4613,3,0.3006,0,1
feature_drift-01376,feature_drift,train,31,288,52.86,2,0.4159,2,0.2682,0,1
feature_drift-01377,feature_drift,val,46,631,82.12,1,0.2662,1,0.4165,0,1
feature_drift-01378,feature_drift,train,50,79,70.71,0,0.2167,3,0.5177,0,1
feature_drift-01379,feature_drift,val,40,374,128.39,3,0.3839,0,0.5564,0,1
feature_drift-01380,feature_drift,train,28,1641,64.61,1,0.1616,1,0.6038,0,0
feature_drift-01381,feature_drift,val,75,291,59.29,1,0.4989,0,0.4194,0,1
feature_drift-01382,feature_drift,train,39,148,151.62,4,0.3394,3,0.6199,1,1
feature_drift-01383,feature_drift,val,29,464,63.37,1,0.4271,1,0.5967,1,1
feature_drift-01384,feature_drift,val,36,659,73.55,4,0.1321,1,0.5222,0,1
feature_drift-01385,feature_drift,train,70,20,98.27,5,0.308,2,0.3229,0,1
feature_drift-01386,feature_drift,train,22,258,84.28,2,0.5746,3,0.3404,1,1
feature_drift-01387,feature_drift,train,36,24,57.08,1,0.0542,1,0.3142,1,1
feature_drift-01388,feature_drift,train,27,36,59.33,1,0.242,1,0.6412,0,1
feature_drift-01389,feature_drift,val,57,401,94.98,1,0.4743,4,0.0036,0,1
feature_drift-01390,feature_drift,train,55,295,143.65,2,0.3132,0,0.7809,1,1
feature_drift-01391,feature_drift,train,57,269,78.02,3,0.2679,2,0.2819,0,1
feature_drift-01392,feature_drift,test,55,216,87.12,1,0.1842,2,0.6244,1,1
feature_drift-01393,feature_drift,val,25,534,77.08,3,0.3783,1,0.5006,1,1
feature_drift-01394,feature_drift,train,53,51,78.86,2,0.4492,0,0.5488,0,1
feature_drift-01395,feature_drift,test,63,233,77.42,0,0.4043,2,0.2313,1,1
feature_drift-01396,feature_drift,train,27,439,83.76,3,0.3039,1,0.3342,0,1
feature_drift-01397,feature_drift,train,36,796,42.48,1,0.4021,1,0.5583,1,1
feature_drift-01398,feature_drift,train,59,18,62.41,1,0.207,1,0.5688,0,1
feature_drift-01399,feature_drift,train,43,1218,74.38,1,0.3286,1,0.2816,0,1
feature_drift-01400,feature_drift,train,27,259,103.86,1,0.2758,1,0.0682,0,1
feature_drift-01401,feature_drift,train,39,872,48.24,1,0.723,1,0.267,0,1
feature_drift-01402,feature_drift,train,22,595,58.8,3,0.4784,2,0.3262,1,1
feature_drift-01403,feature_drift,test,67,199,65.34,2,0.2027,0,0.5218,1,1
feature_drift-01404,feature_drift,train,60,74,74.26,0,0.4115,1,0.5793,0,0
feature_drift-01405,feature_drift,val,38,26,74.15,0,0.1856,3,0.7585,0,0
feature_drift-01406,feature_drift,train,60,100,84.28,3,0.4364,5,0.4735,1,1
feature_drift-01407,feature_drift,train,58,303,194.54,1,0.3396,0,0.6332,0,1
feature_drift-01408,feature_drift,train,33,587,65.77,5,0.2561,1,0.1111,0,1
feature_drift-01409,feature_drift,train,54,97,52.5,4,0.2645,2,0.6459,0,1
feature_drift-01410,feature_drift,val,58,66,136.37,4,0.3503,1,0.3349,0,1
feature_drift-01411,feature_drift,train,69,187,73.33,0,0.425,3,0.4125,0,1
feature_drift-01412,feature_drift,train,36,14,20.53,2,0.0172,2,0.512,1,1
feature_drift-01413,feature_drift,test,68,836,89.6,3,0.0202,3,0.2017,1,1
feature_drift-01414,feature_drift,train,45,259,42.03,2,0.0783,0,0.243,0,1
feature_drift-01415,feature_drift,test,33,34,44.45,1,0.1486,2,0.2552,0,1
feature_drift-01416,feature_drift,train,21,674,58.24,3,0.1217,4,0.1931,0,1
feature_drift-01417,feature_drift,train,18,340,64.58,2,0.3656,3,0.3448,1,1
feature_drift-01418,feature_drift,test,52,558,109.67,1,0.2269,1,0.4643,1,1
feature_drift-01419,feature_drift,val,19,237,100.23,2,0.4361,2,0.1264,0,1
feature_drift-01420,feature_drift,train,33,795,84.52,1,0.3294,2,0.6013,0,0
feature_drift-01421,feature_drift,train,70,363,87.72,3,0.0943,0,0.3517,1,1
feature_drift-01422,feature_drift,train,45,343,35.06,2,0.1503,2,0.3767,0,1
feature_drift-01423,feature_drift,test,31,521,200.0,2,0.0,0,0.3332,0,1
feature_drift-01424,feature_drift,train,73,102,89.7,0,0.1715,4,0.4785,1,1
feature_drift-01425,feature_drift,train,47,7,116.51,1,0.2174,2,0.361,1,1
feature_drift-01426,feature_drift,train,37,73,90.14,2,0.5083,2,0.6631,1,1
feature_drift-01427,feature_drift,test,52,237,94.94,2,0.3239,1,0.1658,0,1
feature_drift-01428,feature_drift,train,72,167,115.23,2,0.3013,1,0.4246,1,1
feature_drift-01429,feature_drift,val,18,408,55.78,3,0.2011,2,0.4606,1,1
feature_drift-01430,feature_drift,train,75,738,49.51,1,0.2443,2,0.4725,0,0
feature_drift-01431,feature_drift,train,43,5,116.47,1,0.2619,2,0.3864,0,1
feature_drift-01432,feature_drift,train,38,682,77.8,1,0.3588,2,0.762,0,0
feature_drift-01433,feature_drift,train,48,733,95.94,5,0.2202,1,0.3047,0,1
feature_drift-01434,feature_drift,train,71,315,99.9,1,0.1969,1,0.6239,0,1
feature_drift-01435,feature_drift,train,20,1096,107.08,1,0.3901,2,0.294,1,1
feature_drift-01436,feature_drift,train,47,24,113.95,2,0.2175,3,0.431,0,1
feature_drift-01437,feature_drift,val,46,525,49.92,1,0.4424,1,0.4617,1,1
feature_drift-01438,feature_drift,train,57,803,82.07,1,0.6149,2,0.5104,1,1
feature_drift-01439,feature_drift,train,36,257,66.67,2,0.4621,3,0.3176,0,1
feature_drift-01440,feature_drift,train,59,65,116.63,1,0.3144,2,0.5832,1,1
feature_drift-01441,feature_drift,test,74,31,104.52,1,0.3565,0,0.181,1,1
feature_drift-01442,feature_drift,train,22,136,82.66,3,0.0,4,0.3141,0,1
feature_drift-01443,feature_drift,test,46,576,29.79,3,0.1768,2,0.1796,0,1
feature_drift-01444,feature_drift,train,62,134,51.84,4,0.2398,4,0.367,0,1
feature_drift-01445,feature_drift,val,34,456,93.51,0,0.3586,1,0.6044,1,0
feature_drift-01446,feature_drift,train,36,59,91.21,0,0.1228,1,0.272,0,1
feature_drift-01447,feature_drift,test,25,1215,117.52,3,0.197,0,0.5626,0,1
feature_drift-01448,feature_drift,train,19,10,87.62,2,0.4328,1,0.5033,1,1
feature_drift-01449,feature_drift,train,20,14,21.12,2,0.3475,1,0.5901,0,1
feature_drift-01450,feature_drift,val,38,34,44.33,0,0.289,3,0.2909,0,1
feature_drift-01451,feature_drift,train,66,422,68.7,0,0.2327,5,0.3244,1,1
feature_drift-01452,feature_drift,train,20,302,133.15,4,0.3418,3,0.4894,1,1
feature_drift-01453,feature_drift,train,66,628,24.04,2,0.5681,4,0.658,0,0
feature_drift-01454,feature_drift,train,45,75,60.31,0,0.239,4,0.2586,1,1
feature_drift-01455,feature_drift,train,56,701,117.66,4,0.3123,0,0.6322,0,1
feature_drift-01456,feature_drift,train,39,43,47.62,0,0.4856,1,0.409,0,1
feature_drift-01457,feature_drift,train,37,1418,79.63,1,0.2075,1,0.6349,1,1
feature_drift-01458,feature_drift,train,73,201,108.47,3,0.2545,2,0.4753,0,1
feature_drift-01459,feature_drift,test,63,81,96.07,1,0.1884,3,0.0759,1,1
feature_drift-01460,feature_drift,train,58,46,44.55,2,0.0,3,0.5896,1,1
feature_drift-01461,feature_drift,train,66,107,136.58,4,0.3299,4,0.3535,1,1
feature_drift-01462,feature_drift,train,67,775,48.02,0,0.5659,1,0.4334,0,0
feature_drift-01463,feature_drift,train,18,362,78.51,1,0.146,4,0.4294,0,1
feature_drift-01464,feature_drift,train,75,226,71.07,0,0.3412,1,0.649,1,0
feature_drift-01465,feature_drift,train,57,268,15.0,3,0.2675,1,0.3983,0,1
feature_drift-01466,feature_drift,val,65,70,72.36,2,0.2381,2,0.6805,0,1
feature_drift-01467,feature_drift,train,54,492,33.4,2,0.2686,1,0.3617,1,1
feature_drift-01468,feature_drift,train,75,151,68.62,1,0.3431,1,0.514,1,1
feature_drift-01469,feature_drift,train,67,629,39.24,1,0.0374,4,0.2052,0,1
feature_drift-01470,feature_drift,train,21,14,32.33,0,0.3877,2,0.3479,1,1
feature_drift-01471,feature_drift,val,21,22,132.96,1,0.391,3,0.2947,1,1
feature_drift-01472,feature_drift,train,63,11,56.2,3,0.3035,1,0.5759,0,1
feature_drift-01473,feature_drift,train,67,39,193.84,4,0.3563,5,0.438,0,1
feature_drift-01474,feature_drift,train,29,24,78.79,1,0.206,2,0.3902,0,1
feature_drift-01475,feature_drift,test,30,292,24.28,0,0.3302,3,0.3878,0,1
feature_drift-01476,feature_drift,train,51,281,73.26,2,0.1733,1,0.6609,1,1
feature_drift-01477,feature_drift,train,53,463,130.15,2,0.2595,1,0.1934,0,1
feature_drift-01478,feature_drift,train,52,579,81.41,3,0.2053,1,0.626,1,1
feature_drift-01479,feature_drift,train,53,68,82.87,1,0.2127,2,0.3634,0,1
feature_drift-01480,feature_drift,train,68,7,64.21,4,0.2253,4,0.4076,0,1
feature_drift-01481,feature_drift,val,67,296,200.0,1,0.2308,4,0.6313,0,1
feature_drift-01482,feature_drift,train,36,181,39.53,2,0.4049,0,0.5842,0,0
feature_drift-01483,feature_drift,train,34,1161,93.83,2,0.0133,3,0.319,1,1
feature_drift-01484,feature_drift,test,47,452,47.93,0,0.0332,2,0.5477,0,1
feature_drift-01485,feature_drift,train,46,31,68.85,1,0.2875,3,0.1679,0,1
feature_drift-01486,feature_drift,train,61,336,81.32,1,0.3983,0,0.3531,1,1
feature_drift-01487,feature_drift,test,36,150,50.79,0,0.2754,0,0.307,1,1
feature_drift-01488,feature_drift,train,56,823,75.92,1,0.2137,3,0.2323,0,1
feature_drift-01489,feature_drift,train,21,477,123.18,1,0.5603,0,0.1684,0,1
feature_drift-01490,feature_drift,train,39,7,90.89,1,0.267,0,0.4009,0,1
feature_drift-01491,feature_drift,train,74,254,107.16,2,0.1231,1,0.3789,1,1
feature_drift-01492,feature_drift,train,37,1198,99.14,1,0.2218,2,0.27,0,1
feature_drift-01493,feature_drift,train,38,1024,138.19,1,0.3732,0,0.1055,0,1
feature_drift-01494,feature_drift,train,44,181,79.28,2,0.2449,1,0.4351,1,1
feature_drift-01495,feature_drift,train,63,1227,196.24,4,0.1229,0,0.6167,0,1
feature_drift-01496,feature_drift,train,54,125,75.84,3,0.3845,2,0.4915,0,1
feature_drift-01497,feature_drift,train,71,549,93.12,1,0.2912,4,0.6671,0,0
feature_drift-01498,feature_drift,train,34,416,133.28,4,0.3959,1,0.3154,0,1
feature_drift-01499,feature_drift,train,23,26,153.32,1,0.2445,1,0.5893,0,1
feature_drift-01500,feature_drift,test,41,817,137.07,2,0.1253,0,0.4524,0,1
