customer_id,scenario,split,age,tenure_days,monthly_charges,support_tickets,usage_score,service_count,customer_satisfaction,is_month_to_month,churn
regression-00001,regression,train,47,254,84.55,0,0.6852,1,0.8598,1,0
regression-00002,regression,train,70,17,64.92,2,0.6017,4,0.6707,1,0
regression-00003,regression,train,30,625,79.59,2,0.7365,2,0.8513,0,0
regression-00004,regression,train,22,235,104.89,4,0.3652,1,0.9282,1,0
regression-00005,regression,train,49,223,99.57,2,0.6048,6,0.7575,0,1
regression-00006,regression,train,33,1533,42.67,1,0.4382,2,0.8863,0,0
regression-00007,regression,train,32,738,118.51,1,0.3723,2,0.99,0,0
regression-00008,regression,test,54,107,90.23,3,0.8974,3,0.6353,0,1
regression-00009,regression,train,25,107,15.0,0,0.2627,0,0.8047,1,1
regression-00010,regression,train,72,649,49.12,0,0.357,2,0.7312,0,0
regression-00011,regression,val,64,1476,36.36,5,0.5101,3,0.8286,0,0
regression-00012,regression,train,22,197,132.17,1,0.7566,2,0.5313,1,1
regression-00013,regression,train,62,836,32.77,2,0.7917,1,0.4434,1,1
regression-00014,regression,train,54,3,69.58,0,0.7579,1,0.3825,0,1
regression-00015,regression,train,64,572,141.68,0,0.6121,2,0.6496,0,0
regression-00016,regression,val,62,6,78.28,0,0.2715,0,0.8058,1,1
regression-00017,regression,train,31,106,86.3,1,0.0912,0,0.4346,0,0
regression-00018,regression,train,47,548,88.01,3,0.7186,1,0.647,0,0
regression-00019,regression,val,44,224,79.89,0,0.3118,4,0.5845,0,1
regression-00020,regression,train,61,1097,98.89,1,0.8699,4,0.7207,1,0
regression-00021,regression,train,60,396,64.84,1,0.4938,2,0.6537,1,0
regression-00022,regression,train,69,144,34.31,0,0.6841,1,0.7106,0,0
regression-00023,regression,train,51,706,53.8,1,0.602,1,0.8357,1,0
regression-00024,regression,train,46,476,37.81,3,0.505,0,0.5572,0,1
regression-00025,regression,val,47,137,132.64,0,0.2284,2,0.7046,0,1
regression-00026,regression,val,64,905,114.98,1,0.3436,3,0.7851,0,0
regression-00027,regression,train,62,725,95.62,1,0.7612,4,0.6318,1,0
regression-00028,regression,train,21,381,101.33,0,0.7039,1,0.599,0,0
regression-00029,regression,train,54,204,75.56,3,0.2918,0,0.4939,0,0
regression-00030,regression,train,60,392,163.18,1,0.9722,3,0.8829,1,0
regression-00031,regression,test,27,645,36.63,1,0.6063,0,0.7976,0,0
regression-00032,regression,train,62,58,37.83,2,0.7955,2,0.6424,0,1
regression-00033,regression,train,63,275,55.49,4,0.626,2,0.5219,0,1
regression-00034,regression,train,21,85,52.48,0,0.5341,1,0.7716,1,0
regression-00035,regression,train,72,788,119.32,1,0.7968,2,0.7271,1,0
regression-00036,regression,train,24,20,101.14,2,0.4854,1,0.7781,1,0
regression-00037,regression,test,32,156,54.15,2,0.5608,0,0.7557,1,0
regression-00038,regression,train,40,11,95.76,1,0.9352,2,0.7994,0,0
regression-00039,regression,train,33,105,100.37,2,0.3883,3,0.7408,1,0
regression-00040,regression,train,36,508,57.47,0,0.2875,2,0.9239,0,0
regression-00041,regression,train,68,942,105.91,5,0.5341,0,0.4457,0,1
regression-00042,regression,train,32,488,124.81,0,0.6327,2,0.6596,1,1
regression-00043,regression,train,36,161,56.13,1,0.6924,2,0.8178,0,0
regression-00044,regression,test,66,1028,69.9,4,0.8173,1,0.6261,1,0
regression-00045,regression,train,73,205,88.8,1,0.6531,4,0.8826,1,0
regression-00046,regression,train,18,139,104.76,0,0.8892,1,1.0,1,0
regression-00047,regression,train,31,1239,51.06,1,0.7515,3,0.732,1,0
regression-00048,regression,train,28,494,65.82,3,0.5321,2,0.6534,0,1
regression-00049,regression,test,37,284,111.01,4,0.6167,5,0.7462,1,1
regression-00050,regression,train,55,546,159.1,2,0.3806,4,0.8166,1,0
regression-00051,regression,test,54,656,54.56,0,0.5164,2,0.8434,0,0
regression-00052,regression,train,45,377,44.46,2,0.5762,3,0.5975,0,1
regression-00053,regression,test,18,291,111.35,1,0.4604,3,0.6434,0,1
regression-00054,regression,val,47,817,79.25,1,0.7107,2,0.6338,1,1
regression-00055,regression,test,29,127,40.31,1,0.8582,1,0.6691,0,0
regression-00056,regression,test,57,367,200.0,0,0.1971,1,0.8895,0,1
regression-00057,regression,train,36,495,107.63,0,0.5223,5,0.5279,1,1
regression-00058,regression,train,21,302,95.97,0,0.2168,3,0.7109,0,0
regression-00059,regression,train,73,146,64.16,1,0.5797,3,0.5288,0,1
regression-00060,regression,train,60,685,66.25,1,0.527,3,0.6329,0,0
regression-00061,regression,train,53,42,37.97,2,0.8246,2,0.7711,0,1
regression-00062,regression,train,55,387,69.7,3,0.5714,0,0.7297,0,1
regression-00063,regression,train,58,9,37.75,0,0.436,3,0.5539,1,1
regression-00064,regression,train,70,631,91.45,4,0.4642,4,0.6633,1,1
regression-00065,regression,test,65,752,62.53,0,0.825,2,0.9679,0,0
regression-00066,regression,val,54,384,47.47,1,0.6611,4,0.5872,1,0
regression-00067,regression,train,74,259,154.93,2,0.7521,1,0.7965,0,1
regression-00068,regression,train,75,124,112.98,1,0.8545,2,0.801,0,0
regression-00069,regression,train,66,1241,109.18,0,0.7483,2,0.8642,0,0
regression-00070,regression,test,46,187,47.58,0,0.8101,0,0.5594,0,0
regression-00071,regression,val,48,260,91.07,2,0.5374,2,0.6335,1,0
regression-00072,regression,train,59,31,99.67,1,0.6788,3,0.817,0,0
regression-00073,regression,val,27,525,21.6,3,0.6832,2,0.7783,0,0
regression-00074,regression,train,20,55,18.58,1,0.798,3,0.7205,0,0
regression-00075,regression,train,54,688,74.43,7,0.6031,3,0.7344,0,1
regression-00076,regression,train,33,16,79.4,4,0.3135,1,0.4613,0,1
regression-00077,regression,test,58,545,48.94,0,0.5893,6,0.661,0,0
regression-00078,regression,train,28,744,129.63,2,0.4824,3,0.6278,0,1
regression-00079,regression,val,62,46,74.99,2,0.2408,1,0.615,0,1
regression-00080,regression,train,49,21,118.52,2,0.5922,1,0.6816,1,1
regression-00081,regression,train,40,204,23.13,1,0.4398,2,0.4842,0,1
regression-00082,regression,val,43,414,115.38,0,0.4666,4,0.7055,0,0
regression-00083,regression,train,25,20,105.22,0,0.2326,0,0.6017,0,1
regression-00084,regression,train,29,628,45.0,0,0.7204,0,0.7326,1,0
regression-00085,regression,train,32,56,88.18,0,0.7711,3,0.8217,0,1
regression-00086,regression,train,44,985,146.71,1,0.8162,0,0.6285,1,0
regression-00087,regression,test,28,418,36.05,1,0.8044,2,0.5543,0,0
regression-00088,regression,train,25,180,73.53,1,0.2877,2,0.3744,0,1
regression-00089,regression,train,44,254,37.25,0,0.7009,3,0.7787,0,0
regression-00090,regression,train,44,12,40.68,2,0.4103,2,0.5939,0,0
regression-00091,regression,train,38,206,33.55,1,0.952,3,0.8673,1,0
regression-00092,regression,train,73,878,77.13,3,0.647,4,0.8248,0,0
regression-00093,regression,val,62,204,92.35,1,0.5331,0,0.8478,0,0
regression-00094,regression,val,47,208,33.06,1,0.8663,4,0.7236,1,0
regression-00095,regression,val,36,177,99.21,2,0.5223,2,0.9127,1,0
regression-00096,regression,train,44,876,200.0,2,0.3992,4,0.7984,0,1
regression-00097,regression,train,47,433,105.29,1,0.3375,2,0.6804,0,1
regression-00098,regression,val,46,147,153.75,2,0.892,4,0.8696,0,0
regression-00099,regression,val,69,891,120.17,1,0.378,4,0.4719,1,0
regression-00100,regression,train,32,343,47.85,0,0.0379,3,0.6658,0,1
regression-00101,regression,train,74,4,163.59,0,0.2961,0,0.7743,0,1
regression-00102,regression,train,51,141,64.01,1,0.7965,0,0.7203,1,0
regression-00103,regression,train,34,1179,72.02,2,0.5781,0,0.5138,1,0
regression-00104,regression,train,27,88,55.31,3,0.4978,1,0.5843,1,1
regression-00105,regression,train,20,378,62.57,2,0.286,3,0.5009,1,0
regression-00106,regression,train,23,802,107.51,3,0.6672,1,0.7647,1,1
regression-00107,regression,val,69,613,80.18,2,0.7915,4,0.7216,0,0
regression-00108,regression,train,46,312,86.95,0,0.5792,2,0.6585,1,0
regression-00109,regression,test,52,385,78.09,1,0.7019,0,0.6773,0,0
regression-00110,regression,train,25,344,58.6,3,0.6293,3,0.4177,1,1
regression-00111,regression,val,46,141,62.76,3,0.737,2,0.5957,0,1
regression-00112,regression,test,57,670,119.04,1,0.8362,3,0.8826,0,0
regression-00113,regression,train,46,222,34.68,0,0.4562,1,0.5139,1,0
regression-00114,regression,val,53,256,169.19,2,0.7386,1,0.592,0,1
regression-00115,regression,test,32,554,50.4,2,0.344,2,0.6127,0,1
regression-00116,regression,train,45,621,69.87,0,0.6824,1,0.803,0,0
regression-00117,regression,train,37,867,42.24,0,0.2845,3,0.6616,1,0
regression-00118,regression,train,29,244,159.81,1,0.2154,3,0.7609,0,0
regression-00119,regression,test,71,180,90.43,1,0.7707,3,0.5926,1,0
regression-00120,regression,train,41,302,77.03,3,0.7816,2,0.5302,0,1
regression-00121,regression,val,31,299,38.11,0,0.9511,2,0.7887,1,0
regression-00122,regression,train,72,457,55.6,1,0.4589,1,0.4343,1,1
regression-00123,regression,train,40,87,51.54,2,0.6323,3,0.2923,0,1
regression-00124,regression,train,57,848,84.56,5,0.5637,4,1.0,0,0
regression-00125,regression,train,68,1355,144.11,0,0.4041,1,0.8278,0,0
regression-00126,regression,train,65,573,113.44,2,0.1387,2,0.8563,0,0
regression-00127,regression,test,56,79,61.66,2,0.5631,2,0.4858,0,1
regression-00128,regression,test,26,627,66.35,1,0.5675,0,0.8506,0,0
regression-00129,regression,train,75,386,66.86,1,0.5703,4,0.8731,0,0
regression-00130,regression,test,74,500,103.79,0,0.5174,2,0.6947,0,0
regression-00131,regression,train,55,1110,75.23,3,0.5134,5,0.6997,1,1
regression-00132,regression,train,38,426,64.65,7,0.5445,3,0.8802,0,1
regression-00133,regression,train,22,897,58.53,1,0.9326,1,0.668,0,0
regression-00134,regression,val,39,252,93.45,1,0.1783,1,0.9922,0,0
regression-00135,regression,val,57,24,69.73,2,0.4986,3,1.0,0,0
regression-00136,regression,train,39,590,78.67,0,0.7789,2,0.7204,1,0
regression-00137,regression,val,35,673,75.71,2,0.841,0,0.596,0,0
regression-00138,regression,train,23,191,80.93,1,0.0827,3,0.7381,1,1
regression-00139,regression,train,55,90,54.53,2,0.5123,0,0.713,0,1
regression-00140,regression,train,61,284,63.62,2,0.3408,5,0.4966,0,0
regression-00141,regression,train,60,812,82.91,2,0.9696,2,0.748,1,0
regression-00142,regression,train,33,214,105.28,1,0.6138,5,0.9993,0,0
regression-00143,regression,test,67,129,77.46,2,0.9684,4,1.0,1,0
regression-00144,regression,val,46,378,82.22,1,0.6297,5,0.9033,1,0
regression-00145,regression,train,38,98,97.4,1,0.5651,1,0.5331,0,1
regression-00146,regression,train,71,131,76.51,0,0.4479,0,0.3734,0,1
regression-00147,regression,test,49,99,82.78,1,0.6309,5,0.7041,0,0
regression-00148,regression,train,53,517,70.57,0,0.59,1,0.6179,0,0
regression-00149,regression,train,48,429,124.54,1,0.3709,6,0.8207,1,0
regression-00150,regression,train,70,409,71.68,2,0.7263,3,0.6401,0,0
regression-00151,regression,train,45,1150,122.94,2,0.4776,0,0.5938,1,1
regression-00152,regression,train,29,721,41.2,0,0.9181,2,0.4748,0,0
regression-00153,regression,train,25,263,47.1,3,0.5494,3,0.8077,0,0
regression-00154,regression,val,42,220,117.6,3,0.3771,1,0.7125,1,1
regression-00155,regression,train,63,360,62.37,3,0.2971,3,0.7233,1,0
regression-00156,regression,test,57,373,80.85,1,0.728,5,0.7364,0,0
regression-00157,regression,val,25,280,115.23,2,0.3279,6,0.7009,0,1
regression-00158,regression,test,37,983,47.43,2,0.4799,2,0.5351,1,1
regression-00159,regression,train,56,460,144.5,0,0.9821,1,0.3538,0,1
regression-00160,regression,test,48,12,98.51,0,0.5728,0,0.5409,0,0
regression-00161,regression,test,52,842,120.13,0,0.6597,4,0.6323,0,0
regression-00162,regression,train,23,179,68.54,1,0.7458,0,0.6094,0,1
regression-00163,regression,train,35,437,132.55,0,0.6162,3,0.8045,0,0
regression-00164,regression,train,53,91,82.82,2,0.6144,4,0.4427,0,1
regression-00165,regression,train,25,653,34.51,2,0.6613,1,0.8696,0,0
regression-00166,regression,train,44,173,68.17,1,0.5615,0,0.7221,1,0
regression-00167,regression,test,37,178,47.09,2,0.6211,4,0.6952,0,0
regression-00168,regression,val,70,201,69.67,0,1.0,1,0.6916,1,0
regression-00169,regression,test,75,100,66.07,1,0.4792,2,0.7818,0,0
regression-00170,regression,train,40,108,70.43,2,0.548,2,0.7377,0,1
regression-00171,regression,train,40,43,94.06,2,0.2895,2,0.5745,0,0
regression-00172,regression,val,48,159,65.0,0,0.6633,2,0.4948,1,1
regression-00173,regression,train,30,961,133.91,0,0.5163,1,0.675,1,0
regression-00174,regression,train,54,541,17.0,2,0.4401,2,0.7244,1,0
regression-00175,regression,val,67,216,125.33,2,0.4515,1,0.5881,0,1
regression-00176,regression,train,58,34,53.97,1,0.358,2,0.5761,1,1
regression-00177,regression,train,58,11,165.57,3,0.6537,0,0.528,0,1
regression-00178,regression,train,37,1200,123.52,0,0.2963,2,0.9846,0,0
regression-00179,regression,train,52,444,79.37,1,0.4269,4,0.5713,0,0
regression-00180,regression,train,52,536,44.48,2,0.3541,4,0.8363,0,0
regression-00181,regression,train,59,66,149.52,0,0.0308,5,0.3436,0,1
regression-00182,regression,train,34,856,116.72,1,0.353,1,0.5149,0,1
regression-00183,regression,val,19,165,48.46,1,0.3896,2,0.8559,1,0
regression-00184,regression,val,19,90,200.0,1,0.6718,2,0.7256,0,1
regression-00185,regression,train,73,38,71.82,1,0.9266,0,0.7422,0,0
regression-00186,regression,train,71,3,89.3,0,0.6274,2,0.5777,0,1
regression-00187,regression,train,48,96,55.22,1,0.4807,4,0.4924,0,1
regression-00188,regression,train,63,556,94.88,1,0.3487,2,0.859,0,1
regression-00189,regression,test,38,442,51.04,0,0.3882,3,0.6394,0,1
regression-00190,regression,train,37,28,101.41,3,0.2448,2,0.6452,1,1
regression-00191,regression,train,25,6,86.15,6,0.5231,2,0.7485,0,1
regression-00192,regression,train,18,73,85.94,1,0.6706,0,0.7372,0,0
regression-00193,regression,train,28,482,61.32,4,0.5792,0,0.487,1,1
regression-00194,regression,train,48,411,117.55,3,0.6695,2,0.5321,1,1
regression-00195,regression,train,55,57,58.23,2,0.6532,0,0.5946,0,1
regression-00196,regression,test,43,394,63.97,0,0.3014,1,0.4249,1,1
regression-00197,regression,val,42,50,67.67,1,0.2879,1,0.5895,1,1
regression-00198,regression,train,51,573,47.58,2,0.6004,2,1.0,0,0
regression-00199,regression,val,34,233,106.24,3,0.1525,1,0.6039,1,1
regression-00200,regression,train,38,585,48.12,2,0.5916,0,0.3437,1,0
regression-00201,regression,train,43,20,102.51,1,0.1574,3,0.8797,1,0
regression-00202,regression,train,60,42,112.08,4,0.6483,2,0.6621,1,1
regression-00203,regression,train,20,801,96.78,0,0.7123,0,0.7921,0,1
regression-00204,regression,val,57,113,109.49,1,0.6164,0,0.7497,0,1
regression-00205,regression,train,44,402,35.42,3,0.5395,1,0.8545,1,0
regression-00206,regression,val,47,134,77.64,3,0.5693,0,0.8563,0,1
regression-00207,regression,train,57,353,79.1,1,0.5947,3,0.3432,0,1
regression-00208,regression,test,29,151,135.82,5,0.3014,3,0.638,1,1
regression-00209,regression,train,43,305,59.85,1,0.4891,3,0.68,1,0
regression-00210,regression,train,20,66,74.01,0,0.5058,1,0.5814,1,1
regression-00211,regression,test,67,1351,70.03,5,0.4276,2,0.646,0,0
regression-00212,regression,train,39,570,200.0,0,0.6616,3,0.5415,0,1
regression-00213,regression,train,62,33,118.47,2,0.5212,2,0.8986,0,1
regression-00214,regression,val,68,395,103.67,4,0.7152,2,0.8429,1,0
regression-00215,regression,train,51,66,150.66,1,0.4873,0,0.8366,0,0
regression-00216,regression,test,41,241,68.17,1,0.4369,0,0.5412,1,1
regression-00217,regression,train,31,178,34.12,1,0.6389,1,0.8138,1,0
regression-00218,regression,val,36,694,71.78,1,0.0803,1,0.8486,1,0
regression-00219,regression,train,24,165,72.45,2,0.5649,1,0.6182,1,1
regression-00220,regression,train,42,9,47.66,0,0.5216,2,0.941,0,0
regression-00221,regression,val,52,27,72.91,3,0.4699,0,0.7109,0,1
regression-00222,regression,train,51,85,74.72,0,0.37,1,0.4851,0,1
regression-00223,regression,train,75,636,97.42,2,0.8877,1,0.4875,0,0
regression-00224,regression,train,31,663,93.36,0,0.5681,1,0.5884,0,1
regression-00225,regression,train,25,98,126.94,1,0.4762,2,0.5806,0,1
regression-00226,regression,train,61,888,61.29,2,0.3017,2,0.6864,0,0
regression-00227,regression,train,44,121,62.81,2,0.3157,0,0.7867,1,1
regression-00228,regression,train,18,496,86.94,3,0.6941,1,0.8657,0,0
regression-00229,regression,val,75,422,68.82,4,0.6993,3,0.5044,0,0
regression-00230,regression,train,68,2100,63.52,3,0.4329,2,0.878,1,0
regression-00231,regression,train,58,699,83.86,1,0.6105,1,0.7034,1,0
regression-00232,regression,train,21,139,54.56,0,0.2052,1,0.7487,1,0
regression-00233,regression,test,24,132,96.51,0,0.4782,2,0.6978,0,0
regression-00234,regression,train,25,69,66.17,2,0.5796,0,0.7767,1,1
regression-00235,regression,train,62,288,58.63,3,0.6017,4,0.8192,0,0
regression-00236,regression,train,43,10,30.19,2,0.6614,5,0.6395,1,1
regression-00237,regression,val,27,293,74.61,1,0.5884,2,0.8357,1,1
regression-00238,regression,train,49,256,45.37,2,0.5367,3,0.6654,0,1
regression-00239,regression,train,59,1270,80.49,1,0.4383,0,0.732,1,0
regression-00240,regression,val,45,591,98.83,1,0.5612,1,0.7642,0,1
regression-00241,regression,train,51,254,89.62,1,0.7017,2,0.6743,0,1
regression-00242,regression,test,45,75,68.96,1,0.9375,4,0.7379,1,0
regression-00243,regression,train,50,1502,94.37,1,0.6314,3,0.6614,0,0
regression-00244,regression,val,28,1772,70.97,2,0.708,1,0.6818,1,0
regression-00245,regression,test,48,330,122.64,0,0.4717,2,0.5764,1,1
regression-00246,regression,train,31,161,119.11,4,0.5128,7,0.5241,0,1
regression-00247,regression,train,66,624,41.81,2,0.5877,5,0.318,1,1
regression-00248,regression,train,51,334,50.46,3,0.5539,3,0.9356,0,0
regression-00249,regression,val,23,705,80.6,1,0.8486,0,0.6699,1,0
regression-00250,regression,train,47,276,117.15,1,0.4141,3,0.7272,0,1
regression-00251,regression,train,38,104,69.13,2,0.6213,3,0.7844,1,1
regression-00252,regression,train,58,206,99.53,1,0.2508,4,0.8974,1,0
regression-00253,regression,train,64,251,76.08,1,0.7285,2,0.6645,0,0
regression-00254,regression,train,36,137,121.09,1,0.6166,2,0.6907,0,1
regression-00255,regression,val,48,326,57.37,2,0.3071,2,0.6404,0,1
regression-00256,regression,test,28,452,112.44,1,0.6501,1,0.6719,0,0
regression-00257,regression,train,75,289,54.8,1,0.7816,3,0.5571,1,1
regression-00258,regression,train,59,895,60.78,4,0.2938,2,0.544,0,0
regression-00259,regression,train,46,211,38.07,1,1.0,1,0.5762,0,0
regression-00260,regression,test,27,454,50.65,4,0.709,3,0.5919,0,0
regression-00261,regression,train,23,251,123.16,4,0.6222,1,0.8151,0,0
regression-00262,regression,train,61,806,82.43,0,0.1968,3,0.5997,0,0
regression-00263,regression,train,33,623,65.16,3,0.4552,2,0.7588,0,0
regression-00264,regression,train,55,87,102.92,0,0.6973,3,1.0,0,0
regression-00265,regression,test,36,375,70.96,1,0.4658,2,0.5855,0,1
regression-00266,regression,train,62,189,81.64,2,0.4892,6,0.614,0,0
regression-00267,regression,val,53,268,92.98,3,0.6771,2,0.8001,1,0
regression-00268,regression,train,62,2267,72.59,1,0.4301,3,0.445,0,0
regression-00269,regression,train,22,3,74.61,5,0.6415,1,0.6666,1,1
regression-00270,regression,train,41,122,65.96,1,0.7016,3,0.5077,0,0
regression-00271,regression,train,35,324,65.41,2,0.6686,4,0.7134,0,0
regression-00272,regression,train,32,118,145.55,1,0.6567,3,0.4254,0,1
regression-00273,regression,val,40,1168,61.63,2,0.7054,0,0.7226,0,0
regression-00274,regression,train,42,259,75.0,3,0.6205,2,0.6881,1,1
regression-00275,regression,train,66,69,89.25,1,0.7261,3,0.735,1,1
regression-00276,regression,train,25,54,159.73,0,0.3397,3,0.7874,0,1
regression-00277,regression,train,74,84,42.77,0,0.5589,2,0.6284,1,0
regression-00278,regression,train,23,12,116.26,1,0.839,1,0.9527,0,0
regression-00279,regression,train,61,250,67.23,2,0.5278,3,0.8715,1,0
regression-00280,regression,train,51,21,63.88,1,0.9682,3,0.3475,0,1
regression-00281,regression,train,43,84,28.98,2,0.3712,1,0.6641,1,1
regression-00282,regression,train,27,57,96.27,2,0.5312,1,0.4327,1,1
regression-00283,regression,train,66,354,84.53,2,0.7262,1,0.9335,0,0
regression-00284,regression,train,28,839,86.25,2,0.7295,2,0.9429,0,0
regression-00285,regression,train,29,105,89.2,2,0.6483,4,0.6788,0,1
regression-00286,regression,train,30,571,58.11,1,0.4656,1,0.5148,1,1
regression-00287,regression,train,28,302,59.74,3,0.4068,1,0.5785,1,1
regression-00288,regression,train,39,661,63.65,0,0.6714,2,0.8933,0,0
regression-00289,regression,train,36,189,81.42,2,0.4073,1,0.6324,0,0
regression-00290,regression,val,74,285,52.38,1,0.5791,0,0.7807,0,0
regression-00291,regression,train,26,858,111.92,3,0.6508,1,0.845,0,0
regression-00292,regression,train,57,1,49.15,2,0.3973,2,0.4808,0,1
regression-00293,regression,train,49,115,61.33,6,0.8691,1,0.7177,1,1
regression-00294,regression,train,31,142,103.47,1,0.3503,2,0.7285,0,1
regression-00295,regression,train,34,547,161.0,1,0.3172,2,0.6514,0,1
regression-00296,regression,test,18,148,69.35,1,0.4285,1,0.6459,1,1
regression-00297,regression,test,44,227,29.58,4,0.6601,1,0.7426,0,0
regression-00298,regression,train,60,121,66.43,0,0.3684,3,0.7249,0,0
regression-00299,regression,train,71,1,50.6,0,0.4891,2,0.809,1,0
regression-00300,regression,train,22,2,48.63,2,0.5988,0,1.0,1,1
regression-00301,regression,val,62,793,70.21,0,0.6554,3,0.6387,1,0
regression-00302,regression,val,73,687,145.15,0,0.2716,1,0.8717,1,0
regression-00303,regression,val,41,623,90.46,0,0.5744,2,0.6634,1,0
regression-00304,regression,val,59,63,68.8,1,0.6218,2,0.5987,1,1
regression-00305,regression,val,26,593,52.06,1,0.5571,3,0.6949,0,0
regression-00306,regression,val,31,169,70.42,1,0.2565,2,0.9093,0,0
regression-00307,regression,train,66,368,126.63,4,0.4418,5,0.8655,0,1
regression-00308,regression,train,19,106,93.34,0,0.5231,1,0.9707,1,1
regression-00309,regression,train,49,58,74.79,1,0.8135,2,0.5779,1,1
regression-00310,regression,train,62,15,41.31,0,0.3954,5,0.5571,1,0
regression-00311,regression,val,41,579,92.58,1,1.0,2,0.5667,0,1
regression-00312,regression,train,34,209,43.73,1,0.6002,2,0.7481,0,0
regression-00313,regression,train,50,1535,138.7,2,0.5813,1,0.8742,0,0
regression-00314,regression,train,56,389,53.5,0,0.8303,1,0.7168,0,1
regression-00315,regression,val,75,36,140.62,2,0.0853,2,0.8494,0,1
regression-00316,regression,train,64,451,123.43,3,0.3072,4,0.8258,1,1
regression-00317,regression,train,48,755,174.86,1,0.6167,1,0.7037,0,1
regression-00318,regression,train,63,22,77.69,1,0.7724,0,0.7611,0,0
regression-00319,regression,test,55,747,85.13,2,0.4967,1,0.5033,1,1
regression-00320,regression,val,24,64,77.27,2,0.204,5,0.7818,1,1
regression-00321,regression,test,41,379,114.04,4,0.268,1,0.6953,0,1
regression-00322,regression,test,49,662,90.7,3,0.1523,1,0.7253,0,1
regression-00323,regression,train,19,5,147.5,2,0.7465,2,0.5788,0,1
regression-00324,regression,train,25,24,23.51,1,0.7066,1,0.7706,1,1
regression-00325,regression,train,32,704,129.08,1,0.6956,2,0.6106,0,1
regression-00326,regression,train,30,353,73.19,1,0.8898,1,0.6018,1,1
regression-00327,regression,train,50,452,72.62,3,0.7154,1,0.6588,0,0
regression-00328,regression,train,45,104,177.95,1,0.721,1,0.9109,1,0
regression-00329,regression,val,61,37,86.77,1,0.6219,3,0.8252,1,0
regression-00330,regression,train,75,86,92.03,3,0.5026,2,0.8516,1,1
regression-00331,regression,train,40,41,112.09,1,0.4213,2,0.4401,0,1
regression-00332,regression,train,38,921,97.18,5,0.2742,3,0.7434,1,1
regression-00333,regression,train,55,61,78.66,1,0.9476,3,0.7567,0,1
regression-00334,regression,val,58,345,39.0,3,1.0,2,0.6957,0,0
regression-00335,regression,train,72,72,167.56,3,0.4953,0,0.6168,0,1
regression-00336,regression,train,72,400,47.05,4,0.718,2,0.7678,1,0
regression-00337,regression,test,60,61,88.14,2,0.7436,0,0.746,0,1
regression-00338,regression,train,30,6,112.69,2,0.4428,3,0.6918,0,1
regression-00339,regression,test,53,101,113.89,3,0.7442,2,0.9705,1,0
regression-00340,regression,train,21,333,78.35,2,0.2762,3,0.2802,1,1
regression-00341,regression,train,28,928,45.68,3,0.7031,0,0.4349,0,1
regression-00342,regression,test,60,151,152.75,0,0.8094,7,0.5693,1,1
regression-00343,regression,test,56,199,87.33,3,0.233,2,0.5151,0,1
regression-00344,regression,train,52,520,63.68,0,0.5819,2,0.8093,1,0
regression-00345,regression,train,75,383,107.36,0,0.3062,0,0.7696,0,0
regression-00346,regression,test,24,207,111.21,1,0.3971,2,0.723,1,1
regression-00347,regression,test,51,64,92.18,1,0.0985,1,0.6092,1,1
regression-00348,regression,test,35,811,62.6,0,0.7783,1,0.6257,0,0
regression-00349,regression,train,75,339,81.29,1,0.8298,1,0.7651,0,1
regression-00350,regression,val,27,513,78.21,2,0.3947,1,0.5516,0,1
regression-00351,regression,val,38,24,70.89,0,0.2012,2,0.8569,1,0
regression-00352,regression,train,34,408,55.87,3,0.4582,1,0.3723,0,1
regression-00353,regression,val,53,58,136.49,1,0.7409,2,0.6648,0,1
regression-00354,regression,train,27,223,91.15,1,0.4387,1,0.7833,0,1
regression-00355,regression,train,30,70,94.33,1,0.4642,0,0.5289,1,1
regression-00356,regression,val,38,312,44.33,2,0.0319,1,0.8501,1,1
regression-00357,regression,val,36,340,68.81,0,0.263,1,0.6392,1,1
regression-00358,regression,train,50,34,96.61,4,0.6048,1,0.9222,1,1
regression-00359,regression,val,27,535,162.53,1,0.6159,1,0.4183,1,1
regression-00360,regression,train,53,498,86.85,0,0.989,0,0.5768,1,0
regression-00361,regression,test,47,395,97.48,1,0.5209,1,0.5699,0,1
regression-00362,regression,val,42,97,40.86,1,0.6867,1,0.7136,0,0
regression-00363,regression,train,30,589,65.39,1,0.6649,4,0.6797,1,0
regression-00364,regression,train,48,147,120.54,3,0.4287,1,0.8344,0,0
regression-00365,regression,test,64,397,56.0,0,0.2984,0,0.8243,1,0
regression-00366,regression,train,20,1000,111.88,0,0.3377,3,0.5027,0,1
regression-00367,regression,test,42,77,81.44,3,0.4087,4,0.6816,1,1
regression-00368,regression,test,46,943,200.0,0,0.6922,4,0.668,0,0
regression-00369,regression,train,49,70,80.8,3,0.703,1,0.7845,0,0
regression-00370,regression,train,34,678,89.86,2,0.525,3,0.5659,1,1
regression-00371,regression,test,72,467,169.05,2,0.8167,3,0.9306,1,0
regression-00372,regression,train,44,302,109.06,0,0.6168,1,0.8091,0,0
regression-00373,regression,train,45,671,57.5,0,0.7577,2,0.5723,0,0
regression-00374,regression,train,54,211,64.58,2,0.597,1,0.3368,1,1
regression-00375,regression,test,39,149,131.73,0,0.7889,1,0.7682,0,0
regression-00376,regression,train,56,281,103.38,1,0.5311,1,1.0,0,0
regression-00377,regression,val,23,567,62.5,1,0.453,2,0.3933,0,1
regression-00378,regression,test,67,167,68.11,0,0.2696,4,0.6201,0,0
regression-00379,regression,train,34,424,45.49,0,1.0,3,0.1961,1,1
regression-00380,regression,test,56,1627,122.91,0,0.7797,1,0.8426,1,0
regression-00381,regression,test,67,1429,93.3,0,0.525,2,0.4811,1,0
regression-00382,regression,val,33,92,73.24,2,0.4493,2,0.6128,0,1
regression-00383,regression,train,41,62,96.32,1,0.6333,2,0.8302,1,0
regression-00384,regression,train,40,135,107.46,2,0.7516,0,0.6693,1,1
regression-00385,regression,test,50,415,40.8,2,0.6653,2,0.5225,1,1
regression-00386,regression,train,60,477,107.6,3,0.5963,4,1.0,0,0
regression-00387,regression,train,24,1130,78.03,0,0.5973,4,0.817,0,0
regression-00388,regression,test,55,228,34.87,2,0.858,3,0.7193,1,1
regression-00389,regression,test,34,542,40.15,2,0.4265,3,0.5348,1,0
regression-00390,regression,train,68,56,58.37,1,0.4864,2,0.8558,0,0
regression-00391,regression,train,67,422,49.12,1,0.4788,3,0.7839,0,0
regression-00392,regression,train,53,317,87.61,0,0.4746,6,0.9074,0,0
regression-00393,regression,train,30,137,78.76,1,0.4544,1,0.6428,1,1
regression-00394,regression,train,73,906,51.95,3,0.5878,1,0.4736,0,0
regression-00395,regression,train,37,590,123.0,2,0.5281,2,0.5566,0,1
regression-00396,regression,train,28,162,67.22,3,0.9257,1,0.5397,0,1
regression-00397,regression,train,65,348,73.71,2,0.6023,3,0.9753,1,0
regression-00398,regression,train,22,312,58.05,1,0.6558,1,0.8358,1,1
regression-00399,regression,train,69,92,92.09,1,0.2436,4,0.663,0,0
regression-00400,regression,test,40,272,42.81,0,0.5268,1,0.834,1,0
regression-00401,regression,train,65,92,31.12,3,0.5336,2,0.9325,0,1
regression-00402,regression,train,24,85,104.13,4,0.5776,1,0.9123,1,1
regression-00403,regression,test,29,306,123.6,2,0.7541,2,0.7353,0,0
regression-00404,regression,train,20,146,106.84,2,0.6979,4,0.4493,0,1
regression-00405,regression,train,25,394,44.44,2,0.7934,3,0.7935,0,0
regression-00406,regression,train,20,434,106.37,1,0.6471,3,0.5282,0,1
regression-00407,regression,train,73,1279,144.07,0,0.7926,4,0.6607,1,0
regression-00408,regression,train,27,578,57.08,1,0.2111,0,0.7267,0,1
regression-00409,regression,train,56,133,49.65,2,0.7439,5,0.7117,0,0
regression-00410,regression,train,55,197,71.49,3,0.8711,2,0.6412,0,0
regression-00411,regression,test,24,1115,57.92,2,0.7117,3,0.8105,0,0
regression-00412,regression,train,18,1,73.44,2,0.4677,2,0.8369,0,0
regression-00413,regression,val,59,914,47.84,0,0.8216,0,0.7901,1,0
regression-00414,regression,train,72,1079,200.0,0,0.0812,1,0.7626,0,0
regression-00415,regression,train,50,278,132.45,0,0.1889,1,0.6955,0,1
regression-00416,regression,train,45,785,110.19,2,0.566,0,0.9236,0,1
regression-00417,regression,train,62,369,44.42,1,0.5329,3,0.8247,0,0
regression-00418,regression,test,36,85,33.84,3,0.1063,1,0.9372,0,0
regression-00419,regression,train,33,245,86.75,2,0.2467,2,0.6672,1,1
regression-00420,regression,train,45,300,83.14,2,0.9459,2,0.7363,0,0
regression-00421,regression,val,19,437,82.75,0,0.6293,2,0.5807,0,0
regression-00422,regression,train,30,828,75.15,1,0.5858,3,0.7236,0,0
regression-00423,regression,train,68,482,29.92,1,0.7623,6,0.582,0,0
regression-00424,regression,train,70,731,179.16,3,0.5398,2,0.3229,0,1
regression-00425,regression,val,57,828,72.12,1,0.4268,4,0.6551,0,0
regression-00426,regression,train,20,277,103.73,1,0.8215,3,0.7285,1,0
regression-00427,regression,train,36,9,127.48,1,0.3855,0,0.5105,0,1
regression-00428,regression,val,39,183,57.15,0,0.6585,6,0.5472,0,0
regression-00429,regression,test,75,35,184.57,1,0.6088,5,0.5915,0,1
regression-00430,regression,train,34,95,59.05,1,0.6411,1,0.7343,0,1
regression-00431,regression,train,29,303,104.76,1,0.472,4,0.6612,0,0
regression-00432,regression,train,20,434,56.66,2,0.861,1,0.5676,1,1
regression-00433,regression,train,30,287,68.24,4,0.7207,0,0.644,1,1
regression-00434,regression,val,37,197,62.11,3,0.8574,2,0.8298,0,0
regression-00435,regression,test,56,1005,114.58,1,0.6731,2,0.699,0,0
regression-00436,regression,train,46,426,102.06,2,0.7294,3,0.8027,0,0
regression-00437,regression,val,36,85,55.48,0,0.6861,3,1.0,0,0
regression-00438,regression,train,34,352,36.89,0,0.5976,2,0.7228,1,0
regression-00439,regression,val,61,507,165.8,3,0.56,3,0.7626,1,1
regression-00440,regression,train,68,37,37.13,0,0.7695,3,0.7384,1,0
regression-00441,regression,train,49,1350,133.59,2,0.215,2,0.72,0,0
regression-00442,regression,train,66,631,92.53,2,0.6881,2,0.9522,0,0
regression-00443,regression,train,41,282,61.74,0,0.6056,2,0.5382,0,0
regression-00444,regression,train,22,564,102.39,1,0.7118,2,0.7351,1,1
regression-00445,regression,train,19,872,60.74,3,0.2966,0,0.7112,0,1
regression-00446,regression,train,41,14,83.29,0,0.7688,4,0.7762,1,0
regression-00447,regression,val,21,138,79.85,1,0.5893,1,0.5675,0,1
regression-00448,regression,train,75,295,67.64,2,0.4658,1,0.7953,0,0
regression-00449,regression,test,35,61,60.86,2,0.4626,2,0.891,0,0
regression-00450,regression,val,28,131,33.6,1,0.497,2,0.8398,0,0
regression-00451,regression,train,61,487,67.93,1,0.6841,3,0.6676,0,0
regression-00452,regression,train,29,587,61.14,2,0.5649,4,0.7566,0,0
regression-00453,regression,train,63,58,66.84,1,0.3145,3,0.8861,1,1
regression-00454,regression,train,52,910,153.75,1,0.3379,3,0.4752,0,1
regression-00455,regression,test,55,1241,90.3,2,0.7816,1,0.6533,1,0
regression-00456,regression,val,18,77,71.59,2,0.4613,2,0.6107,0,1
regression-00457,regression,val,62,486,69.51,0,0.5838,0,0.7268,0,0
regression-00458,regression,test,47,205,79.24,0,0.3625,1,0.6558,0,1
regression-00459,regression,train,28,1515,37.76,3,0.3953,2,0.6842,0,0
regression-00460,regression,val,32,153,76.38,0,0.6881,1,0.6526,0,1
regression-00461,regression,train,69,457,45.8,0,0.1979,1,0.8118,0,0
regression-00462,regression,train,59,598,101.78,0,0.4534,2,0.4934,1,1
regression-00463,regression,train,41,47,176.44,2,0.4656,6,0.7697,1,1
regression-00464,regression,train,37,620,48.46,0,0.1302,4,0.8439,1,0
regression-00465,regression,train,57,716,46.68,0,0.4487,0,0.7835,1,0
regression-00466,regression,test,61,1054,72.24,2,0.5384,3,0.4381,0,0
regression-00467,regression,test,54,319,70.24,3,0.3275,2,0.4221,1,1
regression-00468,regression,test,31,17,96.14,2,0.8463,2,0.7946,1,0
regression-00469,regression,val,66,672,151.46,0,0.5583,4,0.7758,0,0
regression-00470,regression,train,58,151,62.95,1,0.7525,3,1.0,0,1
regression-00471,regression,train,32,236,115.55,2,0.4969,3,0.7004,1,1
regression-00472,regression,train,22,1366,124.5,1,0.2841,3,0.7447,1,0
regression-00473,regression,train,71,823,58.79,2,0.8483,1,0.6736,0,0
regression-00474,regression,train,48,24,87.22,3,0.7301,1,0.5415,0,1
regression-00475,regression,train,19,179,80.16,2,0.1743,1,0.6446,1,1
regression-00476,regression,train,26,36,57.85,2,0.2834,2,1.0,0,0
regression-00477,regression,test,36,380,46.48,1,0.8578,2,0.7591,0,0
regression-00478,regression,val,30,277,124.29,2,0.6877,1,0.5486,0,1
regression-00479,regression,test,71,549,66.49,0,0.5242,1,0.6074,0,0
regression-00480,regression,val,51,5,97.62,2,0.6979,2,0.7596,1,1
regression-00481,regression,train,74,359,187.89,1,0.5734,2,0.7224,1,1
regression-00482,regression,train,62,562,116.2,1,0.3592,1,0.5717,1,1
regression-00483,regression,train,59,690,61.06,2,0.691,4,0.4344,1,0
regression-00484,regression,val,25,89,199.54,3,0.0894,4,0.7833,0,1
regression-00485,regression,train,38,77,136.11,0,0.8299,4,0.7023,1,0
regression-00486,regression,train,46,381,101.05,3,0.2701,4,0.5063,0,1
regression-00487,regression,train,40,33,139.58,1,0.371,4,0.8523,0,1
regression-00488,regression,train,72,31,50.86,1,0.8508,2,0.9406,0,0
regression-00489,regression,test,32,374,77.56,2,0.4332,1,0.7009,1,1
regression-00490,regression,train,49,136,121.56,1,0.6226,1,0.5443,1,1
regression-00491,regression,val,23,2600,53.32,1,0.3568,1,0.6537,0,0
regression-00492,regression,train,58,171,136.09,0,0.588,3,0.5086,0,0
regression-00493,regression,train,67,171,68.21,0,0.3358,2,0.5206,0,0
regression-00494,regression,train,75,1446,59.84,0,0.9109,2,0.8007,1,0
regression-00495,regression,train,65,282,115.03,2,0.8112,1,0.4606,0,0
regression-00496,regression,train,28,42,105.9,2,0.5767,2,0.6991,1,1
regression-00497,regression,train,59,128,53.81,1,0.7687,0,0.3789,1,1
regression-00498,regression,train,32,521,135.94,1,0.3838,1,0.7047,0,0
regression-00499,regression,train,37,137,54.7,1,0.6317,2,0.6573,0,0
regression-00500,regression,test,37,391,33.37,1,0.8884,1,0.844,1,0
regression-00501,regression,train,39,820,35.04,2,0.2454,1,0.7165,0,0
regression-00502,regression,train,72,789,50.0,4,0.252,5,0.946,0,0
regression-00503,regression,train,75,117,103.53,1,0.4668,1,0.86,1,0
regression-00504,regression,test,38,201,90.87,1,0.4772,2,0.4904,0,0
regression-00505,regression,val,39,40,35.65,4,0.7174,3,0.5502,0,0
regression-00506,regression,train,34,597,85.54,1,0.6657,0,0.7984,1,1
regression-00507,regression,train,59,788,97.58,0,0.9747,1,0.5558,0,0
regression-00508,regression,train,64,101,58.46,3,0.3706,0,0.3621,0,1
regression-00509,regression,val,19,105,71.48,1,0.7602,1,0.6482,0,1
regression-00510,regression,train,38,560,30.23,3,0.6563,1,0.6413,0,0
regression-00511,regression,val,56,39,65.45,3,0.4552,3,0.8181,0,1
regression-00512,regression,train,37,115,134.91,1,0.9298,2,1.0,0,0
regression-00513,regression,train,62,61,91.49,4,0.4775,1,0.6586,1,1
regression-00514,regression,train,62,67,48.91,1,0.8784,2,0.6226,0,0
regression-00515,regression,test,52,47,165.32,4,0.6061,2,0.9865,1,0
regression-00516,regression,train,70,134,51.54,2,0.2738,2,0.785,0,0
regression-00517,regression,train,67,141,102.74,3,0.8721,3,0.711,1,1
regression-00518,regression,train,39,970,93.43,1,0.5509,1,0.8759,1,0
regression-00519,regression,val,49,409,102.47,1,0.4474,2,0.5194,1,1
regression-00520,regression,test,47,985,68.71,1,0.687,1,0.7198,1,0
regression-00521,regression,train,67,337,67.17,5,0.456,0,0.7877,0,1
regression-00522,regression,train,45,270,80.41,3,1.0,2,0.5278,0,1
regression-00523,regression,val,35,150,64.69,1,0.454,1,0.7808,1,1
regression-00524,regression,train,41,1223,66.46,1,0.903,3,0.7404,0,0
regression-00525,regression,train,52,208,125.1,3,0.3874,4,0.6197,1,1
regression-00526,regression,test,33,338,50.02,0,0.6466,5,0.6729,0,0
regression-00527,regression,train,72,949,38.99,2,0.6508,1,0.7254,0,0
regression-00528,regression,train,26,441,53.51,1,0.5037,4,0.8059,0,0
regression-00529,regression,train,54,12,73.0,1,0.8175,3,0.6298,1,0
regression-00530,regression,train,53,149,70.08,3,0.9012,2,0.9401,1,1
regression-00531,regression,train,66,366,93.79,6,0.5042,3,0.878,0,1
regression-00532,regression,train,25,486,152.02,3,0.3643,2,0.6402,1,0
regression-00533,regression,train,49,430,23.51,2,0.4401,3,0.7163,0,0
regression-00534,regression,train,66,5,72.11,0,0.8994,4,0.8355,1,0
regression-00535,regression,test,50,589,74.32,1,0.6435,2,0.5045,1,1
regression-00536,regression,train,57,471,77.56,0,0.7483,3,1.0,0,0
regression-00537,regression,train,71,44,76.91,0,0.6843,3,0.685,1,1
regression-00538,regression,train,40,50,121.48,0,0.4766,1,0.7638,0,0
regression-00539,regression,train,51,308,116.63,0,0.7985,3,0.8479,0,0
regression-00540,regression,train,58,370,102.33,1,0.4388,5,0.8385,0,0
regression-00541,regression,train,38,691,33.77,3,0.9858,2,0.6094,1,0
regression-00542,regression,train,67,285,111.21,1,0.4225,2,0.7059,1,0
regression-00543,regression,test,26,219,74.85,0,0.8447,2,0.8441,0,0
regression-00544,regression,train,31,273,113.12,1,0.5406,2,0.6174,0,1
regression-00545,regression,train,75,770,80.08,2,0.4984,1,0.9107,1,0
regression-00546,regression,val,65,296,57.38,0,0.4056,2,0.5169,0,1
regression-00547,regression,train,57,344,105.99,0,0.5282,2,0.8607,1,1
regression-00548,regression,train,51,195,109.15,2,0.5992,3,0.6117,0,0
regression-00549,regression,train,57,451,39.71,1,0.9774,4,0.9407,0,0
regression-00550,regression,train,35,417,80.28,0,0.2019,3,0.8335,0,0
regression-00551,regression,train,66,169,75.37,2,0.7997,4,0.8155,0,0
regression-00552,regression,train,33,800,56.22,2,0.547,1,0.722,0,0
regression-00553,regression,val,41,1745,74.8,1,0.4591,2,0.7028,1,0
regression-00554,regression,train,69,345,135.56,1,0.8012,1,0.4385,0,1
regression-00555,regression,test,45,6,66.28,1,0.2416,3,0.5552,0,1
regression-00556,regression,train,41,36,93.72,1,0.6457,0,0.806,1,1
regression-00557,regression,train,53,1091,97.32,2,0.804,3,0.6173,1,0
regression-00558,regression,test,69,859,52.65,1,0.5497,0,0.6898,0,0
regression-00559,regression,train,40,54,99.68,0,0.4038,4,0.6603,1,1
regression-00560,regression,train,27,244,26.86,1,0.7433,2,0.6534,1,1
regression-00561,regression,train,29,619,63.5,1,0.1681,2,0.6819,0,1
regression-00562,regression,train,59,556,48.48,0,0.3897,3,0.5196,0,0
regression-00563,regression,train,63,782,89.17,3,0.4125,6,0.9749,0,0
regression-00564,regression,train,64,436,67.53,2,0.5781,3,0.5316,0,0
regression-00565,regression,train,74,748,43.96,2,0.5313,2,0.8069,1,0
regression-00566,regression,train,23,201,109.2,3,0.3959,3,0.5452,1,1
regression-00567,regression,test,72,149,107.01,1,0.6342,1,0.5838,1,1
regression-00568,regression,train,43,50,106.45,1,0.6299,3,0.7344,0,1
regression-00569,regression,test,69,280,76.97,1,0.7443,4,0.619,1,0
regression-00570,regression,train,20,113,77.2,0,0.5373,4,0.8055,0,0
regression-00571,regression,val,36,49,63.88,1,0.7849,2,0.6246,0,0
regression-00572,regression,val,30,2265,59.5,1,0.5089,0,0.8105,1,0
regression-00573,regression,train,41,117,66.48,0,0.5406,1,0.4302,0,1
regression-00574,regression,train,35,70,95.26,2,0.4284,3,0.7338,0,1
regression-00575,regression,train,34,1112,48.47,0,0.3038,0,0.6338,1,1
regression-00576,regression,val,48,222,84.2,3,0.522,1,0.6337,1,1
regression-00577,regression,train,72,385,51.53,2,0.3689,1,0.8081,1,0
regression-00578,regression,test,35,805,110.65,0,0.4243,0,0.8059,0,0
regression-00579,regression,test,25,240,102.47,0,0.5748,0,0.5325,1,1
regression-00580,regression,train,33,473,84.11,0,0.8721,4,0.6323,0,0
regression-00581,regression,val,29,129,73.37,1,0.1458,2,0.7235,0,1
regression-00582,regression,train,51,381,120.91,2,0.5511,2,0.8005,0,0
regression-00583,regression,train,24,1953,70.29,1,0.764,2,0.6499,0,0
regression-00584,regression,train,55,166,52.14,0,0.0744,0,0.6263,1,1
regression-00585,regression,train,33,244,59.25,4,0.7584,3,0.7585,0,1
regression-00586,regression,train,54,539,88.26,2,0.3437,4,0.868,1,0
regression-00587,regression,test,30,123,39.58,2,0.8632,1,0.4405,0,1
regression-00588,regression,test,70,934,53.8,2,0.6944,0,0.5275,1,1
regression-00589,regression,train,55,142,71.22,1,0.5775,0,0.58,0,1
regression-00590,regression,test,48,345,102.67,2,0.6454,0,0.8617,1,0
regression-00591,regression,train,73,78,39.26,1,0.7795,2,0.8273,0,0
regression-00592,regression,train,36,7,76.52,0,0.3233,2,0.7965,0,1
regression-00593,regression,train,47,494,63.23,1,0.8886,3,0.6138,0,0
regression-00594,regression,val,40,295,93.19,3,0.7841,2,0.8078,0,0
regression-00595,regression,train,23,10,75.05,4,0.2322,2,0.6657,0,1
regression-00596,regression,train,34,308,121.11,2,0.5649,3,0.5459,1,1
regression-00597,regression,test,42,66,71.74,1,0.7434,2,0.7486,0,0
regression-00598,regression,val,28,839,146.29,1,0.6442,2,0.6508,0,1
regression-00599,regression,train,39,412,57.8,5,0.5863,4,0.5149,0,1
regression-00600,regression,val,55,248,84.74,1,0.7836,3,0.7008,1,0
regression-00601,regression,train,65,406,107.58,4,0.389,2,0.6799,0,1
regression-00602,regression,test,39,302,108.93,0,0.4139,2,0.7086,0,1
regression-00603,regression,train,74,944,66.78,1,0.6826,4,0.714,0,0
regression-00604,regression,val,68,89,44.77,0,0.4292,4,0.991,0,0
regression-00605,regression,val,71,1272,85.9,0,1.0,2,0.4333,0,0
regression-00606,regression,train,72,188,42.95,2,0.6466,5,0.9003,0,0
regression-00607,regression,train,54,65,35.79,0,0.3301,2,1.0,0,0
regression-00608,regression,train,44,853,111.0,1,0.2018,6,0.3582,1,1
regression-00609,regression,train,47,121,44.31,2,0.6385,2,0.569,0,0
regression-00610,regression,train,45,359,104.48,0,0.7091,4,0.8026,0,1
regression-00611,regression,train,75,37,79.77,2,0.5262,1,0.5307,1,1
regression-00612,regression,val,24,439,59.83,1,0.7619,3,0.2981,0,0
regression-00613,regression,train,47,439,68.69,1,0.4791,1,0.881,0,0
regression-00614,regression,train,60,138,79.41,1,0.4828,2,0.9403,0,0
regression-00615,regression,train,58,381,80.19,1,0.8962,1,0.6651,1,0
regression-00616,regression,train,68,1395,63.77,0,0.6987,0,0.6132,1,0
regression-00617,regression,test,39,450,90.55,2,0.227,3,0.8484,1,1
regression-00618,regression,train,37,340,94.08,2,0.1905,1,0.7005,0,1
regression-00619,regression,train,57,68,93.35,0,0.3362,1,0.6997,1,1
regression-00620,regression,val,26,34,140.81,0,0.1832,2,0.7709,0,0
regression-00621,regression,train,26,5,117.56,2,0.5482,3,0.501,1,1
regression-00622,regression,train,24,83,82.88,1,0.5314,2,0.6941,1,1
regression-00623,regression,val,57,272,66.55,0,0.1959,3,0.6905,0,0
regression-00624,regression,train,29,10,31.05,1,0.6088,0,0.9211,0,0
regression-00625,regression,train,32,1010,44.56,0,0.3784,4,0.4946,0,1
regression-00626,regression,train,40,23,87.36,1,0.3375,1,0.6023,1,1
regression-00627,regression,test,19,186,121.6,2,0.6595,1,0.5784,1,1
regression-00628,regression,train,58,863,27.79,0,0.2806,0,0.5108,1,0
regression-00629,regression,train,66,370,46.91,0,0.3779,0,0.7281,1,0
regression-00630,regression,val,54,258,83.18,3,0.4808,2,0.575,0,1
regression-00631,regression,train,39,735,85.21,1,0.4967,0,0.7437,0,0
regression-00632,regression,test,29,599,71.58,1,0.6307,4,0.7108,0,0
regression-00633,regression,train,46,151,113.93,1,0.4766,1,0.8264,1,1
regression-00634,regression,train,33,1183,136.93,0,0.175,0,0.6516,0,1
regression-00635,regression,train,52,727,37.52,3,0.3317,3,0.82,0,0
regression-00636,regression,train,74,246,137.19,2,0.5944,2,0.4993,0,1
regression-00637,regression,train,27,568,40.89,0,0.3244,2,0.5576,0,1
regression-00638,regression,train,59,152,61.25,0,0.5878,1,0.6967,1,1
regression-00639,regression,test,62,213,128.43,2,0.5618,4,0.8868,1,0
regression-00640,regression,train,62,317,101.64,1,0.6143,0,0.9559,1,0
regression-00641,regression,train,50,803,75.92,0,0.2851,1,0.9702,0,0
regression-00642,regression,val,57,80,57.54,0,0.5821,3,0.6641,0,0
regression-00643,regression,train,69,66,56.42,1,0.1124,2,0.6155,1,1
regression-00644,regression,val,25,116,36.88,1,0.2835,3,0.72,1,1
regression-00645,regression,train,61,120,151.13,1,0.5001,1,0.7359,1,0
regression-00646,regression,train,49,203,32.36,4,0.3815,2,0.8686,0,1
regression-00647,regression,train,34,112,76.15,2,0.4135,2,0.7795,0,1
regression-00648,regression,train,61,1010,47.95,0,0.4227,2,0.8317,0,0
regression-00649,regression,test,37,443,55.0,0,0.1084,3,0.5735,0,1
regression-00650,regression,train,29,708,134.93,1,0.4497,4,0.6593,1,0
regression-00651,regression,train,69,397,121.15,1,1.0,3,0.6716,0,1
regression-00652,regression,train,68,657,64.29,2,0.6198,3,0.6348,0,0
regression-00653,regression,train,64,413,42.45,5,0.5881,3,0.9449,0,0
regression-00654,regression,train,18,1362,81.39,3,0.5345,3,0.6761,1,0
regression-00655,regression,train,69,133,96.69,2,0.2371,2,0.6875,0,1
regression-00656,regression,test,65,211,106.47,0,0.62,3,0.7578,1,0
regression-00657,regression,train,24,371,40.58,1,0.3101,3,0.4964,1,1
regression-00658,regression,train,70,699,71.85,3,0.7244,5,0.4897,1,1
regression-00659,regression,train,69,84,32.12,0,0.6852,2,0.4865,0,0
regression-00660,regression,train,36,715,72.07,3,0.1718,0,0.5574,1,1
regression-00661,regression,test,20,84,98.0,2,0.4032,6,0.6583,0,1
regression-00662,regression,train,72,229,139.48,1,0.4924,0,0.4968,0,1
regression-00663,regression,train,48,126,75.56,2,0.8403,2,0.3157,0,1
regression-00664,regression,train,75,998,105.3,0,0.5435,5,0.7271,1,0
regression-00665,regression,val,49,508,73.09,3,0.5954,4,0.6737,1,0
regression-00666,regression,train,24,145,77.8,1,0.5231,2,0.4946,0,1
regression-00667,regression,test,54,9,70.53,0,0.5376,0,0.5956,1,1
regression-00668,regression,val,43,427,50.56,4,0.4064,3,0.8257,0,1
regression-00669,regression,train,42,70,90.97,1,0.3857,0,0.5438,0,1
regression-00670,regression,train,47,140,102.85,0,0.5906,2,0.8545,1,1
regression-00671,regression,train,41,723,80.48,0,0.258,3,0.6523,0,0
regression-00672,regression,train,70,764,53.54,1,0.9064,1,0.4695,0,1
regression-00673,regression,train,65,193,146.34,2,0.3936,3,0.5894,0,1
regression-00674,regression,val,19,4,107.17,2,0.586,1,0.8979,1,1
regression-00675,regression,test,19,359,91.27,3,0.8387,3,0.5627,0,1
regression-00676,regression,train,42,443,82.91,1,0.6376,0,0.6699,0,1
regression-00677,regression,train,63,6,43.67,0,0.7178,1,0.606,1,0
regression-00678,regression,train,41,336,114.76,2,0.7832,0,0.8655,1,1
regression-00679,regression,train,70,114,84.78,2,0.288,1,0.5296,1,1
regression-00680,regression,train,75,137,149.59,1,0.3306,1,0.7805,1,0
regression-00681,regression,train,22,62,50.84,1,0.4754,2,0.6456,0,0
regression-00682,regression,val,25,253,125.26,5,0.7044,0,0.6622,1,1
regression-00683,regression,train,36,137,43.63,1,0.4241,2,0.8486,1,1
regression-00684,regression,train,46,13,107.74,4,0.7414,3,0.7647,1,1
regression-00685,regression,test,21,770,157.17,0,0.576,2,0.5495,1,1
regression-00686,regression,val,22,147,35.73,1,1.0,1,0.5624,0,0
regression-00687,regression,train,47,442,78.44,1,0.3947,2,0.7341,1,0
regression-00688,regression,train,41,262,93.27,1,0.6276,1,0.5255,0,1
regression-00689,regression,val,38,207,126.62,1,0.4398,1,0.5745,0,0
regression-00690,regression,train,53,37,40.73,0,0.6446,2,0.861,0,0
regression-00691,regression,test,67,602,67.25,3,0.3774,1,0.6299,1,1
regression-00692,regression,train,21,615,51.07,1,0.6613,3,0.6083,1,0
regression-00693,regression,train,40,104,116.38,1,0.5859,2,0.5639,1,1
regression-00694,regression,train,70,257,75.71,2,0.6061,3,0.6714,1,0
regression-00695,regression,train,69,179,155.31,1,0.8315,1,0.7462,0,1
regression-00696,regression,train,51,421,86.44,0,0.7566,1,0.5466,1,1
regression-00697,regression,val,46,122,46.99,0,0.5545,1,0.8636,1,0
regression-00698,regression,val,61,581,69.72,1,0.9319,0,0.6484,0,0
regression-00699,regression,train,66,519,79.5,1,0.3889,1,0.5373,0,1
regression-00700,regression,val,70,152,59.08,2,0.3452,1,0.5811,1,1
regression-00701,regression,train,69,1347,94.55,4,0.4237,5,0.7649,0,0
regression-00702,regression,train,20,386,98.49,0,0.4029,3,0.6399,0,0
regression-00703,regression,train,23,233,28.39,1,0.8208,3,0.8185,1,0
regression-00704,regression,val,61,323,60.95,1,0.8414,2,0.6759,1,1
regression-00705,regression,train,25,154,137.18,0,0.6267,4,0.5689,0,1
regression-00706,regression,train,55,157,114.31,1,0.2095,2,0.6043,0,1
regression-00707,regression,train,60,206,68.79,1,0.3925,3,0.7384,0,0
regression-00708,regression,train,36,1080,91.29,0,0.9753,2,0.7523,0,0
regression-00709,regression,test,74,88,91.69,0,0.5173,1,0.6239,0,1
regression-00710,regression,train,70,333,50.62,1,0.1982,1,0.4944,0,1
regression-00711,regression,test,23,367,40.01,0,0.3666,2,0.8282,1,0
regression-00712,regression,train,41,157,88.43,0,0.1578,3,0.5205,1,0
regression-00713,regression,train,18,6,36.79,2,0.4605,3,0.8341,0,0
regression-00714,regression,val,64,262,45.76,0,0.5238,1,0.5798,1,0
regression-00715,regression,val,36,123,99.85,3,0.6151,3,0.6686,0,1
regression-00716,regression,train,25,357,117.67,1,0.9505,4,0.4897,1,0
regression-00717,regression,val,60,348,56.25,1,0.3924,4,0.7579,1,1
regression-00718,regression,val,55,854,65.05,0,0.286,2,0.7322,0,0
regression-00719,regression,train,58,1081,58.16,1,0.3722,1,0.6134,1,1
regression-00720,regression,test,57,687,91.69,0,0.5424,2,0.6488,0,0
regression-00721,regression,val,41,45,66.61,2,0.4149,2,0.4377,0,1
regression-00722,regression,train,65,134,65.33,1,0.5609,3,0.9576,1,1
regression-00723,regression,train,19,224,84.0,1,0.3665,1,0.7656,0,1
regression-00724,regression,val,71,724,78.69,3,0.475,0,0.7372,1,1
regression-00725,regression,test,20,6,53.15,0,0.8433,1,0.9153,1,1
regression-00726,regression,test,39,121,114.22,4,0.513,0,0.9211,0,1
regression-00727,regression,train,68,221,93.54,1,0.5744,4,0.5968,0,1
regression-00728,regression,test,62,52,93.4,0,0.2356,2,0.669,0,1
regression-00729,regression,train,48,10,58.5,1,0.3186,3,0.7728,1,1
regression-00730,regression,test,21,5,102.84,1,0.7055,1,0.6965,1,0
regression-00731,regression,test,34,626,148.38,3,0.6526,1,0.6374,0,1
regression-00732,regression,train,49,212,102.85,2,0.776,2,0.6108,0,1
regression-00733,regression,train,53,72,43.36,2,0.7012,1,0.6412,0,1
regression-00734,regression,train,60,274,74.96,2,0.6209,2,0.7721,0,0
regression-00735,regression,train,35,666,91.82,1,0.6142,3,0.5775,0,0
regression-00736,regression,train,19,1204,170.4,2,0.352,2,0.652,0,0
regression-00737,regression,val,74,123,48.08,3,0.2908,1,0.4705,1,1
regression-00738,regression,test,60,918,46.96,1,0.8024,3,0.6734,1,0
regression-00739,regression,test,72,94,75.48,2,0.4237,2,0.6437,1,0
regression-00740,regression,train,18,182,115.2,3,0.2683,1,0.4011,0,1
regression-00741,regression,train,54,237,87.06,4,0.5267,1,0.829,1,1
regression-00742,regression,train,37,263,56.98,3,0.3918,3,0.622,1,1
regression-00743,regression,train,32,332,42.8,0,0.3791,4,0.8299,1,0
regression-00744,regression,train,53,166,58.67,1,0.5802,2,0.8008,0,1
regression-00745,regression,val,24,199,99.4,3,0.5076,1,0.8403,0,1
regression-00746,regression,test,32,86,105.94,0,0.686,3,0.6539,0,0
regression-00747,regression,train,18,651,81.58,3,0.5503,1,0.5188,0,1
regression-00748,regression,train,41,368,138.25,1,0.8125,2,0.7023,0,0
regression-00749,regression,train,44,2123,75.37,1,0.7636,2,0.7538,1,0
regression-00750,regression,train,72,128,136.62,3,0.4232,6,0.8775,0,0
regression-00751,regression,train,61,96,80.07,0,0.4702,2,0.7056,1,0
regression-00752,regression,test,32,47,158.89,3,0.2442,4,0.6329,1,1
regression-00753,regression,train,64,62,109.05,0,0.5039,0,0.4734,1,1
regression-00754,regression,train,69,178,97.72,1,0.472,0,0.6242,0,0
regression-00755,regression,train,59,72,167.59,1,0.4051,2,0.6389,1,1
regression-00756,regression,train,18,611,91.61,2,0.336,2,0.5675,0,1
regression-00757,regression,train,18,926,71.14,1,0.4142,0,1.0,1,0
regression-00758,regression,test,26,1176,93.43,1,0.4399,2,0.7569,0,0
regression-00759,regression,train,66,180,124.39,2,0.4119,1,0.5879,0,0
regression-00760,regression,test,57,390,100.67,1,0.4457,1,0.6585,1,1
regression-00761,regression,train,35,32,77.3,1,0.2329,1,0.7241,0,1
regression-00762,regression,train,48,397,57.55,0,0.7324,3,0.8262,1,0
regression-00763,regression,val,47,326,87.19,2,0.873,2,0.6556,0,0
regression-00764,regression,train,27,361,78.21,3,0.6573,3,0.4368,1,1
regression-00765,regression,val,65,80,48.24,3,0.6673,5,0.767,0,0
regression-00766,regression,train,58,1982,160.03,2,0.6828,2,0.7263,0,0
regression-00767,regression,val,26,168,53.12,0,0.6475,0,0.3019,0,1
regression-00768,regression,train,22,763,76.73,0,0.0599,0,0.5735,0,1
regression-00769,regression,train,39,708,136.31,4,0.9264,3,0.7776,0,0
regression-00770,regression,train,38,39,42.41,1,0.5191,2,0.7857,0,0
regression-00771,regression,train,32,103,76.6,3,0.4542,2,0.4995,0,1
regression-00772,regression,train,28,34,74.4,3,0.5379,2,0.7751,1,1
regression-00773,regression,train,43,357,175.86,5,0.4197,2,0.5356,1,1
regression-00774,regression,train,56,185,117.85,3,0.5845,1,0.5587,0,1
regression-00775,regression,train,29,376,143.38,1,0.4299,3,0.48,0,1
regression-00776,regression,train,43,265,67.75,1,0.2274,4,0.7498,1,0
regression-00777,regression,train,18,68,76.2,2,0.6191,3,0.7787,0,1
regression-00778,regression,val,66,1407,78.01,0,0.3868,0,0.4019,1,0
regression-00779,regression,val,39,903,69.16,0,0.8432,2,0.625,1,0
regression-00780,regression,train,53,878,104.28,1,0.6615,2,0.7135,0,0
regression-00781,regression,train,49,128,95.12,2,0.6475,1,0.5733,0,1
regression-00782,regression,test,31,394,139.81,3,0.4097,3,0.8195,1,1
regression-00783,regression,train,54,235,112.77,0,0.4971,1,0.6186,0,1
regression-00784,regression,train,33,27,65.83,2,0.3182,1,0.6673,0,1
regression-00785,regression,train,31,111,42.5,2,0.5186,1,0.8624,0,0
regression-00786,regression,test,69,140,116.84,2,0.4865,0,0.8586,1,1
regression-00787,regression,val,52,1,86.87,2,0.6866,0,0.9154,1,0
regression-00788,regression,train,73,681,72.15,1,0.6839,0,0.8232,0,0
regression-00789,regression,val,20,121,63.36,2,0.5652,2,0.4645,1,1
regression-00790,regression,val,31,136,73.8,0,0.5588,3,0.5057,0,0
regression-00791,regression,train,27,507,105.47,1,0.2144,5,0.5596,0,0
regression-00792,regression,train,44,282,144.48,0,0.5919,0,0.6293,0,0
regression-00793,regression,train,33,385,87.11,1,0.528,0,0.8334,0,1
regression-00794,regression,train,22,24,70.36,3,0.6259,1,0.5613,1,1
regression-00795,regression,train,23,446,90.98,3,0.5584,3,0.6899,1,1
regression-00796,regression,test,58,991,28.12,0,0.5123,3,0.7587,0,0
regression-00797,regression,train,32,409,34.47,0,0.7315,1,0.6991,0,0
regression-00798,regression,train,36,18,54.69,1,0.3819,0,0.8915,0,0
regression-00799,regression,test,63,75,95.28,1,0.7776,1,0.8378,0,1
regression-00800,regression,val,67,142,59.14,1,0.4679,1,0.7527,0,1
regression-00801,regression,train,29,558,74.22,1,0.6256,1,0.785,0,1
regression-00802,regression,test,28,690,66.45,1,0.9029,4,0.7683,1,0
regression-00803,regression,train,39,595,110.27,3,0.3527,1,0.5654,1,1
regression-00804,regression,test,29,88,83.02,1,0.5365,1,1.0,1,0
regression-00805,regression,train,32,753,72.34,2,0.2858,3,0.4949,1,1
regression-00806,regression,train,21,112,84.13,1,0.2477,1,0.6205,0,1
regression-00807,regression,val,33,626,61.73,3,0.2339,2,0.6298,0,1
regression-00808,regression,train,68,155,95.28,1,0.6713,3,0.6634,0,0
regression-00809,regression,test,68,523,55.76,3,0.4262,2,0.6115,0,1
regression-00810,regression,train,25,588,138.85,1,0.385,2,0.6617,1,1
regression-00811,regression,train,64,91,71.64,1,0.4951,3,0.7605,0,0
regression-00812,regression,train,62,578,149.33,2,0.2719,1,0.8127,1,1
regression-00813,regression,test,29,27,104.68,1,0.2036,3,0.6816,0,1
regression-00814,regression,test,39,433,72.7,1,0.1654,1,0.4966,1,1
regression-00815,regression,test,48,129,44.45,1,0.8212,1,0.905,0,0
regression-00816,regression,train,48,44,62.8,0,0.4967,4,0.42,0,1
regression-00817,regression,train,19,485,56.3,3,0.6848,0,0.3601,1,1
regression-00818,regression,train,32,138,158.84,1,0.3242,1,0.7464,0,1
regression-00819,regression,train,49,427,96.94,2,0.8225,3,0.7521,1,1
regression-00820,regression,val,47,90,59.01,0,0.9582,2,1.0,1,0
regression-00821,regression,train,51,451,134.06,1,0.4472,0,0.558,1,1
regression-00822,regression,test,46,294,43.3,1,0.2873,3,0.5648,0,0
regression-00823,regression,train,26,43,151.21,0,0.633,3,0.6521,1,1
regression-00824,regression,train,55,1015,34.01,2,0.5067,2,0.5468,0,0
regression-00825,regression,train,28,132,112.9,0,0.4106,1,0.7441,1,0
regression-00826,regression,train,66,583,96.07,2,0.3459,4,0.6379,0,0
regression-00827,regression,train,30,47,45.47,2,0.2706,2,0.7607,1,1
regression-00828,regression,train,75,156,69.65,1,0.1473,2,0.5266,0,1
regression-00829,regression,val,24,191,97.63,1,0.1039,2,0.6966,0,1
regression-00830,regression,train,21,97,47.07,1,0.6921,2,0.7859,0,0
regression-00831,regression,train,40,133,44.94,2,0.2052,4,0.676,0,1
regression-00832,regression,train,26,258,129.59,2,0.6695,3,0.5996,1,0
regression-00833,regression,train,72,518,134.47,2,0.4814,2,0.776,0,0
regression-00834,regression,train,45,110,119.89,1,0.6551,2,0.4915,0,1
regression-00835,regression,val,73,737,45.56,1,0.5056,2,0.9389,0,0
regression-00836,regression,train,36,443,139.68,2,0.888,2,0.7837,0,0
regression-00837,regression,train,63,334,103.8,1,0.693,3,0.8551,0,0
regression-00838,regression,train,50,53,112.25,0,0.6382,1,0.7299,1,0
regression-00839,regression,train,51,599,100.12,3,0.5174,3,0.7576,1,1
regression-00840,regression,test,70,463,94.69,2,0.5101,2,0.605,1,0
regression-00841,regression,train,39,774,82.51,2,0.9648,4,0.8634,0,0
regression-00842,regression,train,20,5,50.34,0,0.5726,0,0.8957,0,0
regression-00843,regression,test,20,192,88.53,1,0.4311,1,0.8344,0,0
regression-00844,regression,train,60,419,120.28,4,0.4839,2,0.443,0,1
regression-00845,regression,train,53,537,55.46,0,0.7873,2,0.9363,0,0
regression-00846,regression,train,70,129,141.49,3,0.5332,1,0.7007,1,1
regression-00847,regression,test,70,182,35.24,1,0.4537,2,0.6124,0,1
regression-00848,regression,train,63,207,87.02,2,0.5647,3,0.7198,0,0
regression-00849,regression,train,63,6,56.37,1,0.3566,2,0.9844,0,0
regression-00850,regression,train,73,527,107.74,1,0.3579,2,0.6982,1,0
regression-00851,regression,train,29,512,43.7,2,0.6243,3,0.8185,1,0
regression-00852,regression,train,28,928,118.95,0,0.9215,5,0.6595,1,0
regression-00853,regression,train,71,1,95.19,1,0.6459,1,0.7377,1,1
regression-00854,regression,train,64,150,78.23,3,0.6426,3,0.7842,0,0
regression-00855,regression,train,21,1256,70.45,1,0.5759,0,0.7201,1,0
regression-00856,regression,train,48,389,63.75,0,0.628,2,0.7723,0,0
regression-00857,regression,val,50,40,70.01,1,0.0116,2,0.6547,0,1
regression-00858,regression,train,50,107,60.5,2,0.2426,5,0.9563,0,0
regression-00859,regression,test,20,46,68.54,2,0.3059,1,0.8083,0,1
regression-00860,regression,train,58,377,94.47,1,0.9985,1,0.924,0,0
regression-00861,regression,train,68,682,154.6,0,0.6671,3,0.7829,1,0
regression-00862,regression,train,63,631,97.93,3,0.5577,0,0.8842,0,1
regression-00863,regression,train,37,364,58.11,4,0.5952,2,0.7774,1,1
regression-00864,regression,val,51,61,98.41,2,0.2989,4,0.7701,0,0
regression-00865,regression,train,64,770,156.59,1,0.7555,3,0.9139,0,0
regression-00866,regression,train,70,807,178.37,1,0.4235,4,0.6311,0,0
regression-00867,regression,train,24,669,119.45,2,0.764,4,0.6197,0,0
regression-00868,regression,train,37,68,90.16,2,0.2183,1,0.6734,0,1
regression-00869,regression,train,43,300,112.14,1,0.8455,3,0.6755,0,0
regression-00870,regression,test,30,440,99.07,2,0.432,4,0.5235,0,1
regression-00871,regression,train,64,769,117.79,2,0.6532,3,0.9373,1,0
regression-00872,regression,train,64,363,50.64,3,0.5496,1,0.7972,0,0
regression-00873,regression,test,38,144,133.34,3,0.6905,3,0.5317,0,1
regression-00874,regression,train,24,84,49.79,1,0.8888,1,0.4012,1,1
regression-00875,regression,train,24,271,147.0,0,0.9283,2,0.7624,1,1
regression-00876,regression,val,37,34,64.8,1,0.4985,1,0.45,0,1
regression-00877,regression,train,63,201,58.31,0,0.5156,3,0.7299,0,0
regression-00878,regression,train,26,8,87.3,3,0.9595,4,0.626,1,1
regression-00879,regression,val,37,863,25.42,1,0.5397,0,0.7559,1,0
regression-00880,regression,train,53,325,126.14,2,0.7562,1,0.7306,0,0
regression-00881,regression,train,26,91,53.96,2,0.4816,1,0.6862,1,1
regression-00882,regression,test,47,1029,152.33,3,0.3375,2,0.5204,1,1
regression-00883,regression,val,34,42,82.61,1,0.72,3,0.6287,0,1
regression-00884,regression,train,74,485,33.04,1,0.5923,0,0.8263,1,0
regression-00885,regression,train,51,15,48.88,1,0.7909,1,0.7625,0,0
regression-00886,regression,train,23,221,55.6,3,0.6896,3,0.4491,0,1
regression-00887,regression,train,55,635,75.03,2,0.5346,1,0.5714,0,1
regression-00888,regression,train,23,1150,17.56,0,0.655,4,0.7109,0,0
regression-00889,regression,test,35,69,95.06,2,0.6429,1,0.8385,0,0
regression-00890,regression,train,62,213,70.32,2,0.8008,0,0.7848,0,1
regression-00891,regression,train,50,170,77.7,1,0.6556,0,0.932,1,1
regression-00892,regression,train,69,292,35.72,0,0.4882,0,0.6611,0,0
regression-00893,regression,train,27,950,51.01,1,0.3548,1,0.6264,0,0
regression-00894,regression,val,52,311,42.68,3,0.9312,3,0.7117,1,0
regression-00895,regression,train,55,551,48.1,0,0.1991,2,0.7184,0,0
regression-00896,regression,test,68,2448,82.77,4,0.4287,2,0.9168,0,0
regression-00897,regression,train,60,110,110.63,0,0.2878,2,0.6121,1,0
regression-00898,regression,train,18,200,143.99,2,0.5748,1,0.7658,1,0
regression-00899,regression,train,61,1203,92.73,1,1.0,2,1.0,0,0
regression-00900,regression,test,71,211,82.88,2,0.543,2,0.7801,0,0
regression-00901,regression,train,41,170,87.37,1,0.6135,2,0.7864,1,0
regression-00902,regression,train,43,215,61.03,2,0.5093,3,0.523,0,1
regression-00903,regression,train,21,737,63.5,1,0.6129,0,0.4821,0,1
regression-00904,regression,train,73,69,122.26,0,0.4822,5,0.8501,1,1
regression-00905,regression,train,73,358,42.89,2,0.9966,4,0.4357,1,0
regression-00906,regression,train,58,394,87.07,1,0.3767,3,0.9211,0,0
regression-00907,regression,train,70,563,88.86,2,0.6866,4,0.5986,0,0
regression-00908,regression,val,69,13,41.72,2,0.3064,0,0.6839,1,1
regression-00909,regression,train,53,210,65.75,0,0.5564,1,0.8068,1,1
regression-00910,regression,val,73,593,108.04,1,0.518,2,0.5832,1,0
regression-00911,regression,train,20,138,116.76,1,0.3367,1,0.6769,0,1
regression-00912,regression,train,32,658,73.46,4,0.333,1,0.7697,0,0
regression-00913,regression,train,39,67,33.19,0,0.5081,0,0.8232,1,0
regression-00914,regression,train,31,466,35.73,2,0.4306,1,0.5906,1,1
regression-00915,regression,val,54,494,110.88,3,0.4386,1,0.7468,1,1
regression-00916,regression,train,18,650,90.2,1,0.3499,0,0.7818,1,1
regression-00917,regression,val,63,22,74.86,1,0.1966,4,0.5862,1,1
regression-00918,regression,test,71,74,70.49,1,0.4347,1,1.0,1,1
regression-00919,regression,train,31,342,51.12,5,0.5918,1,0.7557,0,0
regression-00920,regression,val,70,235,61.65,2,0.63,2,0.8235,1,0
regression-00921,regression,train,18,348,87.62,1,0.6859,2,0.4475,1,1
regression-00922,regression,train,44,46,89.49,2,0.5187,0,0.722,0,1
regression-00923,regression,train,42,23,103.07,2,0.5463,0,0.9681,0,1
regression-00924,regression,test,26,87,46.27,3,0.713,3,0.5581,0,1
regression-00925,regression,train,39,299,33.19,2,0.567,3,0.4365,1,1
regression-00926,regression,train,28,1060,86.96,2,0.3769,3,0.7343,0,0
regression-00927,regression,train,53,79,80.32,0,0.3629,1,0.5885,0,0
regression-00928,regression,val,60,615,108.06,0,0.838,3,0.7499,0,0
regression-00929,regression,train,57,62,81.46,3,0.4174,3,0.6626,1,1
regression-00930,regression,test,48,329,95.07,1,0.8652,3,0.6524,1,0
regression-00931,regression,train,22,71,60.63,3,0.4613,4,0.5163,1,1
regression-00932,regression,train,20,294,22.6,1,0.6315,1,0.5733,0,1
regression-00933,regression,train,27,266,107.93,2,0.3596,2,0.6726,1,1
regression-00934,regression,train,73,1087,59.69,3,0.9952,1,0.9016,0,0
regression-00935,regression,train,18,573,103.58,0,0.7975,1,0.6633,0,1
regression-00936,regression,train,28,13,42.8,2,0.7903,0,0.8025,1,0
regression-00937,regression,train,70,517,140.87,0,0.9657,2,0.8139,0,0
regression-00938,regression,train,75,317,120.96,1,0.7336,2,0.8086,1,0
regression-00939,regression,train,56,200,53.45,1,0.508,0,0.4979,0,1
regression-00940,regression,train,60,247,56.49,1,0.4716,2,0.4912,1,1
regression-00941,regression,train,74,523,65.71,1,0.6934,2,0.6189,0,0
regression-00942,regression,train,52,1136,124.53,2,0.5428,2,0.6875,1,0
regression-00943,regression,train,29,13,66.97,4,0.3228,5,0.5345,1,1
regression-00944,regression,train,57,95,58.32,1,0.6139,2,0.5671,0,0
regression-00945,regression,train,56,204,60.78,2,0.4284,3,0.7683,0,0
regression-00946,regression,val,52,26,99.94,1,0.4399,2,0.8588,1,0
regression-00947,regression,train,22,678,84.38,1,0.8334,4,0.3165,1,0
regression-00948,regression,train,64,511,52.05,2,0.2689,3,1.0,1,0
regression-00949,regression,train,30,446,38.3,4,0.8932,2,0.6322,0,0
regression-00950,regression,train,28,489,55.18,0,0.6166,3,0.6908,1,0
regression-00951,regression,train,56,99,85.5,0,0.3473,2,0.51,0,1
regression-00952,regression,train,19,965,159.84,2,0.5945,1,0.6101,0,1
regression-00953,regression,test,53,598,127.86,3,0.5248,1,1.0,0,0
regression-00954,regression,train,25,861,55.83,1,0.7204,3,0.8291,1,0
regression-00955,regression,train,33,228,94.43,2,0.9985,3,0.8816,0,1
regression-00956,regression,train,31,117,57.67,0,0.8164,3,0.7,0,0
regression-00957,regression,train,61,7,163.58,0,0.3057,1,0.7793,1,1
regression-00958,regression,train,20,226,43.43,1,0.5882,0,0.6538,0,0
regression-00959,regression,train,37,427,55.91,2,1.0,1,0.8781,1,1
regression-00960,regression,test,56,395,61.25,1,0.7206,0,0.781,0,0
regression-00961,regression,test,62,200,100.58,2,0.7334,3,0.7442,1,1
regression-00962,regression,test,23,182,33.55,2,0.8392,4,1.0,0,0
regression-00963,regression,train,39,207,42.11,1,0.3833,1,0.8771,0,0
regression-00964,regression,train,49,95,108.54,1,0.4942,3,0.6463,0,1
regression-00965,regression,train,39,110,28.14,5,0.5821,0,0.6629,0,1
regression-00966,regression,test,28,120,61.33,3,0.7033,3,0.7057,0,1
regression-00967,regression,train,62,76,142.5,0,0.739,2,0.5221,0,1
regression-00968,regression,train,72,363,27.6,0,0.9856,2,0.8763,1,0
regression-00969,regression,train,33,271,128.21,3,0.6386,1,0.8023,0,0
regression-00970,regression,val,60,47,77.95,2,0.246,2,1.0,0,1
regression-00971,regression,train,49,679,115.49,2,0.4732,2,0.6126,0,0
regression-00972,regression,train,52,625,74.03,2,0.5593,4,0.5673,1,0
regression-00973,regression,train,58,60,50.81,2,0.6467,0,0.6321,1,0
regression-00974,regression,val,33,332,49.56,2,0.5979,3,0.3484,1,1
regression-00975,regression,train,24,121,94.06,1,0.5698,3,0.5883,0,1
regression-00976,regression,train,64,17,46.98,3,0.487,4,0.9238,0,0
regression-00977,regression,train,27,19,87.08,1,0.3579,1,0.851,0,0
regression-00978,regression,val,48,50,69.95,1,0.6391,1,0.6349,1,0
regression-00979,regression,test,47,1112,61.61,0,0.6561,1,0.7121,1,0
regression-00980,regression,train,28,67,47.67,2,0.2926,1,0.4815,1,1
regression-00981,regression,test,53,521,61.01,0,0.5101,1,0.7518,1,0
regression-00982,regression,train,21,404,53.1,0,0.6361,2,0.6351,0,0
regression-00983,regression,train,75,584,101.32,1,0.4898,2,0.6142,1,1
regression-00984,regression,val,26,183,90.49,1,0.6371,3,0.8914,0,0
regression-00985,regression,train,61,211,87.16,2,0.216,2,0.7605,1,0
regression-00986,regression,train,40,1914,84.81,2,0.3527,1,0.7381,0,0
regression-00987,regression,train,20,771,75.75,5,0.71,3,0.8714,1,1
regression-00988,regression,train,42,456,58.2,1,0.9045,0,1.0,0,0
regression-00989,regression,train,46,1041,83.09,1,0.7358,2,0.823,0,0
regression-00990,regression,train,39,100,121.76,1,0.5324,1,0.8568,0,1
regression-00991,regression,val,52,946,139.09,3,0.652,2,0.4387,0,0
regression-00992,regression,test,72,132,91.61,2,0.9467,1,0.6638,0,1
regression-00993,regression,train,21,453,82.92,1,0.3231,3,0.5813,1,1
regression-00994,regression,train,22,223,80.17,1,0.3671,3,0.8027,0,0
regression-00995,regression,test,63,698,55.11,1,0.368,3,0.8857,0,0
regression-00996,regression,train,31,242,95.47,0,0.4076,3,0.8729,1,0
regression-00997,regression,train,28,354,117.62,1,0.5075,1,0.9449,0,0
regression-00998,regression,train,35,92,156.78,0,0.6207,3,0.7528,1,1
regression-00999,regression,train,61,182,165.43,3,0.3037,3,0.7399,1,1
regression-01000,regression,train,54,355,113.98,0,0.6894,3,0.7618,0,0
regression-01001,regression,train,28,80,79.97,1,0.8743,2,0.8028,1,0
regression-01002,regression,train,52,823,52.06,0,0.593,4,0.3517,1,0
regression-01003,regression,train,40,5,48.08,2,0.597,1,0.7059,0,1
regression-01004,regression,train,57,199,75.07,1,0.154,2,0.7914,1,0
regression-01005,regression,train,43,516,54.27,0,0.6359,3,0.7719,1,0
regression-01006,regression,val,45,12,39.13,3,0.7057,1,0.7679,1,0
regression-01007,regression,val,57,498,127.76,1,0.2533,1,0.9007,1,1
regression-01008,regression,train,72,363,48.95,1,0.3429,4,0.8505,1,0
regression-01009,regression,train,39,716,200.0,1,0.4463,1,0.7298,1,1
regression-01010,regression,train,19,424,68.7,2,0.9025,4,0.7597,1,0
regression-01011,regression,train,46,230,28.84,0,0.5225,2,0.7173,0,0
regression-01012,regression,train,31,110,127.47,2,0.5653,7,1.0,1,0
regression-01013,regression,train,72,324,56.63,1,0.4362,1,0.7146,1,1
regression-01014,regression,train,71,135,66.08,1,0.1907,2,0.8356,0,0
regression-01015,regression,train,56,40,81.66,4,0.4272,1,0.7708,1,1
regression-01016,regression,train,33,48,74.6,3,0.6719,1,0.5025,1,1
regression-01017,regression,val,33,1392,79.35,0,0.6603,2,0.5978,1,1
regression-01018,regression,train,26,83,78.05,1,0.7468,1,0.6228,1,1
regression-01019,regression,test,25,626,87.24,1,0.4615,2,0.8434,1,0
regression-01020,regression,train,29,336,107.84,0,0.6838,2,0.6937,1,0
regression-01021,regression,train,26,388,86.38,2,0.678,3,0.603,0,1
regression-01022,regression,train,45,67,97.4,1,0.5818,4,0.6105,0,1
regression-01023,regression,train,20,1031,99.33,0,0.7441,4,0.8792,1,0
regression-01024,regression,train,74,161,30.57,0,0.4587,4,0.4509,0,0
regression-01025,regression,train,20,797,94.97,3,0.8423,1,0.8094,0,1
regression-01026,regression,test,68,224,39.12,1,0.4844,3,0.6233,0,0
regression-01027,regression,train,44,253,49.15,1,0.7747,3,0.5376,0,0
regression-01028,regression,train,33,344,113.48,1,1.0,1,0.6662,0,0
regression-01029,regression,train,21,743,101.96,0,0.6266,0,0.7083,0,1
regression-01030,regression,test,62,44,80.62,1,0.6045,3,0.7128,0,0
regression-01031,regression,test,31,560,97.7,2,0.6454,2,1.0,1,0
regression-01032,regression,train,23,87,85.63,2,0.3456,0,0.9847,1,1
regression-01033,regression,train,70,222,39.85,1,0.4692,2,0.7666,0,0
regression-01034,regression,test,51,73,106.31,1,0.5626,1,0.755,0,1
regression-01035,regression,train,72,712,64.46,1,0.6429,1,0.7164,1,0
regression-01036,regression,train,66,194,46.88,0,0.3305,3,0.9944,0,0
regression-01037,regression,train,31,147,102.48,0,0.608,3,0.4663,0,1
regression-01038,regression,train,29,1041,63.11,1,0.9671,0,0.9516,0,0
regression-01039,regression,val,31,827,121.24,1,0.6587,0,0.5793,0,1
regression-01040,regression,train,47,516,80.5,2,0.9806,2,0.7902,0,0
regression-01041,regression,train,73,60,62.15,0,0.449,2,0.5678,0,0
regression-01042,regression,test,30,451,158.45,2,0.4157,2,0.8293,1,1
regression-01043,regression,train,73,355,19.58,2,0.5424,3,0.5054,0,1
regression-01044,regression,test,37,974,56.98,2,0.5969,0,0.6436,1,0
regression-01045,regression,train,54,989,113.11,0,0.6178,1,0.8848,1,1
regression-01046,regression,train,65,179,132.9,1,0.7468,2,0.7247,0,1
regression-01047,regression,train,55,1,72.89,1,0.7486,1,0.7734,0,0
regression-01048,regression,train,39,366,73.25,0,0.7736,4,0.5544,1,0
regression-01049,regression,train,42,264,100.41,4,0.6645,4,0.7073,0,0
regression-01050,regression,train,38,1084,63.78,0,0.53,1,0.8245,1,0
regression-01051,regression,train,32,401,60.4,1,0.7186,1,0.8692,0,0
regression-01052,regression,train,18,92,200.0,2,0.177,0,0.6787,0,1
regression-01053,regression,train,24,31,69.8,2,0.404,2,0.7003,1,1
regression-01054,regression,train,61,146,78.23,3,0.8521,3,0.5024,1,1
regression-01055,regression,train,31,836,123.85,1,0.4756,3,0.8203,1,0
regression-01056,regression,train,67,948,27.88,1,0.5115,4,0.5916,1,0
regression-01057,regression,val,50,672,39.87,4,0.3389,0,0.6191,1,1
regression-01058,regression,train,37,6,87.44,2,0.3429,4,0.4188,1,1
regression-01059,regression,test,19,209,147.9,1,0.8586,3,0.8416,0,0
regression-01060,regression,train,25,224,55.38,3,0.5529,0,1.0,0,1
regression-01061,regression,train,39,298,39.78,1,0.5263,0,0.4404,1,1
regression-01062,regression,train,49,461,115.7,0,0.4672,1,0.6249,0,1
regression-01063,regression,test,50,326,73.46,4,0.419,3,0.745,0,1
regression-01064,regression,train,65,90,37.46,2,0.5952,1,0.5892,0,1
regression-01065,regression,train,72,172,111.87,1,0.7306,2,0.8452,1,0
regression-01066,regression,train,27,27,37.28,3,0.5278,1,0.468,1,1
regression-01067,regression,train,64,295,116.26,3,0.3283,2,0.8446,0,0
regression-01068,regression,train,30,21,45.19,1,0.8537,0,0.5584,0,1
regression-01069,regression,train,53,137,77.84,2,0.1759,3,0.9052,0,0
regression-01070,regression,train,45,41,90.1,0,0.7375,1,0.8644,1,0
regression-01071,regression,test,67,3,140.38,1,0.6043,5,0.6767,1,0
regression-01072,regression,train,67,669,77.06,4,0.6386,2,0.7273,1,0
regression-01073,regression,train,41,19,73.69,2,0.5332,3,0.7553,0,1
regression-01074,regression,train,69,691,75.99,2,0.8441,2,0.975,1,0
regression-01075,regression,train,51,130,76.03,2,0.6133,0,0.8621,1,1
regression-01076,regression,train,50,30,42.48,1,0.6129,5,0.7503,1,0
regression-01077,regression,train,50,219,95.91,5,0.8332,0,0.7672,0,1
regression-01078,regression,train,21,531,55.07,0,0.6359,4,0.838,0,0
regression-01079,regression,val,24,1010,37.01,0,0.329,1,0.5623,1,0
regression-01080,regression,train,29,41,95.29,2,0.5882,2,0.7019,0,1
regression-01081,regression,val,70,152,44.17,2,0.6415,6,0.7303,1,0
regression-01082,regression,train,68,535,77.22,5,0.6087,3,0.8567,0,0
regression-01083,regression,train,29,183,62.58,2,0.6879,2,0.5294,0,0
regression-01084,regression,test,74,86,66.66,0,0.7856,2,0.5349,1,0
regression-01085,regression,val,67,5,83.59,2,0.7449,1,0.5876,0,1
regression-01086,regression,val,43,1116,85.83,1,0.3307,2,0.4654,1,0
regression-01087,regression,train,43,116,78.04,0,0.4889,1,0.9205,0,0
regression-01088,regression,train,70,329,140.09,3,0.4285,3,0.5497,1,1
regression-01089,regression,train,72,147,51.41,1,0.5188,4,0.6919,0,0
regression-01090,regression,train,31,185,60.86,2,0.4003,3,0.3894,1,1
regression-01091,regression,train,50,134,74.4,0,0.6986,2,0.4867,1,1
regression-01092,regression,val,64,63,134.25,2,0.492,1,0.5191,0,1
regression-01093,regression,test,67,530,199.58,2,0.3522,4,0.8258,1,0
regression-01094,regression,test,67,35,66.11,2,0.3702,3,0.3347,0,1
regression-01095,regression,train,49,27,53.64,1,0.3704,2,0.558,1,0
regression-01096,regression,val,49,1716,59.97,2,0.3475,0,0.7213,1,0
regression-01097,regression,train,50,741,148.75,3,0.2464,2,1.0,0,1
regression-01098,regression,train,21,24,45.18,1,0.5751,2,0.7035,1,1
regression-01099,regression,test,20,858,97.97,2,0.886,2,0.7952,0,0
regression-01100,regression,train,68,1277,145.11,2,0.0679,3,0.3926,1,1
regression-01101,regression,test,67,23,95.0,0,0.522,3,0.7465,0,0
regression-01102,regression,train,30,608,55.75,0,0.699,2,0.7657,0,0
regression-01103,regression,train,39,48,55.79,1,0.2906,2,0.6112,0,0
regression-01104,regression,train,42,307,51.07,1,0.7674,0,0.9519,1,0
regression-01105,regression,val,50,696,86.07,1,0.6704,0,0.8545,0,0
regression-01106,regression,val,49,100,71.65,1,0.9298,2,0.6359,0,0
regression-01107,regression,train,27,126,71.99,1,0.4586,1,0.5249,0,1
regression-01108,regression,test,55,66,84.54,4,0.0643,3,0.8834,1,1
regression-01109,regression,train,67,199,69.45,2,0.3518,2,0.71,0,1
regression-01110,regression,train,68,508,63.55,0,0.7964,2,0.6943,0,0
regression-01111,regression,train,45,1124,48.33,2,0.3069,0,0.6265,1,1
regression-01112,regression,train,70,15,53.46,0,0.8906,3,0.5567,1,0
regression-01113,regression,train,21,596,50.01,3,0.9123,1,0.9443,0,0
regression-01114,regression,train,36,795,133.36,0,0.5482,1,0.7765,1,0
regression-01115,regression,train,20,526,99.46,5,0.468,1,0.523,0,1
regression-01116,regression,test,31,49,98.31,1,0.6034,3,0.7523,0,1
regression-01117,regression,train,36,67,171.33,0,0.5262,3,0.7256,1,0
regression-01118,regression,val,59,150,76.09,0,0.3592,1,0.7063,1,0
regression-01119,regression,train,39,1270,62.67,0,0.2133,0,0.7517,0,0
regression-01120,regression,train,48,930,46.66,0,0.1517,2,0.4772,0,0
regression-01121,regression,train,48,89,59.49,2,0.4201,6,0.815,1,0
regression-01122,regression,train,72,295,107.4,2,0.3567,0,0.7478,1,1
regression-01123,regression,val,49,813,98.46,2,0.4301,3,0.4938,0,0
regression-01124,regression,val,34,166,142.11,1,0.4913,2,0.5765,0,1
regression-01125,regression,train,26,25,107.73,0,0.6433,1,0.5009,0,0
regression-01126,regression,test,36,577,109.49,3,0.1775,3,0.8268,0,1
regression-01127,regression,train,62,30,64.42,0,0.4056,4,0.8668,1,0
regression-01128,regression,test,68,949,97.38,1,0.65,1,0.6526,1,1
regression-01129,regression,train,29,813,123.41,2,0.9349,2,0.9318,0,0
regression-01130,regression,train,42,365,92.8,0,0.3852,2,0.8178,1,0
regression-01131,regression,train,45,6,73.73,3,0.632,4,0.6306,0,0
regression-01132,regression,train,51,159,43.05,0,0.3176,2,0.739,1,1
regression-01133,regression,train,65,56,67.48,0,1.0,5,0.6029,1,0
regression-01134,regression,train,44,289,125.16,2,0.1943,2,0.5966,1,0
regression-01135,regression,train,71,74,101.26,2,0.582,1,0.6552,0,1
regression-01136,regression,train,35,1334,138.15,2,0.8742,0,0.8913,1,0
regression-01137,regression,train,71,450,102.67,1,0.7583,1,0.3813,0,0
regression-01138,regression,train,25,5,74.38,0,0.77,1,0.7461,1,1
regression-01139,regression,test,22,18,110.47,1,0.6615,1,0.8845,0,1
regression-01140,regression,train,24,94,91.02,1,0.6144,3,0.5929,1,1
regression-01141,regression,val,56,94,139.62,2,0.6025,1,0.8709,1,0
regression-01142,regression,train,67,241,60.16,1,0.2546,4,0.7395,1,0
regression-01143,regression,train,33,126,70.35,1,0.391,3,0.8111,1,0
regression-01144,regression,train,51,208,40.35,2,0.4806,2,0.5233,0,1
regression-01145,regression,train,23,51,46.28,1,0.6454,5,0.7899,0,0
regression-01146,regression,train,20,78,70.44,1,0.519,1,0.5148,0,1
regression-01147,regression,train,73,38,130.48,2,0.9615,1,0.5167,0,0
regression-01148,regression,test,48,850,59.54,1,0.479,2,0.5858,1,1
regression-01149,regression,train,65,1690,57.84,3,0.5086,4,0.7792,0,0
regression-01150,regression,test,63,29,100.55,1,0.2036,6,0.5959,1,1
regression-01151,regression,train,28,846,54.11,2,0.6259,1,0.6206,0,0
regression-01152,regression,train,32,17,146.4,1,0.4351,0,0.8697,0,1
regression-01153,regression,train,64,163,73.52,0,0.7179,3,0.685,0,0
regression-01154,regression,test,24,588,104.75,1,0.3217,3,0.9445,1,1
regression-01155,regression,train,46,151,97.8,0,0.5424,4,0.8013,0,1
regression-01156,regression,train,35,270,86.13,2,0.3748,1,0.6807,1,1
regression-01157,regression,train,29,30,67.04,1,0.6665,5,0.7507,0,1
regression-01158,regression,test,20,651,112.39,2,0.7999,0,0.3888,0,1
regression-01159,regression,train,60,161,87.53,2,0.5475,3,0.7672,1,1
regression-01160,regression,train,65,415,90.5,5,0.5997,2,1.0,0,1
regression-01161,regression,train,66,1028,85.08,2,0.5737,3,0.7751,1,0
regression-01162,regression,train,22,206,85.68,3,0.4989,2,0.6706,1,0
regression-01163,regression,train,43,165,115.78,0,0.4972,1,0.7327,1,0
regression-01164,regression,train,75,880,88.72,2,0.8246,0,0.7747,0,0
regression-01165,regression,val,38,586,82.39,0,0.195,4,0.7654,0,0
regression-01166,regression,train,46,21,56.22,0,0.5308,0,0.7468,0,1
regression-01167,regression,train,35,350,110.71,0,0.6445,2,0.7588,1,0
regression-01168,regression,train,63,37,123.58,2,0.2478,3,1.0,1,1
regression-01169,regression,train,62,117,92.78,4,0.6722,0,0.8286,1,1
regression-01170,regression,train,66,1142,40.21,1,0.5574,2,0.673,1,0
regression-01171,regression,train,39,288,54.87,2,0.5435,1,0.8996,0,0
regression-01172,regression,train,56,105,108.82,1,0.0121,4,0.7263,0,0
regression-01173,regression,train,55,148,96.11,2,0.3576,1,0.4692,1,1
regression-01174,regression,train,60,171,87.08,1,0.7355,3,0.8402,0,0
regression-01175,regression,test,23,13,50.79,2,0.3871,1,0.8471,1,1
regression-01176,regression,train,18,45,58.23,0,0.5519,2,0.6813,0,1
regression-01177,regression,test,57,307,132.75,2,0.701,3,0.7365,0,0
regression-01178,regression,train,21,834,75.23,2,0.774,2,0.5958,1,1
regression-01179,regression,train,51,24,63.52,2,0.6204,5,0.7012,0,1
regression-01180,regression,train,45,396,78.77,0,0.5977,2,0.7617,0,0
regression-01181,regression,val,71,691,75.91,0,0.5947,1,0.6887,0,0
regression-01182,regression,train,28,181,139.4,0,0.432,1,0.9597,0,0
regression-01183,regression,train,24,622,102.06,0,0.7611,3,0.7702,0,0
regression-01184,regression,test,73,207,64.84,3,0.2716,1,0.6228,0,1
regression-01185,regression,train,30,692,70.49,4,0.6727,2,0.4766,0,1
regression-01186,regression,train,43,336,41.66,1,0.5474,0,0.9862,0,0
regression-01187,regression,val,45,386,50.27,2,0.4311,2,0.7408,1,1
regression-01188,regression,train,68,392,62.58,1,0.8646,2,0.8028,1,0
regression-01189,regression,train,46,385,60.02,4,0.6347,0,1.0,0,1
regression-01190,regression,train,68,294,33.54,2,0.2541,3,0.6506,1,1
regression-01191,regression,train,53,118,100.37,2,0.8844,1,0.8638,0,1
regression-01192,regression,train,27,861,48.12,2,0.5095,0,0.7894,1,0
regression-01193,regression,train,60,1557,125.61,1,0.7134,2,0.7469,1,0
regression-01194,regression,test,49,128,71.01,1,0.3712,2,0.8452,1,1
regression-01195,regression,test,39,312,54.11,1,0.5025,3,1.0,1,0
regression-01196,regression,train,57,671,79.36,5,0.5297,0,0.6321,0,0
regression-01197,regression,val,46,103,130.97,1,0.4646,2,0.5055,1,1
regression-01198,regression,train,36,197,81.38,1,0.5684,3,0.7012,0,0
regression-01199,regression,train,55,186,167.16,1,0.6809,0,0.8145,0,0
regression-01200,regression,train,37,58,118.88,1,0.7021,1,0.8238,1,1
regression-01201,regression,train,66,366,49.86,0,0.3511,2,0.6207,0,1
regression-01202,regression,val,30,128,62.9,1,0.6957,5,0.5739,0,1
regression-01203,regression,val,46,1024,90.28,1,0.0,0,0.7972,0,0
regression-01204,regression,train,65,247,166.23,1,0.8409,1,0.5722,0,1
regression-01205,regression,train,24,182,95.94,1,0.6388,3,0.485,1,1
regression-01206,regression,train,18,138,66.38,0,0.8278,3,0.7098,1,1
regression-01207,regression,train,72,1071,95.27,0,0.6682,1,0.8448,0,0
regression-01208,regression,test,43,31,125.24,3,0.8756,0,0.6839,0,1
regression-01209,regression,train,25,474,66.61,2,0.286,0,0.7214,0,1
regression-01210,regression,train,66,175,82.07,1,0.6867,3,0.8343,0,0
regression-01211,regression,val,62,16,77.7,0,0.5834,1,0.6645,0,1
regression-01212,regression,train,75,348,183.88,4,0.5937,2,0.7716,0,1
regression-01213,regression,test,23,277,121.15,3,0.6144,1,0.5816,0,1
regression-01214,regression,train,54,722,78.56,3,0.4419,4,0.5217,0,0
regression-01215,regression,val,37,93,114.34,0,0.7428,1,0.8673,0,0
regression-01216,regression,train,18,64,48.03,0,0.6699,1,0.6109,0,0
regression-01217,regression,train,27,145,79.31,1,0.0,2,0.7407,0,1
regression-01218,regression,train,52,434,113.15,2,0.9167,2,0.77,0,1
regression-01219,regression,train,24,200,111.42,1,0.2774,1,0.749,1,1
regression-01220,regression,train,63,435,90.18,0,0.4384,2,0.7604,0,0
regression-01221,regression,train,25,402,81.06,4,0.4863,2,0.7102,0,1
regression-01222,regression,train,58,179,43.82,1,0.458,2,0.9199,0,0
regression-01223,regression,val,66,784,95.53,3,0.4932,2,0.9329,0,0
regression-01224,regression,train,50,109,126.45,2,0.1698,1,0.5824,0,1
regression-01225,regression,train,45,351,122.08,3,0.6912,0,0.6379,0,1
regression-01226,regression,train,72,136,105.08,0,0.3511,5,0.6678,0,0
regression-01227,regression,train,74,617,90.82,2,0.3809,1,0.3223,0,1
regression-01228,regression,train,48,260,121.68,2,0.8086,2,0.5879,0,0
regression-01229,regression,train,60,459,176.48,2,0.9795,4,0.736,0,0
regression-01230,regression,train,68,435,61.77,2,0.2844,2,0.7344,1,1
regression-01231,regression,train,23,62,55.3,0,0.7676,5,0.5298,1,1
regression-01232,regression,test,33,411,86.29,0,0.5012,4,0.8318,1,1
regression-01233,regression,test,62,383,125.32,0,0.8325,1,0.5961,1,1
regression-01234,regression,train,40,434,64.49,0,0.3747,3,0.7941,0,0
regression-01235,regression,test,57,1660,59.07,2,0.1806,4,0.7608,1,0
regression-01236,regression,test,32,284,78.57,2,0.1491,3,0.7611,0,0
regression-01237,regression,train,53,824,67.77,3,0.5307,1,0.5748,0,1
regression-01238,regression,val,25,543,36.69,3,0.521,0,0.5368,0,1
regression-01239,regression,train,63,325,76.71,3,0.5423,3,0.6959,0,1
regression-01240,regression,train,34,304,149.28,0,0.6975,3,0.7412,1,0
regression-01241,regression,val,40,290,70.97,2,0.8635,3,0.6629,1,0
regression-01242,regression,train,74,83,120.58,1,0.6074,1,0.7445,1,1
regression-01243,regression,test,35,190,130.87,2,0.392,1,0.6334,0,1
regression-01244,regression,train,72,449,72.76,1,0.4434,1,0.4531,0,1
regression-01245,regression,train,48,110,82.75,0,0.3618,1,0.6891,1,0
regression-01246,regression,train,61,354,41.15,3,0.8428,2,0.9532,0,0
regression-01247,regression,test,54,2600,41.34,2,0.7416,2,0.852,0,0
regression-01248,regression,train,72,975,53.86,1,0.646,3,0.7156,0,0
regression-01249,regression,train,24,48,71.9,2,0.5722,5,0.9733,0,1
regression-01250,regression,test,62,99,53.31,1,0.5733,1,0.6673,1,1
regression-01251,regression,train,18,269,45.39,0,1.0,0,0.7463,0,0
regression-01252,regression,val,74,57,89.76,0,0.4861,3,0.6336,0,0
regression-01253,regression,train,25,538,69.38,0,0.6605,2,0.8783,1,0
regression-01254,regression,test,29,100,126.26,1,0.3189,0,0.7239,0,1
regression-01255,regression,train,28,924,89.89,1,0.3842,2,0.8236,0,0
regression-01256,regression,val,69,282,101.71,2,0.8555,0,1.0,0,0
regression-01257,regression,train,37,109,65.76,0,0.8218,1,0.8436,0,0
regression-01258,regression,val,35,89,87.04,1,0.4133,0,0.4936,1,1
regression-01259,regression,train,24,402,77.85,1,0.8454,2,0.4632,0,1
regression-01260,regression,train,64,8,118.64,1,0.5458,1,0.833,1,1
regression-01261,regression,train,37,478,142.25,0,0.7925,2,0.9371,0,0
regression-01262,regression,val,51,38,82.54,1,0.3555,4,0.7612,0,0
regression-01263,regression,train,42,97,155.4,1,0.6025,3,0.7983,0,0
regression-01264,regression,train,31,960,168.79,1,0.5112,1,0.6857,1,1
regression-01265,regression,val,41,114,72.47,3,0.5342,1,0.7367,1,1
regression-01266,regression,test,52,102,94.56,1,0.5827,1,0.6503,0,0
regression-01267,regression,test,54,1095,58.35,1,0.6263,4,0.6704,0,0
regression-01268,regression,train,66,167,101.52,4,0.5396,2,0.7749,0,0
regression-01269,regression,test,67,159,110.13,4,0.6818,4,0.5668,1,1
regression-01270,regression,test,59,114,143.37,3,0.4844,3,0.6034,1,1
regression-01271,regression,train,24,354,47.3,3,0.8505,3,0.7898,0,0
regression-01272,regression,train,60,314,69.76,2,0.8051,2,0.5999,1,0
regression-01273,regression,test,46,216,99.19,6,0.3692,2,0.7102,1,1
regression-01274,regression,train,41,40,80.69,3,0.3721,1,0.6797,0,1
regression-01275,regression,val,70,793,40.69,2,0.6427,2,0.8197,1,0
regression-01276,regression,test,62,221,125.47,0,0.6238,3,0.7844,0,1
regression-01277,regression,train,68,414,53.35,1,0.6594,0,0.8697,0,0
regression-01278,regression,test,51,174,123.17,4,0.4559,2,0.8076,0,1
regression-01279,regression,train,69,143,100.48,4,0.6408,3,0.7935,0,1
regression-01280,regression,val,66,293,75.39,1,0.601,3,0.7699,0,0
regression-01281,regression,test,66,571,84.02,1,0.2929,1,0.55,1,0
regression-01282,regression,train,40,410,66.37,0,0.5328,1,0.6509,1,0
regression-01283,regression,train,69,38,91.44,3,0.6102,1,0.5857,0,1
regression-01284,regression,test,25,511,93.46,0,0.756,2,1.0,0,0
regression-01285,regression,train,20,26,86.92,0,0.3688,3,0.7651,0,0
regression-01286,regression,train,60,59,59.45,0,0.3577,1,0.8222,0,1
regression-01287,regression,train,32,190,73.51,2,0.5727,0,0.8479,0,0
regression-01288,regression,train,56,30,126.4,2,0.5148,3,0.7374,1,1
regression-01289,regression,test,26,317,47.14,1,0.5989,5,0.7889,1,1
regression-01290,regression,train,54,1186,50.58,1,0.5649,3,0.5845,1,0
regression-01291,regression,train,65,882,49.37,2,0.7639,5,0.8193,1,0
regression-01292,regression,train,35,432,43.65,0,0.4897,6,0.9219,1,0
regression-01293,regression,val,57,59,41.35,1,0.4055,3,0.7507,0,0
regression-01294,regression,train,68,339,105.45,2,0.4131,1,0.87,0,0
regression-01295,regression,test,63,96,157.93,3,0.6652,6,0.6228,1,1
regression-01296,regression,train,44,732,118.75,3,0.4965,0,0.7805,0,1
regression-01297,regression,test,51,155,188.46,0,0.7516,2,0.7019,0,0
regression-01298,regression,train,29,700,25.7,0,0.486,3,0.4915,1,0
regression-01299,regression,train,67,49,22.73,2,0.8852,2,0.7257,0,1
regression-01300,regression,train,23,661,69.12,1,0.7441,2,0.9352,1,0
regression-01301,regression,val,29,929,72.27,1,0.3717,2,0.3009,0,1
regression-01302,regression,train,46,610,96.9,1,0.7379,3,0.7409,1,0
regression-01303,regression,test,53,149,66.07,1,0.791,2,0.4069,0,1
regression-01304,regression,val,66,209,75.15,3,0.3665,1,0.7674,0,1
regression-01305,regression,train,21,432,77.95,0,0.382,4,0.6396,1,0
regression-01306,regression,train,46,2,43.32,3,0.7077,3,0.7552,0,0
regression-01307,regression,train,52,349,148.58,1,0.3951,2,0.7909,0,0
regression-01308,regression,train,68,879,96.64,0,0.9454,3,0.7009,0,0
regression-01309,regression,train,21,668,127.97,2,0.7198,1,0.81,1,1
regression-01310,regression,test,37,202,92.23,2,0.3645,6,0.5876,1,1
regression-01311,regression,train,35,500,82.16,1,0.3559,2,0.6377,0,0
regression-01312,regression,train,58,286,125.17,1,0.4884,3,0.7006,0,0
regression-01313,regression,train,31,757,68.91,0,0.7412,2,0.6218,1,0
regression-01314,regression,val,43,336,55.05,0,0.2648,4,0.6598,1,1
regression-01315,regression,train,20,154,74.85,1,0.6468,1,0.8457,0,0
regression-01316,regression,train,46,101,87.37,2,0.2884,4,0.7132,1,0
regression-01317,regression,train,28,107,80.9,1,0.4849,3,0.7158,0,0
regression-01318,regression,train,21,106,180.11,2,0.4712,4,0.5339,0,1
regression-01319,regression,train,74,708,38.55,3,0.6726,2,0.7298,1,0
regression-01320,regression,train,45,603,149.22,2,0.7226,2,0.9595,0,1
regression-01321,regression,train,65,183,69.76,1,0.4624,2,0.8668,0,0
regression-01322,regression,train,66,64,33.89,0,0.9201,4,0.5288,0,0
regression-01323,regression,train,29,246,87.45,3,0.6878,2,0.8656,0,1
regression-01324,regression,train,36,154,94.28,2,0.4634,3,0.6811,0,1
regression-01325,regression,val,33,264,40.35,2,0.4977,1,0.741,0,1
regression-01326,regression,train,47,195,69.2,2,0.3124,4,0.6745,0,0
regression-01327,regression,train,45,537,95.44,1,0.411,5,0.6661,0,0
regression-01328,regression,train,21,242,146.23,1,0.4736,4,0.73,1,1
regression-01329,regression,train,61,68,187.99,0,0.3848,3,0.6132,1,1
regression-01330,regression,train,70,1054,143.74,1,0.5477,3,0.515,1,1
regression-01331,regression,train,72,390,87.15,0,0.7017,2,0.9094,1,0
regression-01332,regression,train,31,263,108.71,2,0.5533,2,0.739,0,1
regression-01333,regression,val,33,183,101.89,3,0.4644,1,0.6093,1,1
regression-01334,regression,train,30,1627,24.4,2,0.8744,0,0.7831,0,0
regression-01335,regression,train,59,232,50.38,0,0.5112,3,0.6548,0,0
regression-01336,regression,train,53,1859,143.1,1,0.5114,2,0.8765,1,0
regression-01337,regression,train,56,1204,54.19,2,0.7432,0,0.7059,0,0
regression-01338,regression,val,54,40,92.65,5,0.3619,1,0.9922,1,1
regression-01339,regression,train,30,746,82.32,1,0.4,1,0.4148,0,0
regression-01340,regression,val,24,637,86.75,0,0.4432,0,0.6342,1,1
regression-01341,regression,val,59,617,154.3,0,0.5461,1,0.7313,1,1
regression-01342,regression,train,43,84,69.12,1,0.5953,4,0.558,1,0
regression-01343,regression,val,61,135,153.4,1,0.4081,4,0.6076,0,1
regression-01344,regression,test,67,242,62.99,2,0.5854,0,0.4872,0,0
regression-01345,regression,test,68,24,68.68,0,0.5492,2,0.8549,0,1
regression-01346,regression,train,37,1447,103.93,4,0.5214,4,0.6799,1,1
regression-01347,regression,train,33,755,81.22,0,0.2797,5,0.8427,0,0
regression-01348,regression,train,67,503,94.49,2,0.633,0,0.7907,1,1
regression-01349,regression,val,75,58,46.83,1,0.5983,0,0.8085,0,1
regression-01350,regression,train,60,108,103.71,1,0.9479,1,0.564,1,1
regression-01351,regression,train,58,154,88.54,4,0.4864,0,0.6495,0,1
regression-01352,regression,train,28,565,60.64,2,0.3547,0,0.498,0,1
regression-01353,regression,train,28,438,55.04,0,0.392,0,0.5603,0,1
regression-01354,regression,train,37,481,113.65,2,0.0492,2,0.6643,1,1
regression-01355,regression,train,21,41,44.12,1,0.6774,2,0.5528,1,1
regression-01356,regression,train,62,131,69.28,2,1.0,2,0.8061,0,0
regression-01357,regression,train,55,174,46.31,2,0.4419,1,0.6653,0,1
regression-01358,regression,train,53,5,38.46,0,0.3906,3,0.665,0,1
regression-01359,regression,train,71,206,150.74,2,0.1534,2,0.5881,0,1
regression-01360,regression,train,27,697,79.63,2,0.657,5,0.4269,1,1
regression-01361,regression,train,62,348,86.94,1,0.664,2,0.835,1,0
regression-01362,regression,train,52,254,64.79,3,0.6006,2,0.3817,0,1
regression-01363,regression,test,41,86,67.13,6,0.549,2,0.7631,0,1
regression-01364,regression,train,28,280,60.28,2,0.6976,4,0.6599,0,0
regression-01365,regression,train,24,526,57.52,1,0.516,2,0.8398,0,0
regression-01366,regression,train,54,332,34.63,2,0.3643,3,0.704,0,1
regression-01367,regression,train,29,210,80.64,2,0.8673,1,0.6646,0,1
regression-01368,regression,train,19,685,32.33,1,0.6695,1,0.7121,0,1
regression-01369,regression,val,22,307,81.88,1,0.3698,3,0.6692,0,0
regression-01370,regression,test,63,1369,142.24,1,0.6333,0,0.4759,0,0
regression-01371,regression,val,45,1075,81.84,4,0.5205,1,0.6535,1,1
regression-01372,regression,train,20,155,119.38,0,0.5744,1,0.5406,0,1
regression-01373,regression,test,55,147,63.17,2,0.5337,7,0.8125,1,0
regression-01374,regression,train,59,1,94.62,1,0.3461,2,0.4485,0,1
regression-01375,regression,val,73,480,50.91,1,0.6569,1,0.7215,0,1
regression-01376,regression,test,26,355,59.97,0,0.4597,2,0.6752,0,0
regression-01377,regression,train,31,95,37.23,1,0.4293,3,0.5588,1,0
regression-01378,regression,train,49,230,82.34,2,0.4797,2,0.9233,1,0
regression-01379,regression,train,20,373,107.26,0,0.9116,4,0.4633,1,1
regression-01380,regression,train,33,732,123.29,1,0.8024,2,0.8582,0,0
regression-01381,regression,train,50,553,79.94,0,0.2598,4,0.506,1,0
regression-01382,regression,train,42,280,47.05,3,0.2805,3,0.6423,1,0
regression-01383,regression,train,21,897,123.23,2,0.6642,2,0.6491,1,1
regression-01384,regression,train,63,660,113.46,0,0.7519,1,0.4961,0,0
regression-01385,regression,train,24,102,107.78,0,0.5858,5,0.7422,0,0
regression-01386,regression,train,44,722,74.37,2,0.482,2,0.7479,0,0
regression-01387,regression,train,59,387,142.0,0,0.597,2,0.851,0,0
regression-01388,regression,train,36,959,99.2,1,0.7053,4,0.6564,1,0
regression-01389,regression,train,22,143,90.53,0,0.8575,1,0.6395,0,0
regression-01390,regression,train,54,84,52.58,1,0.1385,3,0.728,0,0
regression-01391,regression,train,50,112,55.55,2,0.4811,2,0.5733,0,1
regression-01392,regression,train,62,272,66.91,2,0.5522,4,0.8798,1,0
regression-01393,regression,train,53,5,132.35,0,0.8691,3,0.7973,0,1
regression-01394,regression,train,24,117,120.63,2,0.5831,1,0.4939,1,1
regression-01395,regression,val,74,36,67.26,1,0.9418,3,0.7677,1,0
regression-01396,regression,train,66,21,110.62,4,0.9425,0,0.5724,0,1
regression-01397,regression,train,50,453,88.42,2,0.7223,3,0.7947,0,1
regression-01398,regression,train,65,429,77.46,1,0.1066,4,0.8136,1,1
regression-01399,regression,train,69,98,99.62,3,0.7455,2,0.6024,0,0
regression-01400,regression,train,18,48,55.74,1,0.5,5,0.6969,0,0
regression-01401,regression,train,19,105,95.3,1,0.6374,1,0.9678,1,0
regression-01402,regression,train,44,853,111.57,1,0.4178,2,0.6161,0,0
regression-01403,regression,train,44,620,77.95,1,0.3541,1,0.6888,1,1
regression-01404,regression,train,75,44,66.69,3,0.2883,3,0.5345,1,1
regression-01405,regression,train,29,58,121.43,1,0.6615,5,0.6773,0,1
regression-01406,regression,test,59,182,113.56,2,0.3838,5,0.3951,1,1
regression-01407,regression,val,43,64,60.63,2,0.2373,3,0.659,0,0
regression-01408,regression,train,34,25,111.2,0,0.5616,2,0.7279,1,0
regression-01409,regression,train,54,433,65.02,1,0.8716,0,0.7752,1,0
regression-01410,regression,train,68,229,85.91,1,0.2242,1,0.7646,0,0
regression-01411,regression,train,44,567,155.15,1,0.8136,1,0.8021,0,0
regression-01412,regression,val,71,554,104.34,1,0.6777,1,0.6212,1,1
regression-01413,regression,val,48,570,52.68,2,0.4372,0,0.9378,0,1
regression-01414,regression,train,20,440,60.21,2,0.6017,4,0.6959,1,1
regression-01415,regression,train,45,67,66.24,3,0.4386,1,0.8217,0,1
regression-01416,regression,val,73,340,57.76,0,0.6673,2,0.6288,0,0
regression-01417,regression,train,74,170,35.26,2,0.6535,3,0.723,0,0
regression-01418,regression,train,70,238,83.92,4,0.2298,4,0.6758,0,1
regression-01419,regression,train,19,202,73.83,2,0.5199,1,0.5023,1,1
regression-01420,regression,train,42,800,81.51,3,0.6315,1,0.5809,0,1
regression-01421,regression,val,41,151,66.51,1,0.5461,0,0.8528,0,1
regression-01422,regression,test,42,817,90.35,2,0.7371,1,0.7521,1,1
regression-01423,regression,train,20,5,96.66,0,0.5436,0,0.6893,0,1
regression-01424,regression,test,42,517,75.42,2,0.5865,2,0.7639,0,0
regression-01425,regression,train,65,1170,74.98,2,0.482,4,0.413,0,0
regression-01426,regression,val,26,32,66.11,1,0.5004,3,0.4692,0,1
regression-01427,regression,test,28,151,56.08,1,0.3301,4,0.5569,0,1
regression-01428,regression,train,27,357,69.41,0,0.5663,3,0.7469,0,0
regression-01429,regression,train,47,28,73.0,0,0.7171,4,0.46,0,1
regression-01430,regression,train,41,900,120.65,1,0.4312,2,0.4976,0,1
regression-01431,regression,train,53,255,121.83,2,0.3739,3,0.7892,1,1
regression-01432,regression,train,42,902,65.13,4,0.1926,5,0.6301,0,0
regression-01433,regression,train,47,697,106.91,1,0.6854,3,0.6982,1,0
regression-01434,regression,val,51,311,54.37,2,0.8133,2,0.7931,0,0
regression-01435,regression,train,30,72,127.33,1,0.3855,0,0.6226,1,1
regression-01436,regression,val,62,251,52.13,1,0.4505,0,0.5923,0,0
regression-01437,regression,train,37,1642,93.45,1,0.4039,1,0.5748,1,1
regression-01438,regression,train,69,284,59.3,2,0.4587,2,0.6318,0,0
regression-01439,regression,val,43,413,74.47,3,0.8019,2,0.701,1,1
regression-01440,regression,train,53,43,113.82,1,0.8396,1,0.8387,0,0
regression-01441,regression,train,65,7,141.85,0,0.9331,2,0.7623,1,0
regression-01442,regression,train,60,264,43.17,3,0.6786,2,0.9032,1,0
regression-01443,regression,test,35,308,92.21,1,0.5308,2,0.579,0,1
regression-01444,regression,train,27,31,67.5,1,0.5094,1,0.8299,0,0
regression-01445,regression,train,72,309,31.29,0,0.4511,2,0.5847,0,0
regression-01446,regression,train,22,217,77.65,1,0.2397,2,0.8225,0,0
regression-01447,regression,test,35,352,104.78,1,0.8705,4,0.7942,0,0
regression-01448,regression,train,58,71,44.32,0,0.5995,2,0.8403,0,0
regression-01449,regression,train,42,83,70.35,1,0.3847,3,0.9701,1,0
regression-01450,regression,train,44,954,91.3,1,0.6613,4,0.4698,1,1
regression-01451,regression,test,22,304,114.76,0,0.4919,3,0.4897,0,1
regression-01452,regression,train,52,575,44.59,1,0.3066,2,0.8005,0,0
regression-01453,regression,train,52,330,61.9,1,0.5396,5,0.7547,0,0
regression-01454,regression,train,22,42,106.36,1,0.4966,1,0.5869,0,1
regression-01455,regression,train,20,585,49.39,3,0.9323,5,0.8216,1,0
regression-01456,regression,val,40,259,88.58,1,0.4903,2,0.7612,1,0
regression-01457,regression,train,54,685,101.2,5,0.5868,2,0.4711,1,1
regression-01458,regression,train,43,149,112.03,0,0.8066,4,0.4977,0,0
regression-01459,regression,train,29,1299,73.02,0,0.2528,4,0.5999,0,0
regression-01460,regression,val,62,874,37.66,2,0.4891,2,1.0,0,0
regression-01461,regression,train,48,8,85.01,2,0.4545,2,0.899,1,0
regression-01462,regression,test,68,43,110.72,1,0.6695,5,0.6437,1,1
regression-01463,regression,train,47,91,66.61,1,0.5458,2,0.6511,0,0
regression-01464,regression,train,48,196,104.63,2,0.5995,2,0.6101,1,1
regression-01465,regression,train,27,40,126.57,2,0.9478,3,0.5109,0,1
regression-01466,regression,test,67,212,80.25,1,0.4808,0,0.5697,1,1
regression-01467,regression,train,63,31,159.03,1,0.424,2,0.5939,0,1
regression-01468,regression,val,39,163,93.13,2,0.7388,2,0.446,0,1
regression-01469,regression,train,58,361,89.42,2,0.9248,1,1.0,0,0
regression-01470,regression,train,51,71,58.95,3,0.2664,2,0.6569,0,1
regression-01471,regression,val,61,1439,126.77,2,0.4915,1,0.8358,0,0
regression-01472,regression,test,48,22,97.6,1,0.5184,1,0.6928,1,1
regression-01473,regression,train,35,631,89.89,1,0.3659,1,0.6472,0,0
regression-01474,regression,test,47,89,124.38,0,0.4166,3,0.7252,1,1
regression-01475,regression,train,67,340,98.96,0,0.3693,4,0.5013,0,1
regression-01476,regression,val,27,244,83.61,4,0.6371,1,0.8569,1,0
regression-01477,regression,val,31,212,81.5,5,0.6963,1,0.7825,1,1
regression-01478,regression,train,70,44,122.21,1,0.9246,1,0.4572,0,1
regression-01479,regression,val,29,154,152.69,2,0.3344,2,0.8118,0,1
regression-01480,regression,train,26,51,39.0,1,0.5001,4,0.8586,1,0
regression-01481,regression,train,45,68,166.35,2,0.2234,3,0.7654,1,1
regression-01482,regression,val,73,364,60.79,1,0.5521,2,0.7484,1,1
regression-01483,regression,train,23,579,63.11,2,0.7558,1,0.593,0,1
regression-01484,regression,train,55,745,73.49,0,0.7416,2,0.9928,0,0
regression-01485,regression,train,28,292,86.99,1,0.5009,2,0.9894,0,0
regression-01486,regression,test,28,1047,101.16,0,0.7173,1,0.7007,0,0
regression-01487,regression,train,64,256,61.45,3,0.8009,0,0.7817,1,1
regression-01488,regression,train,75,133,83.78,1,0.5528,0,0.9351,0,0
regression-01489,regression,train,50,503,140.57,3,0.6698,3,0.6405,1,1
regression-01490,regression,train,44,198,72.48,0,0.7852,3,0.7551,0,0
regression-01491,regression,train,65,252,71.78,2,0.5109,3,0.5305,0,1
regression-01492,regression,val,30,535,149.92,0,0.6487,3,0.7705,1,0
regression-01493,regression,train,49,929,82.23,1,0.6832,1,1.0,1,0
regression-01494,regression,train,43,2,112.56,2,0.5021,1,0.9545,0,1
regression-01495,regression,train,65,268,100.61,1,0.6836,3,0.7048,1,1
regression-01496,regression,train,28,636,82.71,2,0.3958,2,0.4154,1,0
regression-01497,regression,val,56,191,149.54,4,0.6418,2,0.6509,0,1
regression-01498,regression,train,57,65,88.31,0,0.5212,4,0.5849,1,0
regression-01499,regression,train,47,982,129.94,0,0.0,1,0.5994,0,1
regression-01500,regression,val,70,563,77.39,2,0.5315,4,0.6261,1,1
