customer_id,scenario,split,age,tenure_days,monthly_charges,support_tickets,usage_score,service_count,customer_satisfaction,is_month_to_month,churn
label_imbalance-00001,label_imbalance,train,32,19,44.09,1,0.7404,4,0.735,0,0
label_imbalance-00002,label_imbalance,train,60,168,91.93,0,0.4051,3,0.7915,1,0
label_imbalance-00003,label_imbalance,test,45,50,117.1,1,0.375,3,0.746,0,0
label_imbalance-00004,label_imbalance,train,47,83,54.12,2,0.8666,2,0.8807,0,0
label_imbalance-00005,label_imbalance,train,54,406,45.08,1,0.2814,4,0.7925,1,0
label_imbalance-00006,label_imbalance,train,38,56,50.57,1,0.6298,4,0.9032,1,0
label_imbalance-00007,label_imbalance,train,58,273,87.15,2,0.0,4,0.755,1,0
label_imbalance-00008,label_imbalance,test,20,580,112.05,0,0.4936,2,0.817,1,0
label_imbalance-00009,label_imbalance,train,18,155,42.22,3,0.6386,3,0.514,0,0
label_imbalance-00010,label_imbalance,train,51,735,87.84,2,0.7932,4,0.6843,1,0
label_imbalance-00011,label_imbalance,train,53,1011,141.26,1,0.2878,3,0.4208,0,1
label_imbalance-00012,label_imbalance,train,63,529,79.11,2,0.3938,2,0.7748,1,0
label_imbalance-00013,label_imbalance,test,73,338,100.84,1,0.7497,3,0.6468,0,0
label_imbalance-00014,label_imbalance,train,63,776,32.23,3,0.6962,2,0.8272,0,0
label_imbalance-00015,label_imbalance,train,41,105,53.51,3,0.7419,1,1.0,0,0
label_imbalance-00016,label_imbalance,test,55,252,103.74,2,0.4355,1,0.7339,0,0
label_imbalance-00017,label_imbalance,train,56,117,139.01,1,0.7028,3,0.812,0,0
label_imbalance-00018,label_imbalance,train,31,288,69.39,3,0.5946,4,0.8895,1,0
label_imbalance-00019,label_imbalance,train,61,132,87.98,3,0.6478,4,0.8156,0,0
label_imbalance-00020,label_imbalance,train,46,472,42.7,4,0.62,4,0.658,1,0
label_imbalance-00021,label_imbalance,train,73,212,97.27,1,0.5687,2,0.7788,0,0
label_imbalance-00022,label_imbalance,train,51,60,39.83,3,0.5925,1,0.653,0,0
label_imbalance-00023,label_imbalance,train,66,826,81.25,4,0.2941,1,0.691,0,0
label_imbalance-00024,label_imbalance,train,70,1557,55.52,1,0.8125,0,0.2868,0,0
label_imbalance-00025,label_imbalance,val,30,268,93.83,0,0.3795,2,0.8666,0,0
label_imbalance-00026,label_imbalance,train,21,1033,115.43,0,0.7974,4,0.793,0,0
label_imbalance-00027,label_imbalance,val,64,792,78.34,2,0.3634,3,0.7427,0,0
label_imbalance-00028,label_imbalance,train,43,41,88.93,2,0.6139,0,0.9799,0,0
label_imbalance-00029,label_imbalance,train,74,45,75.67,1,0.8654,1,0.7609,0,0
label_imbalance-00030,label_imbalance,val,39,50,42.49,2,0.7511,2,0.9341,0,0
label_imbalance-00031,label_imbalance,train,47,14,101.9,1,0.5303,5,0.6931,1,0
label_imbalance-00032,label_imbalance,train,18,487,30.07,2,0.5304,1,0.9871,1,0
label_imbalance-00033,label_imbalance,train,36,577,60.61,1,0.6058,1,0.8946,0,0
label_imbalance-00034,label_imbalance,test,36,97,56.13,0,0.4576,1,0.9045,0,0
label_imbalance-00035,label_imbalance,test,42,922,55.36,0,0.2222,2,0.7629,0,0
label_imbalance-00036,label_imbalance,train,65,1542,121.05,1,0.2797,2,0.7406,1,0
label_imbalance-00037,label_imbalance,train,63,66,56.59,2,0.5412,3,0.6612,0,0
label_imbalance-00038,label_imbalance,train,44,237,69.29,2,0.6287,3,0.7123,1,1
label_imbalance-00039,label_imbalance,train,56,850,52.84,1,0.4566,5,0.9291,1,0
label_imbalance-00040,label_imbalance,val,60,168,91.93,0,0.4051,3,0.7915,1,0
label_imbalance-00041,label_imbalance,train,64,384,102.81,1,0.7805,3,0.6532,0,0
label_imbalance-00042,label_imbalance,train,64,353,74.23,2,0.388,4,0.7398,0,0
label_imbalance-00043,label_imbalance,train,32,739,40.88,2,0.488,0,0.5385,0,1
label_imbalance-00044,label_imbalance,train,40,676,86.04,2,0.4942,3,0.4879,0,0
label_imbalance-00045,label_imbalance,test,63,21,50.94,1,0.4348,2,0.9466,0,0
label_imbalance-00046,label_imbalance,train,74,87,43.67,0,0.5656,2,0.415,0,0
label_imbalance-00047,label_imbalance,train,66,189,47.64,1,0.995,1,0.784,1,0
label_imbalance-00048,label_imbalance,val,49,1422,84.59,1,0.6221,2,0.7731,1,0
label_imbalance-00049,label_imbalance,val,63,280,130.72,1,0.729,1,0.826,0,0
label_imbalance-00050,label_imbalance,train,70,477,74.13,2,0.5897,1,0.7843,1,0
label_imbalance-00051,label_imbalance,val,74,132,114.77,3,0.4293,3,0.6999,0,0
label_imbalance-00052,label_imbalance,train,70,1360,179.71,0,0.4547,3,0.7619,0,0
label_imbalance-00053,label_imbalance,train,39,302,67.37,1,0.582,3,0.5412,1,0
label_imbalance-00054,label_imbalance,test,19,688,90.74,1,0.6886,2,0.7029,1,0
label_imbalance-00055,label_imbalance,train,19,569,70.48,1,0.4203,3,1.0,0,0
label_imbalance-00056,label_imbalance,train,72,876,115.05,1,0.6711,1,0.6114,0,0
label_imbalance-00057,label_imbalance,train,69,1303,49.82,0,0.7561,2,0.6041,1,0
label_imbalance-00058,label_imbalance,val,69,1567,67.21,1,0.2704,5,0.9135,0,0
label_imbalance-00059,label_imbalance,train,31,84,61.65,2,0.8985,1,0.8504,1,0
label_imbalance-00060,label_imbalance,train,28,151,89.8,3,0.9151,2,0.8359,1,0
label_imbalance-00061,label_imbalance,test,32,19,44.09,1,0.7404,4,0.735,0,0
label_imbalance-00062,label_imbalance,train,40,676,86.04,2,0.4942,3,0.4879,0,0
label_imbalance-00063,label_imbalance,train,20,1325,84.66,2,0.827,1,0.7263,0,0
label_imbalance-00064,label_imbalance,train,63,2443,72.79,0,0.2812,1,0.7778,0,0
label_imbalance-00065,label_imbalance,train,72,748,113.39,0,0.6351,3,0.7323,1,0
label_imbalance-00066,label_imbalance,val,60,1209,102.86,5,0.5761,1,0.8636,1,0
label_imbalance-00067,label_imbalance,val,65,1240,71.25,1,0.4989,2,0.5008,0,0
label_imbalance-00068,label_imbalance,train,50,62,62.83,1,0.7018,1,0.7509,1,0
label_imbalance-00069,label_imbalance,train,74,1654,129.52,2,0.1619,2,0.5577,1,0
label_imbalance-00070,label_imbalance,train,20,151,47.14,0,0.4114,0,0.7166,1,0
label_imbalance-00071,label_imbalance,val,73,147,54.26,1,0.6012,2,0.8928,0,0
label_imbalance-00072,label_imbalance,train,44,451,107.78,0,0.5108,6,0.9429,0,0
label_imbalance-00073,label_imbalance,train,44,823,128.15,3,0.5853,3,0.6338,0,0
label_imbalance-00074,label_imbalance,test,29,1053,51.65,1,0.4991,3,0.6351,0,0
label_imbalance-00075,label_imbalance,train,60,901,61.32,1,0.2281,3,0.719,0,0
label_imbalance-00076,label_imbalance,train,20,1056,98.16,0,0.373,1,0.6959,0,0
label_imbalance-00077,label_imbalance,train,38,73,62.81,1,0.3564,4,0.8513,1,0
label_imbalance-00078,label_imbalance,test,49,23,79.32,1,0.8116,4,0.958,0,0
label_imbalance-00079,label_imbalance,train,57,405,96.6,1,0.763,1,0.8545,0,0
label_imbalance-00080,label_imbalance,test,72,872,56.0,4,0.6144,2,0.8034,0,0
label_imbalance-00081,label_imbalance,val,23,295,62.24,1,0.4623,1,0.586,0,0
label_imbalance-00082,label_imbalance,train,35,191,65.48,2,0.3816,4,0.7966,0,0
label_imbalance-00083,label_imbalance,test,19,325,126.88,0,0.5553,9,0.4674,1,0
label_imbalance-00084,label_imbalance,val,72,1304,114.19,1,0.6636,0,0.6469,0,0
label_imbalance-00085,label_imbalance,train,65,944,112.93,0,0.7401,1,0.8529,0,0
label_imbalance-00086,label_imbalance,train,63,21,50.94,1,0.4348,2,0.9466,0,0
label_imbalance-00087,label_imbalance,train,64,278,114.68,3,0.7911,3,0.7171,0,0
label_imbalance-00088,label_imbalance,train,49,1593,74.49,1,0.5146,2,0.6102,1,0
label_imbalance-00089,label_imbalance,train,46,464,21.08,1,0.5544,2,0.665,0,0
label_imbalance-00090,label_imbalance,train,71,127,57.63,0,0.9205,2,0.6248,1,0
label_imbalance-00091,label_imbalance,train,22,387,95.28,2,0.6593,1,0.8845,0,0
label_imbalance-00092,label_imbalance,train,20,34,73.13,2,0.4735,3,0.9177,1,0
label_imbalance-00093,label_imbalance,test,51,34,74.96,1,0.4451,2,1.0,1,0
label_imbalance-00094,label_imbalance,train,44,349,29.36,4,0.4221,7,0.788,1,0
label_imbalance-00095,label_imbalance,train,52,114,74.8,1,0.5394,1,0.7417,1,0
label_imbalance-00096,label_imbalance,val,64,95,115.06,0,0.5063,4,0.7123,0,0
label_imbalance-00097,label_imbalance,train,52,413,69.52,0,0.6692,0,0.7615,0,0
label_imbalance-00098,label_imbalance,train,58,393,32.82,1,0.6521,4,0.5613,0,0
label_imbalance-00099,label_imbalance,train,39,3,49.58,1,0.549,2,0.932,0,0
label_imbalance-00100,label_imbalance,train,66,826,81.25,4,0.2941,1,0.691,0,0
label_imbalance-00101,label_imbalance,val,65,607,82.86,1,0.6053,5,0.6288,0,0
label_imbalance-00102,label_imbalance,train,31,54,95.01,1,0.3836,2,0.4375,0,1
label_imbalance-00103,label_imbalance,train,64,923,64.26,1,0.3987,2,0.8606,1,0
label_imbalance-00104,label_imbalance,train,33,401,138.81,1,0.4678,3,0.721,0,0
label_imbalance-00105,label_imbalance,train,57,678,42.83,0,0.5514,0,0.7022,0,0
label_imbalance-00106,label_imbalance,train,32,67,110.67,0,0.8519,3,0.7451,0,0
label_imbalance-00107,label_imbalance,train,23,445,81.69,1,0.6107,2,0.6338,0,0
label_imbalance-00108,label_imbalance,train,46,730,88.41,3,0.8101,1,0.7953,0,0
label_imbalance-00109,label_imbalance,train,70,114,96.84,1,0.3426,3,0.742,0,0
label_imbalance-00110,label_imbalance,train,46,946,101.73,0,0.6109,4,0.7039,0,0
label_imbalance-00111,label_imbalance,train,44,881,78.6,0,0.4175,3,0.8479,0,0
label_imbalance-00112,label_imbalance,test,45,895,102.17,1,0.6637,1,0.6808,1,0
label_imbalance-00113,label_imbalance,train,72,56,117.54,0,0.7525,2,0.8506,0,0
label_imbalance-00114,label_imbalance,train,31,902,79.93,1,0.9446,0,0.6226,0,0
label_imbalance-00115,label_imbalance,val,65,607,82.86,1,0.6053,5,0.6288,0,0
label_imbalance-00116,label_imbalance,train,35,11,74.8,0,0.3723,1,0.89,1,0
label_imbalance-00117,label_imbalance,train,27,4,58.72,3,0.6076,2,0.8006,0,0
label_imbalance-00118,label_imbalance,val,46,770,97.28,1,0.7801,1,0.6247,0,0
label_imbalance-00119,label_imbalance,train,48,44,56.92,2,0.6013,2,0.6927,0,0
label_imbalance-00120,label_imbalance,train,71,416,144.5,0,0.5988,3,0.7971,0,0
label_imbalance-00121,label_imbalance,val,34,704,94.75,0,0.5515,4,0.4983,1,1
label_imbalance-00122,label_imbalance,train,54,6,76.27,1,0.6122,1,0.7224,0,0
label_imbalance-00123,label_imbalance,train,75,174,72.68,0,0.2704,3,0.6792,1,0
label_imbalance-00124,label_imbalance,test,39,478,64.36,2,0.4337,2,0.7444,0,0
label_imbalance-00125,label_imbalance,val,53,1789,115.11,1,0.4102,1,0.6858,0,0
label_imbalance-00126,label_imbalance,train,29,2600,104.91,1,0.7708,5,0.6066,0,0
label_imbalance-00127,label_imbalance,train,28,24,67.73,1,0.8552,0,0.7221,0,0
label_imbalance-00128,label_imbalance,train,49,1593,74.49,1,0.5146,2,0.6102,1,0
label_imbalance-00129,label_imbalance,train,56,593,60.52,0,0.8204,0,0.5265,1,0
label_imbalance-00130,label_imbalance,test,38,524,64.49,2,0.8128,2,0.5705,0,0
label_imbalance-00131,label_imbalance,val,40,1079,95.54,2,0.8081,0,0.7137,1,0
label_imbalance-00132,label_imbalance,val,59,59,90.18,2,0.9054,1,0.7886,1,0
label_imbalance-00133,label_imbalance,train,23,147,62.78,0,0.6992,1,0.7301,0,0
label_imbalance-00134,label_imbalance,train,56,1061,87.64,5,0.6725,3,0.8772,1,0
label_imbalance-00135,label_imbalance,train,69,411,139.33,1,0.5818,4,0.731,0,0
label_imbalance-00136,label_imbalance,train,64,22,42.96,0,0.6297,2,0.7781,0,0
label_imbalance-00137,label_imbalance,test,75,17,44.45,3,0.7995,2,0.6477,0,0
label_imbalance-00138,label_imbalance,val,25,677,178.03,2,0.789,1,0.8536,1,0
label_imbalance-00139,label_imbalance,train,62,1598,105.26,0,0.3787,2,0.5593,0,0
label_imbalance-00140,label_imbalance,train,51,387,68.78,1,0.345,0,0.7602,0,0
label_imbalance-00141,label_imbalance,train,44,823,128.15,3,0.5853,3,0.6338,0,0
label_imbalance-00142,label_imbalance,train,58,134,83.0,1,0.8765,1,0.8467,1,0
label_imbalance-00143,label_imbalance,train,44,146,56.16,2,0.6832,2,0.8263,0,0
label_imbalance-00144,label_imbalance,val,59,580,45.32,1,0.6556,3,0.7409,0,0
label_imbalance-00145,label_imbalance,train,29,200,96.34,0,0.1635,2,0.9613,0,0
label_imbalance-00146,label_imbalance,train,51,107,93.19,0,0.6085,4,0.5672,0,0
label_imbalance-00147,label_imbalance,train,58,212,82.52,2,0.6598,1,0.7183,0,0
label_imbalance-00148,label_imbalance,val,30,250,98.45,0,0.0942,4,0.8766,0,0
label_imbalance-00149,label_imbalance,train,72,1026,53.54,1,0.4237,0,0.7672,0,0
label_imbalance-00150,label_imbalance,val,75,819,90.52,2,0.6605,0,0.6952,0,0
label_imbalance-00151,label_imbalance,train,22,1094,34.53,2,0.8339,2,0.8292,0,0
label_imbalance-00152,label_imbalance,train,60,33,61.76,0,0.4536,3,0.7784,0,0
label_imbalance-00153,label_imbalance,train,20,879,34.62,0,0.7689,1,0.8864,0,0
label_imbalance-00154,label_imbalance,train,63,237,31.51,0,0.4408,2,0.4292,0,0
label_imbalance-00155,label_imbalance,train,34,144,66.42,1,0.5447,4,0.6501,1,0
label_imbalance-00156,label_imbalance,train,56,495,103.7,1,0.7048,2,0.7828,0,0
label_imbalance-00157,label_imbalance,train,44,249,34.64,0,0.4034,2,1.0,0,0
label_imbalance-00158,label_imbalance,train,49,1,50.27,0,0.5583,2,0.9926,0,0
label_imbalance-00159,label_imbalance,test,36,268,61.99,2,0.3252,1,0.9856,0,0
label_imbalance-00160,label_imbalance,val,50,319,128.52,2,0.5764,4,1.0,0,0
label_imbalance-00161,label_imbalance,train,74,793,103.72,0,0.8392,1,0.84,1,0
label_imbalance-00162,label_imbalance,train,26,146,91.05,2,0.5727,2,1.0,0,0
label_imbalance-00163,label_imbalance,train,23,103,200.0,1,0.7391,2,0.6496,0,1
label_imbalance-00164,label_imbalance,train,70,93,33.28,0,0.2871,2,0.7692,0,0
label_imbalance-00165,label_imbalance,test,75,819,90.52,2,0.6605,0,0.6952,0,0
label_imbalance-00166,label_imbalance,train,32,569,39.38,5,0.7779,3,1.0,0,0
label_imbalance-00167,label_imbalance,test,63,280,130.72,1,0.729,1,0.826,0,0
label_imbalance-00168,label_imbalance,test,69,923,64.92,1,0.8049,1,0.6276,1,0
label_imbalance-00169,label_imbalance,train,67,258,58.15,1,0.5774,0,0.6301,0,0
label_imbalance-00170,label_imbalance,train,68,1744,107.31,3,0.6915,2,1.0,1,0
label_imbalance-00171,label_imbalance,val,42,129,72.16,2,0.6417,2,0.6793,1,0
label_imbalance-00172,label_imbalance,train,25,37,49.71,3,0.4736,1,0.7471,0,1
label_imbalance-00173,label_imbalance,train,53,302,56.23,2,0.5741,2,0.6701,0,0
label_imbalance-00174,label_imbalance,train,55,321,83.13,1,0.4591,2,1.0,1,0
label_imbalance-00175,label_imbalance,train,44,836,60.01,1,0.7499,2,0.7666,0,0
label_imbalance-00176,label_imbalance,train,31,265,51.86,0,0.511,4,0.6907,0,0
label_imbalance-00177,label_imbalance,train,43,1776,44.98,0,0.2679,1,0.7534,0,0
label_imbalance-00178,label_imbalance,train,69,291,67.71,2,0.6829,0,0.8465,1,0
label_imbalance-00179,label_imbalance,train,56,94,57.43,1,0.6122,0,0.837,0,0
label_imbalance-00180,label_imbalance,train,27,182,68.54,2,0.7086,3,0.8822,1,0
label_imbalance-00181,label_imbalance,train,22,54,34.52,1,0.5197,2,0.9019,0,0
label_imbalance-00182,label_imbalance,train,66,902,72.29,1,0.515,0,0.7335,0,0
label_imbalance-00183,label_imbalance,test,71,1133,31.37,3,0.7461,3,0.8287,1,0
label_imbalance-00184,label_imbalance,train,72,524,99.75,1,0.4255,1,0.9549,1,0
label_imbalance-00185,label_imbalance,val,40,197,145.99,2,0.5749,1,1.0,0,0
label_imbalance-00186,label_imbalance,train,50,14,97.87,2,0.7437,3,0.933,0,0
label_imbalance-00187,label_imbalance,val,65,1542,121.05,1,0.2797,2,0.7406,1,0
label_imbalance-00188,label_imbalance,test,59,467,39.52,1,0.664,4,0.7185,0,0
label_imbalance-00189,label_imbalance,val,46,312,66.95,1,0.5583,4,0.5394,1,0
label_imbalance-00190,label_imbalance,test,39,1317,164.41,2,0.3888,4,0.7912,0,0
label_imbalance-00191,label_imbalance,train,23,147,62.78,0,0.6992,1,0.7301,0,0
label_imbalance-00192,label_imbalance,test,48,523,101.33,0,0.7377,5,1.0,0,0
label_imbalance-00193,label_imbalance,train,21,1033,115.43,0,0.7974,4,0.793,0,0
label_imbalance-00194,label_imbalance,train,45,516,19.41,1,0.3626,1,1.0,0,0
label_imbalance-00195,label_imbalance,train,24,136,39.68,1,0.6219,3,0.8161,1,0
label_imbalance-00196,label_imbalance,train,27,1478,88.15,0,0.7218,4,0.6463,0,0
label_imbalance-00197,label_imbalance,train,72,67,62.54,2,0.4219,3,0.6165,0,0
label_imbalance-00198,label_imbalance,train,67,200,74.65,2,0.5573,2,0.8804,0,0
label_imbalance-00199,label_imbalance,train,71,416,144.5,0,0.5988,3,0.7971,0,0
label_imbalance-00200,label_imbalance,train,42,686,67.62,1,0.4579,0,0.6383,0,0
label_imbalance-00201,label_imbalance,test,26,251,113.77,1,0.4128,6,0.6257,0,0
label_imbalance-00202,label_imbalance,train,43,351,153.37,0,1.0,4,0.6704,0,0
label_imbalance-00203,label_imbalance,train,35,183,35.55,3,0.4228,3,0.8085,1,0
label_imbalance-00204,label_imbalance,train,37,333,91.74,1,0.707,2,0.9528,1,0
label_imbalance-00205,label_imbalance,train,40,73,70.44,0,0.4872,2,1.0,0,0
label_imbalance-00206,label_imbalance,train,49,1039,62.68,0,0.6307,1,0.7887,0,0
label_imbalance-00207,label_imbalance,train,53,143,78.05,1,0.9449,1,0.7538,0,0
label_imbalance-00208,label_imbalance,val,53,259,99.29,1,0.6733,2,0.6987,1,0
label_imbalance-00209,label_imbalance,val,44,349,29.36,4,0.4221,7,0.788,1,0
label_imbalance-00210,label_imbalance,train,40,318,51.22,1,0.4393,5,0.6896,0,0
label_imbalance-00211,label_imbalance,train,44,182,106.84,0,0.7813,3,0.7976,0,0
label_imbalance-00212,label_imbalance,train,36,11,55.65,0,0.7272,6,0.6547,1,0
label_imbalance-00213,label_imbalance,train,58,594,79.3,0,0.4943,3,0.7381,0,0
label_imbalance-00214,label_imbalance,test,53,375,104.95,0,0.6125,6,0.8719,1,0
label_imbalance-00215,label_imbalance,val,64,715,134.7,4,0.4591,3,0.9593,0,0
label_imbalance-00216,label_imbalance,train,30,212,50.88,1,0.304,1,0.9352,0,0
label_imbalance-00217,label_imbalance,train,55,232,64.07,1,0.4507,1,0.8765,0,0
label_imbalance-00218,label_imbalance,train,53,784,46.29,0,0.8989,0,0.7453,0,0
label_imbalance-00219,label_imbalance,val,44,505,101.51,0,0.4132,3,0.6849,0,0
label_imbalance-00220,label_imbalance,val,25,338,61.55,0,0.5959,2,0.5408,0,0
label_imbalance-00221,label_imbalance,train,50,319,128.52,2,0.5764,4,1.0,0,0
label_imbalance-00222,label_imbalance,train,63,398,96.12,0,0.4381,1,0.8679,1,0
label_imbalance-00223,label_imbalance,train,39,1884,89.92,0,1.0,0,0.7559,1,0
label_imbalance-00224,label_imbalance,train,38,166,72.83,3,0.5679,2,0.8474,0,0
label_imbalance-00225,label_imbalance,test,68,492,123.06,1,0.6452,3,0.8453,1,0
label_imbalance-00226,label_imbalance,test,55,650,73.91,1,0.6292,1,0.6762,1,0
label_imbalance-00227,label_imbalance,val,19,189,113.09,0,0.5569,6,0.6633,1,0
label_imbalance-00228,label_imbalance,train,42,314,70.49,1,0.4521,3,0.9405,1,0
label_imbalance-00229,label_imbalance,val,47,14,18.03,0,0.5218,1,0.6753,0,0
label_imbalance-00230,label_imbalance,train,68,379,69.92,2,0.4302,2,0.6811,0,0
label_imbalance-00231,label_imbalance,train,75,97,120.19,1,0.6977,3,0.7342,0,0
label_imbalance-00232,label_imbalance,val,19,210,101.92,0,0.2354,2,0.9004,0,0
label_imbalance-00233,label_imbalance,train,44,147,69.45,0,0.5398,3,0.772,0,0
label_imbalance-00234,label_imbalance,train,31,148,70.03,0,0.798,3,0.8986,1,0
label_imbalance-00235,label_imbalance,train,38,111,80.76,1,0.3796,2,0.898,0,0
label_imbalance-00236,label_imbalance,test,64,353,74.23,2,0.388,4,0.7398,0,0
label_imbalance-00237,label_imbalance,train,42,274,71.75,0,0.5409,2,0.9159,0,0
label_imbalance-00238,label_imbalance,train,20,1217,132.52,2,0.7161,1,0.793,0,0
label_imbalance-00239,label_imbalance,test,48,924,126.51,2,0.5262,2,0.7841,0,0
label_imbalance-00240,label_imbalance,val,39,662,61.61,1,0.4256,1,0.9994,0,0
label_imbalance-00241,label_imbalance,test,67,551,46.61,3,0.4569,2,0.9746,1,0
label_imbalance-00242,label_imbalance,test,31,148,70.03,0,0.798,3,0.8986,1,0
label_imbalance-00243,label_imbalance,train,35,194,51.27,1,0.6891,2,0.7356,1,0
label_imbalance-00244,label_imbalance,val,75,297,29.9,2,0.4135,1,0.7788,1,0
label_imbalance-00245,label_imbalance,train,54,1029,30.89,0,0.5755,3,0.9543,1,0
label_imbalance-00246,label_imbalance,train,22,1394,108.08,0,0.718,0,0.3674,0,1
label_imbalance-00247,label_imbalance,train,49,843,144.24,0,0.9267,2,0.9577,1,0
label_imbalance-00248,label_imbalance,train,56,395,108.13,1,0.6964,2,1.0,0,0
label_imbalance-00249,label_imbalance,val,22,54,34.52,1,0.5197,2,0.9019,0,0
label_imbalance-00250,label_imbalance,train,32,122,36.02,3,0.9003,1,0.8937,1,0
label_imbalance-00251,label_imbalance,test,73,475,31.98,3,0.8539,1,0.9024,0,0
label_imbalance-00252,label_imbalance,train,48,630,41.94,1,0.3769,4,0.732,0,0
label_imbalance-00253,label_imbalance,train,33,401,138.81,1,0.4678,3,0.721,0,0
label_imbalance-00254,label_imbalance,train,52,100,109.08,0,0.7192,2,0.6362,0,0
label_imbalance-00255,label_imbalance,train,38,874,63.51,1,0.1979,4,0.7982,0,0
label_imbalance-00256,label_imbalance,val,41,873,59.68,2,0.4463,3,0.9756,0,0
label_imbalance-00257,label_imbalance,train,33,420,80.36,0,0.8201,0,0.7745,0,0
label_imbalance-00258,label_imbalance,train,53,565,54.15,0,0.5271,1,0.6629,0,0
label_imbalance-00259,label_imbalance,test,55,229,80.08,0,0.6974,1,0.7477,0,0
label_imbalance-00260,label_imbalance,train,40,60,61.27,1,0.5792,4,0.8255,0,0
label_imbalance-00261,label_imbalance,train,30,236,43.15,0,0.7378,0,0.6049,0,0
label_imbalance-00262,label_imbalance,test,41,266,71.72,1,0.4321,4,0.577,0,0
label_imbalance-00263,label_imbalance,test,64,22,42.96,0,0.6297,2,0.7781,0,0
label_imbalance-00264,label_imbalance,val,67,200,74.65,2,0.5573,2,0.8804,0,0
label_imbalance-00265,label_imbalance,train,63,465,132.23,2,0.5638,0,0.9001,0,0
label_imbalance-00266,label_imbalance,train,46,946,101.73,0,0.6109,4,0.7039,0,0
label_imbalance-00267,label_imbalance,test,42,83,74.08,0,0.7318,4,0.7333,1,0
label_imbalance-00268,label_imbalance,val,57,678,42.83,0,0.5514,0,0.7022,0,0
label_imbalance-00269,label_imbalance,test,29,60,127.59,3,0.5709,5,0.845,0,0
label_imbalance-00270,label_imbalance,train,26,674,55.25,3,0.5934,4,0.753,0,0
label_imbalance-00271,label_imbalance,val,34,249,97.41,0,0.6299,2,0.6559,0,0
label_imbalance-00272,label_imbalance,test,49,23,79.32,1,0.8116,4,0.958,0,0
label_imbalance-00273,label_imbalance,train,75,128,71.25,1,0.3874,6,0.6215,1,1
label_imbalance-00274,label_imbalance,test,23,700,142.36,3,1.0,4,0.9393,0,0
label_imbalance-00275,label_imbalance,train,75,134,85.06,0,0.7059,2,1.0,0,0
label_imbalance-00276,label_imbalance,test,35,585,59.65,2,0.5712,1,0.5965,0,0
label_imbalance-00277,label_imbalance,train,63,1555,129.19,1,0.477,3,0.7291,0,0
label_imbalance-00278,label_imbalance,val,65,165,116.48,1,0.69,4,0.7206,1,0
label_imbalance-00279,label_imbalance,train,64,715,134.7,4,0.4591,3,0.9593,0,0
label_imbalance-00280,label_imbalance,train,48,16,123.7,1,0.6516,2,0.8418,1,0
label_imbalance-00281,label_imbalance,val,46,419,51.89,2,0.8973,0,0.8164,0,0
label_imbalance-00282,label_imbalance,val,74,1651,66.29,2,0.6475,1,0.7071,0,0
label_imbalance-00283,label_imbalance,train,51,429,62.62,0,0.7125,1,0.7271,1,0
label_imbalance-00284,label_imbalance,train,68,860,70.22,1,0.5841,1,0.8801,0,0
label_imbalance-00285,label_imbalance,test,18,487,30.07,2,0.5304,1,0.9871,1,0
label_imbalance-00286,label_imbalance,val,19,91,53.8,0,0.6278,3,0.6993,0,0
label_imbalance-00287,label_imbalance,train,65,117,119.31,0,0.4817,2,0.7991,0,0
label_imbalance-00288,label_imbalance,train,39,1715,132.42,2,0.7566,2,0.6962,1,0
label_imbalance-00289,label_imbalance,val,68,50,44.83,0,0.7137,3,0.7611,1,0
label_imbalance-00290,label_imbalance,train,69,188,34.24,2,0.7373,2,0.6957,0,0
label_imbalance-00291,label_imbalance,train,51,574,88.06,2,0.8151,3,0.7595,0,0
label_imbalance-00292,label_imbalance,train,47,841,42.19,1,0.6908,2,0.6056,1,0
label_imbalance-00293,label_imbalance,train,29,92,67.27,1,0.6492,2,0.764,0,0
label_imbalance-00294,label_imbalance,train,55,205,63.95,0,0.9435,1,0.8375,1,0
label_imbalance-00295,label_imbalance,test,40,1079,95.54,2,0.8081,0,0.7137,1,0
label_imbalance-00296,label_imbalance,train,37,520,97.08,0,0.5944,2,0.8388,1,0
label_imbalance-00297,label_imbalance,train,63,254,62.37,2,0.5335,1,0.7275,1,1
label_imbalance-00298,label_imbalance,train,21,272,73.96,2,0.597,2,0.818,0,0
label_imbalance-00299,label_imbalance,val,46,419,51.89,2,0.8973,0,0.8164,0,0
label_imbalance-00300,label_imbalance,train,61,1366,32.7,1,0.4157,2,0.585,1,0
label_imbalance-00301,label_imbalance,test,48,924,126.51,2,0.5262,2,0.7841,0,0
label_imbalance-00302,label_imbalance,train,52,493,70.44,1,0.6436,1,0.8108,0,0
label_imbalance-00303,label_imbalance,train,18,84,84.41,2,0.7241,0,0.7143,0,0
label_imbalance-00304,label_imbalance,train,64,306,72.22,1,0.4784,4,0.7463,0,0
label_imbalance-00305,label_imbalance,train,52,851,68.25,1,0.4818,4,0.6683,0,0
label_imbalance-00306,label_imbalance,train,45,467,87.82,2,0.2645,5,0.7939,0,0
label_imbalance-00307,label_imbalance,val,57,609,98.22,1,0.7884,2,0.7339,1,0
label_imbalance-00308,label_imbalance,test,21,539,49.56,3,0.7279,3,0.5724,0,0
label_imbalance-00309,label_imbalance,test,54,406,45.08,1,0.2814,4,0.7925,1,0
label_imbalance-00310,label_imbalance,train,26,146,91.05,2,0.5727,2,1.0,0,0
label_imbalance-00311,label_imbalance,train,71,106,86.86,2,0.3859,5,0.7178,1,0
label_imbalance-00312,label_imbalance,train,35,88,101.13,1,0.9451,0,0.8173,0,0
label_imbalance-00313,label_imbalance,train,27,234,37.98,0,0.7083,2,0.6848,1,0
label_imbalance-00314,label_imbalance,train,73,18,80.55,2,0.5654,0,0.8898,0,0
label_imbalance-00315,label_imbalance,val,40,197,145.99,2,0.5749,1,1.0,0,0
label_imbalance-00316,label_imbalance,train,21,607,80.89,0,0.657,3,0.6908,0,0
label_imbalance-00317,label_imbalance,test,33,34,96.13,0,0.4757,2,0.8367,0,0
label_imbalance-00318,label_imbalance,train,70,495,67.21,0,0.5681,2,0.6016,0,0
label_imbalance-00319,label_imbalance,test,21,763,103.97,1,0.7627,5,0.7234,0,0
label_imbalance-00320,label_imbalance,train,65,288,120.2,2,0.6696,1,0.9403,0,0
label_imbalance-00321,label_imbalance,train,30,416,110.38,2,0.5421,2,0.6967,0,0
label_imbalance-00322,label_imbalance,train,73,860,64.04,1,0.869,0,0.6755,0,0
label_imbalance-00323,label_imbalance,train,42,818,74.17,0,0.5362,3,0.3482,0,0
label_imbalance-00324,label_imbalance,val,67,551,46.61,3,0.4569,2,0.9746,1,0
label_imbalance-00325,label_imbalance,val,22,16,60.8,0,0.4776,1,1.0,0,0
label_imbalance-00326,label_imbalance,train,37,418,111.01,3,0.5283,6,0.6926,1,0
label_imbalance-00327,label_imbalance,val,19,154,43.16,0,0.3875,2,0.7482,1,0
label_imbalance-00328,label_imbalance,train,23,297,68.32,0,0.7082,2,0.492,0,0
label_imbalance-00329,label_imbalance,train,36,164,84.93,2,1.0,3,0.6087,0,0
label_imbalance-00330,label_imbalance,test,55,205,63.95,0,0.9435,1,0.8375,1,0
label_imbalance-00331,label_imbalance,train,29,398,52.26,3,1.0,4,0.522,0,0
label_imbalance-00332,label_imbalance,train,40,967,46.25,1,0.3867,5,0.8895,1,0
label_imbalance-00333,label_imbalance,train,22,25,67.25,1,0.8995,1,0.9823,0,0
label_imbalance-00334,label_imbalance,train,71,1798,85.64,2,0.727,1,0.4509,0,0
label_imbalance-00335,label_imbalance,train,35,1757,65.5,1,0.4904,1,0.8257,1,0
label_imbalance-00336,label_imbalance,test,31,2,36.59,2,0.4659,3,0.7581,0,0
label_imbalance-00337,label_imbalance,train,30,477,82.16,1,0.3966,4,0.6484,0,0
label_imbalance-00338,label_imbalance,train,23,79,47.04,1,0.4856,1,0.643,0,0
label_imbalance-00339,label_imbalance,train,29,287,100.13,2,0.7408,1,0.8739,0,0
label_imbalance-00340,label_imbalance,train,65,944,112.93,0,0.7401,1,0.8529,0,0
label_imbalance-00341,label_imbalance,val,40,73,70.44,0,0.4872,2,1.0,0,0
label_imbalance-00342,label_imbalance,train,59,336,129.16,0,0.7722,2,0.6477,0,0
label_imbalance-00343,label_imbalance,train,23,1478,90.57,0,0.7133,3,0.7574,0,0
label_imbalance-00344,label_imbalance,test,75,32,67.77,1,0.5085,1,0.7786,1,0
label_imbalance-00345,label_imbalance,val,31,1184,62.27,1,0.4724,1,0.5032,0,0
label_imbalance-00346,label_imbalance,train,42,1218,26.62,1,0.6452,1,0.7803,0,0
label_imbalance-00347,label_imbalance,test,60,693,68.76,1,0.6168,1,0.7485,1,0
label_imbalance-00348,label_imbalance,train,46,73,122.01,1,0.7493,2,0.7892,0,0
label_imbalance-00349,label_imbalance,train,22,739,91.42,2,0.6226,2,0.7223,0,0
label_imbalance-00350,label_imbalance,val,57,163,63.51,0,0.6385,2,0.7126,0,0
label_imbalance-00351,label_imbalance,train,74,1651,66.29,2,0.6475,1,0.7071,0,0
label_imbalance-00352,label_imbalance,train,26,317,124.26,5,1.0,4,0.7779,0,0
label_imbalance-00353,label_imbalance,train,70,188,126.97,1,0.5769,1,0.9662,0,0
label_imbalance-00354,label_imbalance,train,68,748,91.05,0,0.389,1,0.8986,0,0
label_imbalance-00355,label_imbalance,train,67,258,58.15,1,0.5774,0,0.6301,0,0
label_imbalance-00356,label_imbalance,train,41,266,71.72,1,0.4321,4,0.577,0,0
label_imbalance-00357,label_imbalance,train,44,351,39.5,2,0.8338,2,0.6664,0,0
label_imbalance-00358,label_imbalance,train,51,2600,91.44,1,0.2002,3,0.4569,0,0
label_imbalance-00359,label_imbalance,test,36,255,122.75,2,0.5504,6,0.7247,0,0
label_imbalance-00360,label_imbalance,val,36,364,81.2,2,1.0,1,0.7569,0,0
label_imbalance-00361,label_imbalance,train,62,464,37.58,0,0.504,1,0.7738,1,0
label_imbalance-00362,label_imbalance,train,70,196,106.7,0,0.8425,1,0.4513,0,0
label_imbalance-00363,label_imbalance,train,29,145,115.19,2,0.7616,3,0.8143,0,0
label_imbalance-00364,label_imbalance,train,71,538,154.57,2,0.7464,1,0.7629,0,0
label_imbalance-00365,label_imbalance,train,60,1435,173.98,1,0.3438,0,0.6882,0,0
label_imbalance-00366,label_imbalance,test,72,1304,114.19,1,0.6636,0,0.6469,0,0
label_imbalance-00367,label_imbalance,train,25,787,61.05,2,0.7787,0,0.9853,0,0
label_imbalance-00368,label_imbalance,train,63,59,45.79,1,0.3824,2,0.6993,0,0
label_imbalance-00369,label_imbalance,train,63,167,42.04,2,0.5592,3,0.5875,1,0
label_imbalance-00370,label_imbalance,train,41,1120,40.59,0,0.7359,1,0.6871,1,0
label_imbalance-00371,label_imbalance,train,50,318,56.77,1,0.2294,8,0.4845,0,0
label_imbalance-00372,label_imbalance,train,36,104,15.0,0,0.6875,1,0.79,0,0
label_imbalance-00373,label_imbalance,train,62,1598,105.26,0,0.3787,2,0.5593,0,0
label_imbalance-00374,label_imbalance,train,30,293,136.69,0,0.3634,5,0.6692,1,0
label_imbalance-00375,label_imbalance,train,45,1033,88.21,2,0.6263,1,0.93,1,0
label_imbalance-00376,label_imbalance,val,57,111,70.5,2,0.9421,4,0.4662,0,0
label_imbalance-00377,label_imbalance,test,43,88,136.95,0,0.7041,3,1.0,0,0
label_imbalance-00378,label_imbalance,train,38,2,74.74,3,0.4447,2,0.8973,1,0
label_imbalance-00379,label_imbalance,train,63,790,131.44,1,0.7592,0,0.634,0,0
label_imbalance-00380,label_imbalance,train,37,483,137.85,2,0.7254,4,0.6232,0,0
label_imbalance-00381,label_imbalance,test,69,323,51.18,0,0.3319,1,0.7188,0,0
label_imbalance-00382,label_imbalance,test,53,338,29.89,2,0.3575,2,0.7115,1,0
label_imbalance-00383,label_imbalance,train,66,796,31.76,1,0.1888,1,0.6785,0,0
label_imbalance-00384,label_imbalance,val,20,377,74.77,1,0.6338,0,0.743,0,0
label_imbalance-00385,label_imbalance,train,56,460,96.51,2,0.6109,3,0.9682,1,0
label_imbalance-00386,label_imbalance,train,71,65,28.74,0,0.5899,2,0.6037,1,0
label_imbalance-00387,label_imbalance,train,58,458,59.12,0,0.4362,1,0.9304,1,0
label_imbalance-00388,label_imbalance,test,46,378,63.13,4,0.4309,3,0.7615,1,0
label_imbalance-00389,label_imbalance,val,34,398,57.47,2,1.0,0,0.7787,1,0
label_imbalance-00390,label_imbalance,train,44,209,74.66,0,0.6295,5,0.7933,0,0
label_imbalance-00391,label_imbalance,test,57,609,98.22,1,0.7884,2,0.7339,1,0
label_imbalance-00392,label_imbalance,val,51,2600,91.44,1,0.2002,3,0.4569,0,0
label_imbalance-00393,label_imbalance,train,20,64,66.68,1,0.4118,4,0.671,0,0
label_imbalance-00394,label_imbalance,test,35,1300,54.32,3,0.5299,1,0.6925,0,0
label_imbalance-00395,label_imbalance,train,65,820,61.97,1,0.642,2,0.6519,1,0
label_imbalance-00396,label_imbalance,train,36,851,94.44,1,0.3928,8,0.5068,1,0
label_imbalance-00397,label_imbalance,train,67,821,77.21,2,0.593,1,0.9685,0,0
label_imbalance-00398,label_imbalance,val,55,502,67.78,0,0.5059,1,0.8246,0,0
label_imbalance-00399,label_imbalance,train,18,33,29.48,2,0.8183,2,0.8097,0,0
label_imbalance-00400,label_imbalance,val,42,1889,17.28,2,0.5875,4,0.4675,0,0
label_imbalance-00401,label_imbalance,train,71,30,61.57,2,0.2781,2,0.5602,0,0
label_imbalance-00402,label_imbalance,train,22,54,34.52,1,0.5197,2,0.9019,0,0
label_imbalance-00403,label_imbalance,val,29,1,53.62,0,0.4326,0,0.8149,1,0
label_imbalance-00404,label_imbalance,train,67,204,33.47,0,0.7925,2,0.5494,0,0
label_imbalance-00405,label_imbalance,test,41,971,50.9,2,0.4003,1,0.7261,0,0
label_imbalance-00406,label_imbalance,train,68,860,70.22,1,0.5841,1,0.8801,0,0
label_imbalance-00407,label_imbalance,test,66,953,66.29,2,0.4604,2,0.5974,1,0
label_imbalance-00408,label_imbalance,train,75,134,85.06,0,0.7059,2,1.0,0,0
label_imbalance-00409,label_imbalance,val,50,1006,61.17,2,0.848,2,0.653,1,0
label_imbalance-00410,label_imbalance,train,73,341,62.54,1,0.2011,4,0.6436,0,0
label_imbalance-00411,label_imbalance,train,30,72,67.34,0,0.5155,2,0.7149,0,0
label_imbalance-00412,label_imbalance,test,69,137,54.5,0,0.7857,3,0.657,0,0
label_imbalance-00413,label_imbalance,train,33,1,137.6,0,1.0,0,0.5692,0,0
label_imbalance-00414,label_imbalance,train,68,404,56.85,2,0.7548,0,0.6852,0,0
label_imbalance-00415,label_imbalance,train,69,455,68.69,1,0.3854,1,0.7604,0,0
label_imbalance-00416,label_imbalance,train,63,351,61.03,1,0.4706,1,0.7318,0,0
label_imbalance-00417,label_imbalance,val,59,2,58.61,1,0.4824,0,0.6144,1,0
label_imbalance-00418,label_imbalance,train,63,816,61.12,2,0.4885,2,0.7192,0,0
label_imbalance-00419,label_imbalance,train,28,1097,77.13,3,0.5355,2,0.8583,0,0
label_imbalance-00420,label_imbalance,train,65,288,120.2,2,0.6696,1,0.9403,0,0
label_imbalance-00421,label_imbalance,train,68,331,95.73,1,0.6148,2,0.6787,0,0
label_imbalance-00422,label_imbalance,train,50,1006,61.17,2,0.848,2,0.653,1,0
label_imbalance-00423,label_imbalance,train,42,344,120.29,2,0.825,3,0.7696,0,0
label_imbalance-00424,label_imbalance,val,41,76,53.84,2,0.6274,2,0.9916,0,0
label_imbalance-00425,label_imbalance,test,51,34,74.96,1,0.4451,2,1.0,1,0
label_imbalance-00426,label_imbalance,val,73,475,31.98,3,0.8539,1,0.9024,0,0
label_imbalance-00427,label_imbalance,val,73,212,97.27,1,0.5687,2,0.7788,0,0
label_imbalance-00428,label_imbalance,val,56,593,60.52,0,0.8204,0,0.5265,1,0
label_imbalance-00429,label_imbalance,train,29,536,72.82,2,0.1584,3,0.6889,0,0
label_imbalance-00430,label_imbalance,train,69,411,94.4,2,0.6234,1,0.7771,1,0
label_imbalance-00431,label_imbalance,train,28,100,68.95,1,0.8702,3,0.6875,0,0
label_imbalance-00432,label_imbalance,train,71,694,66.91,6,0.412,2,0.8443,1,0
label_imbalance-00433,label_imbalance,train,56,94,57.43,1,0.6122,0,0.837,0,0
label_imbalance-00434,label_imbalance,train,52,791,55.78,1,0.8756,1,0.9105,0,0
label_imbalance-00435,label_imbalance,train,46,529,105.55,1,0.6147,2,0.8614,0,0
label_imbalance-00436,label_imbalance,train,19,832,89.63,1,0.3629,1,0.8061,1,0
label_imbalance-00437,label_imbalance,train,74,29,39.04,1,0.2232,3,0.7009,0,0
label_imbalance-00438,label_imbalance,test,31,49,44.77,0,0.3762,2,0.8025,1,0
label_imbalance-00439,label_imbalance,train,67,551,46.61,3,0.4569,2,0.9746,1,0
label_imbalance-00440,label_imbalance,train,28,3,114.93,2,0.7261,4,0.8519,0,0
label_imbalance-00441,label_imbalance,test,72,269,110.79,1,0.503,3,1.0,0,0
label_imbalance-00442,label_imbalance,train,39,561,26.41,1,0.6395,3,0.5227,0,0
label_imbalance-00443,label_imbalance,train,50,51,82.03,2,0.8859,1,0.9142,0,0
label_imbalance-00444,label_imbalance,train,33,187,88.61,1,0.4767,2,0.7149,0,0
label_imbalance-00445,label_imbalance,val,47,395,57.99,0,0.2576,1,0.9369,1,0
label_imbalance-00446,label_imbalance,val,55,6,100.43,1,1.0,2,0.8536,0,0
label_imbalance-00447,label_imbalance,train,25,255,63.48,0,0.5211,2,0.7123,0,0
label_imbalance-00448,label_imbalance,train,44,1638,42.29,1,0.5336,0,0.7584,0,0
label_imbalance-00449,label_imbalance,test,38,524,64.49,2,0.8128,2,0.5705,0,0
label_imbalance-00450,label_imbalance,train,38,2,74.74,3,0.4447,2,0.8973,1,0
label_imbalance-00451,label_imbalance,train,63,66,56.59,2,0.5412,3,0.6612,0,0
label_imbalance-00452,label_imbalance,train,27,4,58.72,3,0.6076,2,0.8006,0,0
label_imbalance-00453,label_imbalance,train,63,280,130.72,1,0.729,1,0.826,0,0
label_imbalance-00454,label_imbalance,test,22,453,101.64,1,0.56,1,0.6819,0,0
label_imbalance-00455,label_imbalance,val,65,422,48.73,1,0.6746,4,0.5331,0,0
label_imbalance-00456,label_imbalance,train,42,344,120.29,2,0.825,3,0.7696,0,0
label_imbalance-00457,label_imbalance,train,64,586,60.67,1,0.5774,2,0.7115,1,0
label_imbalance-00458,label_imbalance,train,52,413,69.52,0,0.6692,0,0.7615,0,0
label_imbalance-00459,label_imbalance,train,65,288,120.2,2,0.6696,1,0.9403,0,0
label_imbalance-00460,label_imbalance,train,57,1294,92.99,1,0.6644,2,0.4361,1,0
label_imbalance-00461,label_imbalance,train,66,73,118.9,3,0.989,0,0.6049,1,1
label_imbalance-00462,label_imbalance,train,70,114,96.84,1,0.3426,3,0.742,0,0
label_imbalance-00463,label_imbalance,train,68,860,70.22,1,0.5841,1,0.8801,0,0
label_imbalance-00464,label_imbalance,train,42,551,91.07,1,0.6023,2,0.9176,0,0
label_imbalance-00465,label_imbalance,train,63,35,100.34,0,0.6295,2,0.6929,0,0
label_imbalance-00466,label_imbalance,train,62,618,89.2,1,0.5673,5,0.9336,0,0
label_imbalance-00467,label_imbalance,test,62,321,75.17,2,0.4052,3,0.6837,0,0
label_imbalance-00468,label_imbalance,train,50,564,154.2,3,1.0,2,0.7082,0,0
label_imbalance-00469,label_imbalance,train,22,316,102.13,0,0.611,2,0.6585,1,0
label_imbalance-00470,label_imbalance,train,37,813,38.07,0,0.3957,2,0.6185,0,0
label_imbalance-00471,label_imbalance,val,46,830,55.71,3,0.4921,4,0.8232,1,0
label_imbalance-00472,label_imbalance,train,68,404,56.85,2,0.7548,0,0.6852,0,0
label_imbalance-00473,label_imbalance,train,74,786,76.82,0,0.6159,1,0.6946,0,0
label_imbalance-00474,label_imbalance,train,49,1593,74.49,1,0.5146,2,0.6102,1,0
label_imbalance-00475,label_imbalance,val,31,288,69.39,3,0.5946,4,0.8895,1,0
label_imbalance-00476,label_imbalance,val,46,529,105.55,1,0.6147,2,0.8614,0,0
label_imbalance-00477,label_imbalance,train,74,360,42.44,1,0.6213,4,0.6298,1,0
label_imbalance-00478,label_imbalance,train,56,1061,87.64,5,0.6725,3,0.8772,1,0
label_imbalance-00479,label_imbalance,val,69,188,34.24,2,0.7373,2,0.6957,0,0
label_imbalance-00480,label_imbalance,train,70,558,60.42,1,0.6252,2,0.6745,0,0
label_imbalance-00481,label_imbalance,train,47,177,121.01,3,0.6656,5,0.916,0,0
label_imbalance-00482,label_imbalance,test,67,8,85.21,1,0.8246,4,0.5875,1,0
label_imbalance-00483,label_imbalance,train,27,182,68.54,2,0.7086,3,0.8822,1,0
label_imbalance-00484,label_imbalance,test,50,252,60.63,0,0.3386,5,0.5359,1,0
label_imbalance-00485,label_imbalance,train,22,453,101.64,1,0.56,1,0.6819,0,0
label_imbalance-00486,label_imbalance,train,54,287,43.24,1,0.4728,1,0.8229,0,0
label_imbalance-00487,label_imbalance,train,29,227,82.85,1,0.7495,3,0.769,0,0
label_imbalance-00488,label_imbalance,test,60,1004,79.99,0,0.4684,3,0.8077,0,0
label_imbalance-00489,label_imbalance,test,55,70,47.97,2,0.434,4,0.9172,0,0
label_imbalance-00490,label_imbalance,train,26,206,117.01,2,0.8249,4,0.8396,1,0
label_imbalance-00491,label_imbalance,train,24,1117,90.04,3,0.4569,1,1.0,1,0
label_imbalance-00492,label_imbalance,train,72,859,53.49,0,0.7294,0,0.8471,0,0
label_imbalance-00493,label_imbalance,val,18,1567,89.27,3,0.856,7,0.7068,0,0
label_imbalance-00494,label_imbalance,test,21,272,73.96,2,0.597,2,0.818,0,0
label_imbalance-00495,label_imbalance,train,45,131,61.65,1,0.3717,4,0.5924,0,0
label_imbalance-00496,label_imbalance,train,57,163,63.51,0,0.6385,2,0.7126,0,0
label_imbalance-00497,label_imbalance,train,65,165,116.48,1,0.69,4,0.7206,1,0
label_imbalance-00498,label_imbalance,train,33,401,138.81,1,0.4678,3,0.721,0,0
label_imbalance-00499,label_imbalance,val,53,338,29.89,2,0.3575,2,0.7115,1,0
label_imbalance-00500,label_imbalance,train,47,14,18.03,0,0.5218,1,0.6753,0,0
label_imbalance-00501,label_imbalance,train,28,151,89.8,3,0.9151,2,0.8359,1,0
label_imbalance-00502,label_imbalance,val,38,56,50.57,1,0.6298,4,0.9032,1,0
label_imbalance-00503,label_imbalance,train,35,194,51.27,1,0.6891,2,0.7356,1,0
label_imbalance-00504,label_imbalance,train,52,493,70.44,1,0.6436,1,0.8108,0,0
label_imbalance-00505,label_imbalance,train,22,351,177.66,1,0.5718,2,0.9517,1,0
label_imbalance-00506,label_imbalance,train,24,191,50.52,4,0.8636,3,0.7957,1,0
label_imbalance-00507,label_imbalance,val,28,1097,77.13,3,0.5355,2,0.8583,0,0
label_imbalance-00508,label_imbalance,train,48,320,74.63,0,0.3352,0,0.861,0,0
label_imbalance-00509,label_imbalance,test,68,331,95.73,1,0.6148,2,0.6787,0,0
label_imbalance-00510,label_imbalance,val,66,8,50.54,0,0.5936,4,0.9411,0,0
label_imbalance-00511,label_imbalance,val,20,1414,87.77,3,0.9099,1,0.9134,0,0
label_imbalance-00512,label_imbalance,train,58,2183,70.72,2,0.6809,3,0.9021,1,0
label_imbalance-00513,label_imbalance,train,63,167,42.04,2,0.5592,3,0.5875,1,0
label_imbalance-00514,label_imbalance,train,66,805,23.15,0,0.7182,1,0.8727,0,0
label_imbalance-00515,label_imbalance,val,46,529,105.55,1,0.6147,2,0.8614,0,0
label_imbalance-00516,label_imbalance,train,58,273,87.15,2,0.0,4,0.755,1,0
label_imbalance-00517,label_imbalance,train,61,1366,32.7,1,0.4157,2,0.585,1,0
label_imbalance-00518,label_imbalance,train,44,270,58.1,0,0.2806,1,0.8707,0,0
label_imbalance-00519,label_imbalance,val,20,1325,84.66,2,0.827,1,0.7263,0,0
label_imbalance-00520,label_imbalance,train,24,519,93.73,0,0.5751,1,0.8796,0,0
label_imbalance-00521,label_imbalance,train,27,521,56.76,2,0.6554,2,0.7247,0,0
label_imbalance-00522,label_imbalance,train,28,91,83.9,0,0.3416,4,0.7836,1,0
label_imbalance-00523,label_imbalance,test,64,171,56.15,1,0.766,1,0.5957,1,0
label_imbalance-00524,label_imbalance,train,34,223,61.26,0,0.368,2,0.8078,1,0
label_imbalance-00525,label_imbalance,test,24,519,93.73,0,0.5751,1,0.8796,0,0
label_imbalance-00526,label_imbalance,train,55,1524,60.3,0,0.6348,5,0.8436,0,0
label_imbalance-00527,label_imbalance,train,50,318,56.77,1,0.2294,8,0.4845,0,0
label_imbalance-00528,label_imbalance,train,59,1001,82.55,1,0.4862,3,0.6593,0,0
label_imbalance-00529,label_imbalance,train,61,132,50.94,0,0.7765,2,0.6576,0,0
label_imbalance-00530,label_imbalance,train,58,33,145.6,0,0.682,4,0.7272,0,0
label_imbalance-00531,label_imbalance,val,61,778,40.98,1,0.5337,1,0.612,0,0
label_imbalance-00532,label_imbalance,train,65,163,56.12,1,0.3243,1,0.8318,0,0
label_imbalance-00533,label_imbalance,train,41,873,59.68,2,0.4463,3,0.9756,0,0
label_imbalance-00534,label_imbalance,train,65,1240,71.25,1,0.4989,2,0.5008,0,0
label_imbalance-00535,label_imbalance,train,70,1008,73.2,0,0.4511,1,0.7487,0,0
label_imbalance-00536,label_imbalance,train,47,622,107.76,0,0.4951,0,0.8386,1,0
label_imbalance-00537,label_imbalance,train,30,416,110.38,2,0.5421,2,0.6967,0,0
label_imbalance-00538,label_imbalance,train,42,119,41.04,2,0.869,1,0.6751,1,0
label_imbalance-00539,label_imbalance,train,23,79,47.04,1,0.4856,1,0.643,0,0
label_imbalance-00540,label_imbalance,train,50,318,56.77,1,0.2294,8,0.4845,0,0
label_imbalance-00541,label_imbalance,train,30,250,98.45,0,0.0942,4,0.8766,0,0
label_imbalance-00542,label_imbalance,train,32,569,39.38,5,0.7779,3,1.0,0,0
label_imbalance-00543,label_imbalance,train,70,114,96.84,1,0.3426,3,0.742,0,0
label_imbalance-00544,label_imbalance,train,63,131,87.85,1,0.6235,3,0.6683,0,1
label_imbalance-00545,label_imbalance,train,22,16,60.8,0,0.4776,1,1.0,0,0
label_imbalance-00546,label_imbalance,test,64,792,78.34,2,0.3634,3,0.7427,0,0
label_imbalance-00547,label_imbalance,train,47,1346,200.0,1,0.3587,1,0.6858,0,0
label_imbalance-00548,label_imbalance,train,22,113,81.6,2,0.4151,2,0.8264,1,0
label_imbalance-00549,label_imbalance,train,31,527,89.43,1,0.5124,3,0.8162,1,0
label_imbalance-00550,label_imbalance,train,21,440,15.0,0,0.7183,1,0.6853,1,0
label_imbalance-00551,label_imbalance,train,68,538,43.85,1,0.9854,1,0.8245,0,0
label_imbalance-00552,label_imbalance,train,58,328,133.43,2,1.0,1,0.7918,0,0
label_imbalance-00553,label_imbalance,train,50,1006,61.17,2,0.848,2,0.653,1,0
label_imbalance-00554,label_imbalance,test,63,1430,90.23,0,0.8006,1,0.7671,1,0
label_imbalance-00555,label_imbalance,train,38,56,50.57,1,0.6298,4,0.9032,1,0
label_imbalance-00556,label_imbalance,train,70,93,33.28,0,0.2871,2,0.7692,0,0
label_imbalance-00557,label_imbalance,val,69,1303,49.82,0,0.7561,2,0.6041,1,0
label_imbalance-00558,label_imbalance,train,55,202,57.5,1,0.3231,2,0.9732,1,0
label_imbalance-00559,label_imbalance,train,31,148,70.03,0,0.798,3,0.8986,1,0
label_imbalance-00560,label_imbalance,test,58,212,82.52,2,0.6598,1,0.7183,0,0
label_imbalance-00561,label_imbalance,test,62,582,71.69,2,0.5829,1,0.7086,1,0
label_imbalance-00562,label_imbalance,val,73,392,86.93,2,0.4876,4,0.6529,0,0
label_imbalance-00563,label_imbalance,train,63,544,57.24,0,0.3234,3,0.8325,0,0
label_imbalance-00564,label_imbalance,val,54,700,46.09,1,0.9534,0,0.7927,1,0
label_imbalance-00565,label_imbalance,train,21,646,66.68,0,0.607,2,0.8583,1,0
label_imbalance-00566,label_imbalance,train,35,6,113.21,0,0.5994,0,0.8125,0,0
label_imbalance-00567,label_imbalance,train,46,63,44.88,1,0.8392,3,0.6386,0,0
label_imbalance-00568,label_imbalance,val,71,106,86.86,2,0.3859,5,0.7178,1,0
label_imbalance-00569,label_imbalance,train,48,16,123.7,1,0.6516,2,0.8418,1,0
label_imbalance-00570,label_imbalance,train,42,708,119.09,3,0.3285,3,0.4213,1,1
label_imbalance-00571,label_imbalance,val,60,1004,79.99,0,0.4684,3,0.8077,0,0
label_imbalance-00572,label_imbalance,train,63,1555,129.19,1,0.477,3,0.7291,0,0
label_imbalance-00573,label_imbalance,test,27,105,66.23,3,0.3945,3,0.8317,0,0
label_imbalance-00574,label_imbalance,train,54,1287,71.51,5,0.6105,4,0.7153,1,0
label_imbalance-00575,label_imbalance,train,75,17,44.45,3,0.7995,2,0.6477,0,0
label_imbalance-00576,label_imbalance,train,57,757,35.57,0,0.6323,5,0.6102,0,0
label_imbalance-00577,label_imbalance,train,51,429,62.62,0,0.7125,1,0.7271,1,0
label_imbalance-00578,label_imbalance,val,49,957,121.91,1,0.3595,1,0.8872,0,0
label_imbalance-00579,label_imbalance,train,37,333,91.74,1,0.707,2,0.9528,1,0
label_imbalance-00580,label_imbalance,val,41,1867,107.41,2,0.7624,1,0.7111,0,0
label_imbalance-00581,label_imbalance,train,20,377,74.77,1,0.6338,0,0.743,0,0
label_imbalance-00582,label_imbalance,test,62,385,71.68,3,0.5967,3,0.6424,0,0
label_imbalance-00583,label_imbalance,train,20,377,74.77,1,0.6338,0,0.743,0,0
label_imbalance-00584,label_imbalance,train,18,553,78.96,0,0.7029,1,0.8111,1,0
label_imbalance-00585,label_imbalance,train,57,609,98.22,1,0.7884,2,0.7339,1,0
label_imbalance-00586,label_imbalance,train,39,561,26.41,1,0.6395,3,0.5227,0,0
label_imbalance-00587,label_imbalance,val,36,1228,169.72,1,0.6175,2,1.0,1,0
label_imbalance-00588,label_imbalance,train,49,1422,84.59,1,0.6221,2,0.7731,1,0
label_imbalance-00589,label_imbalance,val,70,226,89.77,4,0.3905,2,0.9883,0,0
label_imbalance-00590,label_imbalance,train,41,105,53.51,3,0.7419,1,1.0,0,0
label_imbalance-00591,label_imbalance,train,58,659,76.42,0,0.507,1,0.6291,0,0
label_imbalance-00592,label_imbalance,train,29,60,127.59,3,0.5709,5,0.845,0,0
label_imbalance-00593,label_imbalance,val,28,91,83.9,0,0.3416,4,0.7836,1,0
label_imbalance-00594,label_imbalance,val,46,472,42.7,4,0.62,4,0.658,1,0
label_imbalance-00595,label_imbalance,train,18,838,79.28,1,0.464,3,0.6939,0,0
label_imbalance-00596,label_imbalance,test,71,453,70.11,2,0.4414,3,0.7154,0,0
label_imbalance-00597,label_imbalance,val,64,684,65.24,1,0.8347,2,0.7214,0,0
label_imbalance-00598,label_imbalance,test,20,815,73.36,2,0.4701,3,0.7032,0,0
label_imbalance-00599,label_imbalance,val,30,416,110.38,2,0.5421,2,0.6967,0,0
label_imbalance-00600,label_imbalance,train,49,497,74.1,1,0.7065,0,0.5994,0,0
label_imbalance-00601,label_imbalance,train,40,60,61.27,1,0.5792,4,0.8255,0,0
label_imbalance-00602,label_imbalance,train,71,1133,31.37,3,0.7461,3,0.8287,1,0
label_imbalance-00603,label_imbalance,test,42,1218,26.62,1,0.6452,1,0.7803,0,0
label_imbalance-00604,label_imbalance,val,44,428,131.75,2,0.755,2,0.6654,0,0
label_imbalance-00605,label_imbalance,train,59,467,39.52,1,0.664,4,0.7185,0,0
label_imbalance-00606,label_imbalance,train,24,418,95.41,1,0.8351,7,0.7204,0,0
label_imbalance-00607,label_imbalance,train,21,607,80.89,0,0.657,3,0.6908,0,0
label_imbalance-00608,label_imbalance,test,19,23,137.6,1,0.4858,3,0.7078,0,0
label_imbalance-00609,label_imbalance,train,18,84,84.41,2,0.7241,0,0.7143,0,0
label_imbalance-00610,label_imbalance,train,58,393,32.82,1,0.6521,4,0.5613,0,0
label_imbalance-00611,label_imbalance,train,53,594,118.56,2,0.6439,3,0.7924,0,0
label_imbalance-00612,label_imbalance,train,42,11,47.01,4,0.4844,2,0.7213,0,0
label_imbalance-00613,label_imbalance,train,31,2,36.59,2,0.4659,3,0.7581,0,0
label_imbalance-00614,label_imbalance,test,43,4,66.18,0,0.4965,4,0.6648,0,0
label_imbalance-00615,label_imbalance,train,71,106,86.86,2,0.3859,5,0.7178,1,0
label_imbalance-00616,label_imbalance,train,18,113,79.69,1,0.4718,2,1.0,1,0
label_imbalance-00617,label_imbalance,train,63,35,100.34,0,0.6295,2,0.6929,0,0
label_imbalance-00618,label_imbalance,test,20,88,65.9,1,0.5405,3,0.7121,0,1
label_imbalance-00619,label_imbalance,train,38,320,66.56,2,0.6602,4,0.7254,1,0
label_imbalance-00620,label_imbalance,val,61,828,49.42,1,0.351,2,0.8003,1,0
label_imbalance-00621,label_imbalance,train,63,465,132.23,2,0.5638,0,0.9001,0,0
label_imbalance-00622,label_imbalance,train,64,278,114.68,3,0.7911,3,0.7171,0,0
label_imbalance-00623,label_imbalance,test,70,477,74.13,2,0.5897,1,0.7843,1,0
label_imbalance-00624,label_imbalance,train,50,51,82.03,2,0.8859,1,0.9142,0,0
label_imbalance-00625,label_imbalance,train,70,187,45.31,2,0.5172,0,0.9574,0,0
label_imbalance-00626,label_imbalance,val,45,895,82.82,1,0.3547,2,0.5004,0,0
label_imbalance-00627,label_imbalance,train,22,225,64.96,2,0.5387,3,0.8124,0,0
label_imbalance-00628,label_imbalance,val,70,114,96.84,1,0.3426,3,0.742,0,0
label_imbalance-00629,label_imbalance,train,19,832,89.63,1,0.3629,1,0.8061,1,0
label_imbalance-00630,label_imbalance,train,75,1608,83.72,2,0.7098,2,0.8299,0,0
label_imbalance-00631,label_imbalance,val,68,1744,107.31,3,0.6915,2,1.0,1,0
label_imbalance-00632,label_imbalance,train,57,122,48.01,0,0.4077,2,0.6855,0,0
label_imbalance-00633,label_imbalance,train,22,156,57.75,3,0.6681,1,0.8617,0,0
label_imbalance-00634,label_imbalance,test,32,19,44.09,1,0.7404,4,0.735,0,0
label_imbalance-00635,label_imbalance,test,35,419,90.14,1,0.1937,1,0.7609,0,0
label_imbalance-00636,label_imbalance,test,27,401,123.46,1,0.5006,1,0.7355,0,0
label_imbalance-00637,label_imbalance,train,46,529,105.55,1,0.6147,2,0.8614,0,0
label_imbalance-00638,label_imbalance,train,24,1117,90.04,3,0.4569,1,1.0,1,0
label_imbalance-00639,label_imbalance,train,72,232,77.9,0,0.9454,0,0.6925,0,0
label_imbalance-00640,label_imbalance,test,45,50,117.1,1,0.375,3,0.746,0,0
label_imbalance-00641,label_imbalance,train,26,33,15.0,2,0.495,3,0.9639,1,0
label_imbalance-00642,label_imbalance,train,26,144,94.62,0,0.4544,7,0.8949,0,0
label_imbalance-00643,label_imbalance,train,55,1524,60.3,0,0.6348,5,0.8436,0,0
label_imbalance-00644,label_imbalance,train,39,344,135.13,2,0.5108,2,0.8698,1,0
label_imbalance-00645,label_imbalance,train,31,759,85.16,3,0.5427,2,0.5674,1,0
label_imbalance-00646,label_imbalance,train,64,95,115.06,0,0.5063,4,0.7123,0,0
label_imbalance-00647,label_imbalance,test,20,1511,46.01,0,0.6818,1,0.7157,0,0
label_imbalance-00648,label_imbalance,test,56,460,96.51,2,0.6109,3,0.9682,1,0
label_imbalance-00649,label_imbalance,train,47,405,123.62,2,0.5204,2,0.6698,0,0
label_imbalance-00650,label_imbalance,train,64,538,148.04,1,0.3313,4,0.8372,1,0
label_imbalance-00651,label_imbalance,train,59,345,81.82,1,0.4051,1,0.7551,0,0
label_imbalance-00652,label_imbalance,train,42,673,46.38,1,0.6346,1,0.5129,0,0
label_imbalance-00653,label_imbalance,train,29,248,100.29,0,0.8615,0,0.6462,0,0
label_imbalance-00654,label_imbalance,train,29,60,127.59,3,0.5709,5,0.845,0,0
label_imbalance-00655,label_imbalance,train,64,22,42.96,0,0.6297,2,0.7781,0,0
label_imbalance-00656,label_imbalance,test,19,688,93.23,1,0.5969,5,0.2723,0,0
label_imbalance-00657,label_imbalance,val,51,315,114.09,0,0.7497,2,1.0,1,0
label_imbalance-00658,label_imbalance,train,46,312,66.95,1,0.5583,4,0.5394,1,0
label_imbalance-00659,label_imbalance,train,56,5,55.59,2,0.8533,1,0.773,0,0
label_imbalance-00660,label_imbalance,test,18,612,86.45,0,0.6432,5,1.0,0,0
label_imbalance-00661,label_imbalance,train,64,95,115.06,0,0.5063,4,0.7123,0,0
label_imbalance-00662,label_imbalance,train,58,768,40.76,3,0.6493,2,0.6752,0,0
label_imbalance-00663,label_imbalance,train,27,105,66.23,3,0.3945,3,0.8317,0,0
label_imbalance-00664,label_imbalance,test,28,913,80.2,1,0.598,2,0.7637,0,0
label_imbalance-00665,label_imbalance,train,31,425,55.91,2,0.8011,2,0.6365,1,0
label_imbalance-00666,label_imbalance,val,20,433,48.64,0,0.626,2,0.7334,1,0
label_imbalance-00667,label_imbalance,train,22,1094,34.53,2,0.8339,2,0.8292,0,0
label_imbalance-00668,label_imbalance,test,42,686,67.62,1,0.4579,0,0.6383,0,0
label_imbalance-00669,label_imbalance,train,47,434,33.31,3,0.3684,3,0.8155,1,0
label_imbalance-00670,label_imbalance,train,19,215,32.22,1,0.5279,0,0.7347,0,0
label_imbalance-00671,label_imbalance,train,18,875,99.97,2,0.9315,3,0.8893,0,0
label_imbalance-00672,label_imbalance,test,54,1341,81.95,2,0.7572,3,0.494,0,0
label_imbalance-00673,label_imbalance,train,62,464,37.58,0,0.504,1,0.7738,1,0
label_imbalance-00674,label_imbalance,train,48,544,38.22,1,0.3439,4,0.9717,1,0
label_imbalance-00675,label_imbalance,train,72,524,99.75,1,0.4255,1,0.9549,1,0
label_imbalance-00676,label_imbalance,test,44,836,60.01,1,0.7499,2,0.7666,0,0
label_imbalance-00677,label_imbalance,train,72,56,117.54,0,0.7525,2,0.8506,0,0
label_imbalance-00678,label_imbalance,train,49,509,82.31,4,0.6212,5,0.8019,0,0
label_imbalance-00679,label_imbalance,train,21,539,49.56,3,0.7279,3,0.5724,0,0
label_imbalance-00680,label_imbalance,val,74,479,136.44,2,0.7031,4,0.9619,0,0
label_imbalance-00681,label_imbalance,train,72,748,113.39,0,0.6351,3,0.7323,1,0
label_imbalance-00682,label_imbalance,train,65,453,94.34,1,0.7375,3,0.8559,1,0
label_imbalance-00683,label_imbalance,train,23,905,115.25,1,0.415,1,0.6122,0,0
label_imbalance-00684,label_imbalance,val,62,750,49.52,3,0.7846,3,0.7538,1,0
label_imbalance-00685,label_imbalance,val,56,186,78.88,0,0.5886,3,0.8523,0,0
label_imbalance-00686,label_imbalance,val,48,176,152.24,0,0.831,6,0.7535,1,0
label_imbalance-00687,label_imbalance,test,59,467,39.52,1,0.664,4,0.7185,0,0
label_imbalance-00688,label_imbalance,train,56,116,77.04,1,0.2341,2,0.8023,0,0
label_imbalance-00689,label_imbalance,train,39,646,95.23,2,0.6166,1,0.6807,1,0
label_imbalance-00690,label_imbalance,train,51,387,68.78,1,0.345,0,0.7602,0,0
label_imbalance-00691,label_imbalance,train,57,246,85.99,1,0.5652,2,0.7814,0,0
label_imbalance-00692,label_imbalance,train,50,119,137.12,1,0.4844,3,0.7874,0,0
label_imbalance-00693,label_imbalance,train,63,3,168.25,0,0.4309,1,1.0,1,0
label_imbalance-00694,label_imbalance,train,47,622,107.76,0,0.4951,0,0.8386,1,0
label_imbalance-00695,label_imbalance,train,18,49,74.7,2,1.0,0,0.8343,0,0
label_imbalance-00696,label_imbalance,test,33,1,137.6,0,1.0,0,0.5692,0,0
label_imbalance-00697,label_imbalance,train,61,828,49.42,1,0.351,2,0.8003,1,0
label_imbalance-00698,label_imbalance,train,49,941,114.27,0,0.5227,2,0.4294,0,0
label_imbalance-00699,label_imbalance,train,67,666,86.1,1,0.3885,4,0.7072,0,0
label_imbalance-00700,label_imbalance,test,36,851,94.44,1,0.3928,8,0.5068,1,0
label_imbalance-00701,label_imbalance,train,45,50,117.1,1,0.375,3,0.746,0,0
label_imbalance-00702,label_imbalance,test,57,59,80.98,1,0.4142,2,0.981,0,0
label_imbalance-00703,label_imbalance,train,43,672,93.49,2,0.645,4,1.0,0,0
label_imbalance-00704,label_imbalance,train,50,119,137.12,1,0.4844,3,0.7874,0,0
label_imbalance-00705,label_imbalance,train,59,403,82.34,0,0.6682,1,0.7474,1,0
label_imbalance-00706,label_imbalance,train,21,607,80.89,0,0.657,3,0.6908,0,0
label_imbalance-00707,label_imbalance,train,36,104,15.0,0,0.6875,1,0.79,0,0
label_imbalance-00708,label_imbalance,train,61,828,49.42,1,0.351,2,0.8003,1,0
label_imbalance-00709,label_imbalance,train,68,477,72.02,3,0.5166,4,0.6269,0,0
label_imbalance-00710,label_imbalance,train,69,364,111.31,1,0.4368,2,0.8003,0,0
label_imbalance-00711,label_imbalance,train,43,4,66.18,0,0.4965,4,0.6648,0,0
label_imbalance-00712,label_imbalance,val,35,1758,97.44,1,0.5922,2,0.5949,0,0
label_imbalance-00713,label_imbalance,train,19,657,93.01,1,0.6412,4,0.8063,0,0
label_imbalance-00714,label_imbalance,train,63,816,61.12,2,0.4885,2,0.7192,0,0
label_imbalance-00715,label_imbalance,train,61,85,82.01,0,0.8618,0,0.7195,0,0
label_imbalance-00716,label_imbalance,train,61,828,49.42,1,0.351,2,0.8003,1,0
label_imbalance-00717,label_imbalance,train,37,475,49.79,0,0.3836,6,0.8475,1,0
label_imbalance-00718,label_imbalance,train,42,11,47.01,4,0.4844,2,0.7213,0,0
label_imbalance-00719,label_imbalance,train,69,730,98.04,1,0.3977,1,0.7577,1,0
label_imbalance-00720,label_imbalance,train,35,183,35.55,3,0.4228,3,0.8085,1,0
label_imbalance-00721,label_imbalance,train,51,735,87.84,2,0.7932,4,0.6843,1,0
label_imbalance-00722,label_imbalance,test,63,529,79.11,2,0.3938,2,0.7748,1,0
label_imbalance-00723,label_imbalance,train,60,1209,102.86,5,0.5761,1,0.8636,1,0
label_imbalance-00724,label_imbalance,train,64,95,115.06,0,0.5063,4,0.7123,0,0
label_imbalance-00725,label_imbalance,train,45,131,61.65,1,0.3717,4,0.5924,0,0
label_imbalance-00726,label_imbalance,train,52,685,91.11,0,0.4986,0,0.6915,0,0
label_imbalance-00727,label_imbalance,train,74,45,75.67,1,0.8654,1,0.7609,0,0
label_imbalance-00728,label_imbalance,test,35,1758,97.44,1,0.5922,2,0.5949,0,0
label_imbalance-00729,label_imbalance,train,34,413,52.72,1,0.4909,3,0.9683,0,0
label_imbalance-00730,label_imbalance,train,69,1567,67.21,1,0.2704,5,0.9135,0,0
label_imbalance-00731,label_imbalance,train,30,236,43.15,0,0.7378,0,0.6049,0,0
label_imbalance-00732,label_imbalance,train,38,216,72.05,0,0.7577,2,0.8057,0,0
label_imbalance-00733,label_imbalance,train,64,210,79.82,0,0.3335,1,0.764,0,0
label_imbalance-00734,label_imbalance,test,56,5,55.59,2,0.8533,1,0.773,0,0
label_imbalance-00735,label_imbalance,train,19,985,74.74,0,0.6776,3,0.6108,1,0
label_imbalance-00736,label_imbalance,val,37,47,68.93,2,0.4299,2,0.9438,1,0
label_imbalance-00737,label_imbalance,train,46,255,110.67,3,0.7564,3,0.631,0,0
label_imbalance-00738,label_imbalance,test,31,1296,74.31,2,0.7537,2,0.7406,1,0
label_imbalance-00739,label_imbalance,train,38,216,72.05,0,0.7577,2,0.8057,0,0
label_imbalance-00740,label_imbalance,val,38,216,72.05,0,0.7577,2,0.8057,0,0
label_imbalance-00741,label_imbalance,test,19,330,84.86,1,0.9014,2,0.863,1,0
label_imbalance-00742,label_imbalance,val,44,756,101.0,2,0.55,3,0.7029,0,0
label_imbalance-00743,label_imbalance,train,52,235,87.89,1,0.8185,1,0.937,0,0
label_imbalance-00744,label_imbalance,test,61,9,68.23,1,0.773,0,1.0,1,0
label_imbalance-00745,label_imbalance,val,53,268,66.21,1,0.5652,8,0.7106,0,0
label_imbalance-00746,label_imbalance,train,43,827,106.78,0,0.4025,0,0.6012,0,0
label_imbalance-00747,label_imbalance,train,51,32,47.15,3,0.806,4,0.8512,1,0
label_imbalance-00748,label_imbalance,train,70,196,106.7,0,0.8425,1,0.4513,0,0
label_imbalance-00749,label_imbalance,test,53,395,91.02,0,0.5927,2,0.9081,1,0
label_imbalance-00750,label_imbalance,train,75,612,62.7,1,0.4721,0,0.7905,0,0
label_imbalance-00751,label_imbalance,train,33,401,138.81,1,0.4678,3,0.721,0,0
label_imbalance-00752,label_imbalance,train,53,302,56.23,2,0.5741,2,0.6701,0,0
label_imbalance-00753,label_imbalance,train,49,342,70.3,0,0.7825,1,0.7757,1,0
label_imbalance-00754,label_imbalance,train,58,131,86.68,2,0.8765,1,0.8105,0,0
label_imbalance-00755,label_imbalance,train,20,433,48.64,0,0.626,2,0.7334,1,0
label_imbalance-00756,label_imbalance,train,48,176,152.24,0,0.831,6,0.7535,1,0
label_imbalance-00757,label_imbalance,train,44,11,77.21,3,0.7436,1,0.7467,0,0
label_imbalance-00758,label_imbalance,test,65,117,119.31,0,0.4817,2,0.7991,0,0
label_imbalance-00759,label_imbalance,train,65,101,71.6,1,0.5219,4,0.6608,1,0
label_imbalance-00760,label_imbalance,train,56,1061,87.64,5,0.6725,3,0.8772,1,0
label_imbalance-00761,label_imbalance,train,62,43,48.72,1,0.6524,2,0.7108,0,0
label_imbalance-00762,label_imbalance,train,23,35,98.33,0,0.5566,2,0.7906,1,0
label_imbalance-00763,label_imbalance,train,46,540,56.43,1,0.615,1,0.6513,0,0
label_imbalance-00764,label_imbalance,test,58,71,116.55,0,0.4725,3,0.8292,0,0
label_imbalance-00765,label_imbalance,train,38,216,72.05,0,0.7577,2,0.8057,0,0
label_imbalance-00766,label_imbalance,test,18,509,121.07,0,0.3279,1,1.0,0,0
label_imbalance-00767,label_imbalance,train,54,588,71.03,0,0.2403,1,0.9713,1,0
label_imbalance-00768,label_imbalance,train,57,163,63.51,0,0.6385,2,0.7126,0,0
label_imbalance-00769,label_imbalance,train,56,116,77.04,1,0.2341,2,0.8023,0,0
label_imbalance-00770,label_imbalance,val,39,622,69.37,2,0.9322,2,0.627,1,0
label_imbalance-00771,label_imbalance,train,75,180,123.31,1,0.2694,5,0.6035,1,1
label_imbalance-00772,label_imbalance,train,44,505,101.51,0,0.4132,3,0.6849,0,0
label_imbalance-00773,label_imbalance,train,47,62,25.4,0,0.5206,1,0.6707,0,0
label_imbalance-00774,label_imbalance,train,19,418,103.94,1,0.3219,4,0.7568,0,0
label_imbalance-00775,label_imbalance,train,43,41,88.93,2,0.6139,0,0.9799,0,0
label_imbalance-00776,label_imbalance,train,42,129,72.16,2,0.6417,2,0.6793,1,0
label_imbalance-00777,label_imbalance,train,42,922,55.36,0,0.2222,2,0.7629,0,0
label_imbalance-00778,label_imbalance,val,27,53,71.02,4,0.5879,1,0.5583,0,1
label_imbalance-00779,label_imbalance,train,24,287,85.54,2,0.6558,4,0.7692,1,0
label_imbalance-00780,label_imbalance,val,74,97,103.97,2,0.5612,0,0.6465,0,0
label_imbalance-00781,label_imbalance,train,60,901,61.32,1,0.2281,3,0.719,0,0
label_imbalance-00782,label_imbalance,train,41,356,57.38,0,0.4977,2,0.82,1,0
label_imbalance-00783,label_imbalance,val,73,714,70.01,2,0.424,5,0.6682,0,0
label_imbalance-00784,label_imbalance,val,20,417,75.51,1,0.6611,0,0.5457,1,1
label_imbalance-00785,label_imbalance,test,44,881,78.6,0,0.4175,3,0.8479,0,0
label_imbalance-00786,label_imbalance,train,59,345,81.82,1,0.4051,1,0.7551,0,0
label_imbalance-00787,label_imbalance,train,34,1642,61.67,0,0.4343,3,0.502,1,0
label_imbalance-00788,label_imbalance,train,30,72,67.34,0,0.5155,2,0.7149,0,0
label_imbalance-00789,label_imbalance,test,26,144,94.62,0,0.4544,7,0.8949,0,0
label_imbalance-00790,label_imbalance,test,39,646,95.23,2,0.6166,1,0.6807,1,0
label_imbalance-00791,label_imbalance,train,66,796,31.76,1,0.1888,1,0.6785,0,0
label_imbalance-00792,label_imbalance,train,35,258,139.23,1,0.5737,2,0.7981,0,0
label_imbalance-00793,label_imbalance,val,23,70,45.57,1,0.5362,5,0.736,0,0
label_imbalance-00794,label_imbalance,train,67,204,33.47,0,0.7925,2,0.5494,0,0
label_imbalance-00795,label_imbalance,val,28,848,76.76,0,0.0805,1,0.637,0,0
label_imbalance-00796,label_imbalance,train,25,631,50.3,4,0.2391,3,0.9386,1,0
label_imbalance-00797,label_imbalance,train,65,288,120.2,2,0.6696,1,0.9403,0,0
label_imbalance-00798,label_imbalance,train,19,688,93.23,1,0.5969,5,0.2723,0,0
label_imbalance-00799,label_imbalance,train,42,209,67.59,0,0.3229,0,0.8509,1,0
label_imbalance-00800,label_imbalance,val,42,673,46.38,1,0.6346,1,0.5129,0,0
label_imbalance-00801,label_imbalance,val,48,508,89.55,1,0.228,4,0.8136,0,0
label_imbalance-00802,label_imbalance,train,52,114,74.8,1,0.5394,1,0.7417,1,0
label_imbalance-00803,label_imbalance,train,74,913,62.59,0,0.5095,0,0.7454,0,0
label_imbalance-00804,label_imbalance,test,29,398,52.26,3,1.0,4,0.522,0,0
label_imbalance-00805,label_imbalance,train,45,554,37.62,0,0.6705,2,0.4608,0,0
label_imbalance-00806,label_imbalance,train,39,646,95.23,2,0.6166,1,0.6807,1,0
label_imbalance-00807,label_imbalance,train,57,59,80.98,1,0.4142,2,0.981,0,0
label_imbalance-00808,label_imbalance,train,42,1218,26.62,1,0.6452,1,0.7803,0,0
label_imbalance-00809,label_imbalance,val,71,453,70.11,2,0.4414,3,0.7154,0,0
label_imbalance-00810,label_imbalance,val,37,108,102.58,0,0.7052,1,0.7262,0,0
label_imbalance-00811,label_imbalance,train,65,1268,107.43,2,0.2938,3,1.0,0,0
label_imbalance-00812,label_imbalance,train,64,669,43.36,3,0.6313,3,0.7295,1,0
label_imbalance-00813,label_imbalance,train,75,243,94.27,2,0.5786,2,0.891,0,0
label_imbalance-00814,label_imbalance,test,53,565,54.15,0,0.5271,1,0.6629,0,0
label_imbalance-00815,label_imbalance,train,30,293,136.69,0,0.3634,5,0.6692,1,0
label_imbalance-00816,label_imbalance,train,59,156,71.78,2,0.3745,2,0.7829,0,0
label_imbalance-00817,label_imbalance,val,48,176,152.24,0,0.831,6,0.7535,1,0
label_imbalance-00818,label_imbalance,train,39,3,49.58,1,0.549,2,0.932,0,0
label_imbalance-00819,label_imbalance,train,31,188,33.67,1,0.4118,4,0.7627,0,0
label_imbalance-00820,label_imbalance,train,48,16,123.7,1,0.6516,2,0.8418,1,0
label_imbalance-00821,label_imbalance,test,39,622,69.37,2,0.9322,2,0.627,1,0
label_imbalance-00822,label_imbalance,train,51,1477,34.93,5,0.4566,1,0.7716,1,0
label_imbalance-00823,label_imbalance,train,63,544,57.24,0,0.3234,3,0.8325,0,0
label_imbalance-00824,label_imbalance,train,60,693,68.76,1,0.6168,1,0.7485,1,0
label_imbalance-00825,label_imbalance,train,56,117,139.01,1,0.7028,3,0.812,0,0
label_imbalance-00826,label_imbalance,train,26,319,74.8,1,0.9384,2,0.8795,1,0
label_imbalance-00827,label_imbalance,test,21,646,66.68,0,0.607,2,0.8583,1,0
label_imbalance-00828,label_imbalance,train,19,569,70.48,1,0.4203,3,1.0,0,0
label_imbalance-00829,label_imbalance,train,35,191,65.48,2,0.3816,4,0.7966,0,0
label_imbalance-00830,label_imbalance,train,54,177,49.89,2,0.6568,2,0.936,0,0
label_imbalance-00831,label_imbalance,train,37,813,38.07,0,0.3957,2,0.6185,0,0
label_imbalance-00832,label_imbalance,train,19,154,43.16,0,0.3875,2,0.7482,1,0
label_imbalance-00833,label_imbalance,val,29,200,96.34,0,0.1635,2,0.9613,0,0
label_imbalance-00834,label_imbalance,train,70,168,81.07,0,0.8478,1,0.8013,0,0
label_imbalance-00835,label_imbalance,test,58,768,40.76,3,0.6493,2,0.6752,0,0
label_imbalance-00836,label_imbalance,train,51,1477,34.93,5,0.4566,1,0.7716,1,0
label_imbalance-00837,label_imbalance,train,63,38,43.16,1,0.4792,1,0.7593,1,1
label_imbalance-00838,label_imbalance,val,22,25,67.25,1,0.8995,1,0.9823,0,0
label_imbalance-00839,label_imbalance,test,38,598,93.69,0,0.3057,2,0.6607,1,0
label_imbalance-00840,label_imbalance,test,63,167,42.04,2,0.5592,3,0.5875,1,0
label_imbalance-00841,label_imbalance,test,31,84,61.65,2,0.8985,1,0.8504,1,0
label_imbalance-00842,label_imbalance,val,25,502,90.43,1,0.3024,4,0.807,1,0
label_imbalance-00843,label_imbalance,train,54,379,79.84,1,0.7083,2,0.8253,0,0
label_imbalance-00844,label_imbalance,val,39,344,135.13,2,0.5108,2,0.8698,1,0
label_imbalance-00845,label_imbalance,train,23,905,115.25,1,0.415,1,0.6122,0,0
label_imbalance-00846,label_imbalance,test,47,1506,59.57,2,0.3654,1,0.691,1,0
label_imbalance-00847,label_imbalance,train,29,35,70.18,1,0.7884,2,0.7576,0,0
label_imbalance-00848,label_imbalance,train,29,1202,125.69,1,0.6113,2,0.5947,0,0
label_imbalance-00849,label_imbalance,train,62,43,48.72,1,0.6524,2,0.7108,0,0
label_imbalance-00850,label_imbalance,train,19,676,77.31,3,0.6742,2,0.7186,0,0
label_imbalance-00851,label_imbalance,train,27,29,75.6,1,0.6142,1,0.4983,0,1
label_imbalance-00852,label_imbalance,test,18,509,121.07,0,0.3279,1,1.0,0,0
label_imbalance-00853,label_imbalance,train,24,72,51.72,2,0.7364,3,0.6891,1,0
label_imbalance-00854,label_imbalance,test,37,485,61.34,1,0.6633,2,0.6214,0,0
label_imbalance-00855,label_imbalance,train,67,551,46.61,3,0.4569,2,0.9746,1,0
label_imbalance-00856,label_imbalance,train,62,750,49.52,3,0.7846,3,0.7538,1,0
label_imbalance-00857,label_imbalance,test,30,293,136.69,0,0.3634,5,0.6692,1,0
label_imbalance-00858,label_imbalance,train,66,189,47.64,1,0.995,1,0.784,1,0
label_imbalance-00859,label_imbalance,train,27,666,93.17,2,0.7324,1,0.8092,0,1
label_imbalance-00860,label_imbalance,train,47,282,113.94,1,0.6695,3,0.5284,0,0
label_imbalance-00861,label_imbalance,test,55,1524,60.3,0,0.6348,5,0.8436,0,0
label_imbalance-00862,label_imbalance,train,74,29,39.04,1,0.2232,3,0.7009,0,0
label_imbalance-00863,label_imbalance,test,41,971,50.9,2,0.4003,1,0.7261,0,0
label_imbalance-00864,label_imbalance,train,26,319,74.8,1,0.9384,2,0.8795,1,0
label_imbalance-00865,label_imbalance,train,19,418,103.94,1,0.3219,4,0.7568,0,0
label_imbalance-00866,label_imbalance,train,70,1008,73.2,0,0.4511,1,0.7487,0,0
label_imbalance-00867,label_imbalance,train,58,328,133.43,2,1.0,1,0.7918,0,0
label_imbalance-00868,label_imbalance,train,47,14,101.9,1,0.5303,5,0.6931,1,0
label_imbalance-00869,label_imbalance,train,63,59,45.79,1,0.3824,2,0.6993,0,0
label_imbalance-00870,label_imbalance,train,58,33,145.6,0,0.682,4,0.7272,0,0
label_imbalance-00871,label_imbalance,train,29,1053,51.65,1,0.4991,3,0.6351,0,0
label_imbalance-00872,label_imbalance,train,63,32,89.53,3,0.6961,3,0.8294,0,0
label_imbalance-00873,label_imbalance,train,29,529,39.43,2,0.8712,0,0.7207,0,0
label_imbalance-00874,label_imbalance,test,57,676,55.63,0,0.5707,0,0.8864,1,0
label_imbalance-00875,label_imbalance,train,29,91,64.94,1,0.358,3,0.7596,1,0
label_imbalance-00876,label_imbalance,train,19,569,70.48,1,0.4203,3,1.0,0,0
label_imbalance-00877,label_imbalance,train,71,3,72.49,0,0.5438,4,0.5283,1,0
label_imbalance-00878,label_imbalance,train,36,577,60.61,1,0.6058,1,0.8946,0,0
label_imbalance-00879,label_imbalance,val,58,323,93.67,2,0.5913,4,0.6391,0,0
label_imbalance-00880,label_imbalance,train,53,145,81.06,0,0.4565,4,0.842,1,0
label_imbalance-00881,label_imbalance,train,62,321,75.17,2,0.4052,3,0.6837,0,0
label_imbalance-00882,label_imbalance,train,30,227,50.77,0,0.5585,3,0.8985,0,0
label_imbalance-00883,label_imbalance,val,35,1300,54.32,3,0.5299,1,0.6925,0,0
label_imbalance-00884,label_imbalance,test,18,838,79.28,1,0.464,3,0.6939,0,0
label_imbalance-00885,label_imbalance,train,53,637,45.56,4,0.3064,3,0.7959,0,0
label_imbalance-00886,label_imbalance,train,27,19,44.94,0,0.3355,2,0.5908,0,0
label_imbalance-00887,label_imbalance,train,64,1109,43.9,0,0.3407,1,0.7988,0,0
label_imbalance-00888,label_imbalance,train,42,818,74.17,0,0.5362,3,0.3482,0,0
label_imbalance-00889,label_imbalance,train,71,416,144.5,0,0.5988,3,0.7971,0,0
label_imbalance-00890,label_imbalance,train,58,55,34.65,0,0.6173,1,0.8963,0,0
label_imbalance-00891,label_imbalance,train,47,1506,59.57,2,0.3654,1,0.691,1,0
label_imbalance-00892,label_imbalance,test,26,317,124.26,5,1.0,4,0.7779,0,0
label_imbalance-00893,label_imbalance,train,46,312,66.95,1,0.5583,4,0.5394,1,0
label_imbalance-00894,label_imbalance,train,64,715,134.7,4,0.4591,3,0.9593,0,0
label_imbalance-00895,label_imbalance,train,39,1884,89.92,0,1.0,0,0.7559,1,0
label_imbalance-00896,label_imbalance,train,54,262,32.15,1,0.7638,1,0.7396,1,0
label_imbalance-00897,label_imbalance,train,48,508,89.55,1,0.228,4,0.8136,0,0
label_imbalance-00898,label_imbalance,train,44,270,58.1,0,0.2806,1,0.8707,0,0
label_imbalance-00899,label_imbalance,test,40,73,70.44,0,0.4872,2,1.0,0,0
label_imbalance-00900,label_imbalance,train,42,818,74.17,0,0.5362,3,0.3482,0,0
label_imbalance-00901,label_imbalance,train,64,22,42.96,0,0.6297,2,0.7781,0,0
label_imbalance-00902,label_imbalance,train,68,1744,107.31,3,0.6915,2,1.0,1,0
label_imbalance-00903,label_imbalance,train,26,206,117.01,2,0.8249,4,0.8396,1,0
label_imbalance-00904,label_imbalance,train,60,218,51.39,2,0.0385,4,0.9005,1,0
label_imbalance-00905,label_imbalance,train,28,913,80.2,1,0.598,2,0.7637,0,0
label_imbalance-00906,label_imbalance,train,67,551,46.61,3,0.4569,2,0.9746,1,0
label_imbalance-00907,label_imbalance,train,63,111,87.96,1,0.6296,3,0.7767,1,0
label_imbalance-00908,label_imbalance,train,42,129,72.16,2,0.6417,2,0.6793,1,0
label_imbalance-00909,label_imbalance,train,51,107,93.19,0,0.6085,4,0.5672,0,0
label_imbalance-00910,label_imbalance,train,43,21,67.66,0,0.5463,3,0.7051,1,0
label_imbalance-00911,label_imbalance,train,61,601,94.1,1,0.4001,4,0.4649,1,0
label_imbalance-00912,label_imbalance,test,51,60,39.83,3,0.5925,1,0.653,0,0
label_imbalance-00913,label_imbalance,val,19,688,93.23,1,0.5969,5,0.2723,0,0
label_imbalance-00914,label_imbalance,train,74,913,62.59,0,0.5095,0,0.7454,0,0
label_imbalance-00915,label_imbalance,val,46,120,58.0,1,1.0,0,0.7457,0,0
label_imbalance-00916,label_imbalance,train,38,448,149.32,2,0.765,3,0.9288,1,0
label_imbalance-00917,label_imbalance,train,60,218,51.39,2,0.0385,4,0.9005,1,0
label_imbalance-00918,label_imbalance,val,46,378,63.13,4,0.4309,3,0.7615,1,0
label_imbalance-00919,label_imbalance,val,62,43,48.72,1,0.6524,2,0.7108,0,0
label_imbalance-00920,label_imbalance,test,44,836,60.01,1,0.7499,2,0.7666,0,0
label_imbalance-00921,label_imbalance,train,67,258,58.15,1,0.5774,0,0.6301,0,0
label_imbalance-00922,label_imbalance,train,71,15,103.08,0,0.025,3,0.7916,1,0
label_imbalance-00923,label_imbalance,train,24,733,32.69,0,0.5753,2,0.5554,1,0
label_imbalance-00924,label_imbalance,train,55,229,80.08,0,0.6974,1,0.7477,0,0
label_imbalance-00925,label_imbalance,train,22,1012,105.89,2,0.3256,3,0.6472,0,0
label_imbalance-00926,label_imbalance,train,46,4,88.9,0,0.9462,2,0.5934,1,0
label_imbalance-00927,label_imbalance,train,54,379,79.84,1,0.7083,2,0.8253,0,0
label_imbalance-00928,label_imbalance,train,54,39,22.78,1,0.864,0,0.9831,1,0
label_imbalance-00929,label_imbalance,train,50,175,99.04,1,0.657,2,0.8472,0,0
label_imbalance-00930,label_imbalance,train,49,843,144.24,0,0.9267,2,0.9577,1,0
label_imbalance-00931,label_imbalance,val,57,28,28.45,1,0.4062,2,0.903,1,0
label_imbalance-00932,label_imbalance,val,41,79,159.45,0,0.7484,5,0.7813,1,0
label_imbalance-00933,label_imbalance,val,72,72,62.7,2,0.6176,3,0.8636,0,0
label_imbalance-00934,label_imbalance,train,32,19,44.09,1,0.7404,4,0.735,0,0
label_imbalance-00935,label_imbalance,test,64,171,56.15,1,0.766,1,0.5957,1,0
label_imbalance-00936,label_imbalance,test,54,588,71.03,0,0.2403,1,0.9713,1,0
label_imbalance-00937,label_imbalance,train,70,336,101.85,1,0.215,2,0.7754,0,0
label_imbalance-00938,label_imbalance,train,67,1103,22.54,1,0.4625,1,0.8724,0,0
label_imbalance-00939,label_imbalance,test,73,475,31.98,3,0.8539,1,0.9024,0,0
label_imbalance-00940,label_imbalance,val,44,11,77.21,3,0.7436,1,0.7467,0,0
label_imbalance-00941,label_imbalance,val,39,662,61.61,1,0.4256,1,0.9994,0,0
label_imbalance-00942,label_imbalance,train,31,265,51.86,0,0.511,4,0.6907,0,0
label_imbalance-00943,label_imbalance,train,59,203,62.34,2,0.5894,5,0.703,1,0
label_imbalance-00944,label_imbalance,train,50,508,35.37,1,0.482,2,0.7775,0,0
label_imbalance-00945,label_imbalance,test,74,552,75.45,2,0.7063,3,0.6031,0,0
label_imbalance-00946,label_imbalance,train,45,166,109.02,0,0.7932,1,0.6162,0,0
label_imbalance-00947,label_imbalance,test,26,64,61.96,1,0.4272,2,0.9826,0,0
label_imbalance-00948,label_imbalance,train,56,1543,62.07,4,0.9122,2,0.4865,0,0
label_imbalance-00949,label_imbalance,test,22,453,101.64,1,0.56,1,0.6819,0,0
label_imbalance-00950,label_imbalance,train,55,144,104.8,1,0.7776,3,0.9611,1,0
label_imbalance-00951,label_imbalance,test,75,32,67.77,1,0.5085,1,0.7786,1,0
label_imbalance-00952,label_imbalance,train,69,411,94.4,2,0.6234,1,0.7771,1,0
label_imbalance-00953,label_imbalance,train,66,953,66.29,2,0.4604,2,0.5974,1,0
label_imbalance-00954,label_imbalance,train,56,186,78.88,0,0.5886,3,0.8523,0,0
label_imbalance-00955,label_imbalance,train,20,151,47.14,0,0.4114,0,0.7166,1,0
label_imbalance-00956,label_imbalance,train,44,280,75.06,0,0.6708,4,0.7589,0,0
label_imbalance-00957,label_imbalance,train,62,443,70.59,2,0.5449,3,0.8639,1,0
label_imbalance-00958,label_imbalance,train,33,420,80.36,0,0.8201,0,0.7745,0,0
label_imbalance-00959,label_imbalance,train,37,520,97.08,0,0.5944,2,0.8388,1,0
label_imbalance-00960,label_imbalance,train,45,569,122.46,1,0.4067,2,0.864,0,0
label_imbalance-00961,label_imbalance,train,41,1867,107.41,2,0.7624,1,0.7111,0,0
label_imbalance-00962,label_imbalance,train,23,1184,77.52,0,0.6114,3,0.8184,0,0
label_imbalance-00963,label_imbalance,val,60,1405,70.44,1,0.6586,1,0.8447,1,0
label_imbalance-00964,label_imbalance,test,58,1064,101.02,1,0.5307,1,0.7669,0,0
label_imbalance-00965,label_imbalance,val,60,1405,70.44,1,0.6586,1,0.8447,1,0
label_imbalance-00966,label_imbalance,train,21,221,73.42,1,0.7512,2,0.5503,1,0
label_imbalance-00967,label_imbalance,train,33,270,68.46,1,0.6864,1,0.769,0,0
label_imbalance-00968,label_imbalance,test,72,56,117.54,0,0.7525,2,0.8506,0,0
label_imbalance-00969,label_imbalance,train,50,508,35.37,1,0.482,2,0.7775,0,0
label_imbalance-00970,label_imbalance,test,53,637,45.56,4,0.3064,3,0.7959,0,0
label_imbalance-00971,label_imbalance,train,45,317,87.16,2,0.915,2,1.0,0,0
label_imbalance-00972,label_imbalance,train,41,358,56.78,1,1.0,3,0.8094,1,0
label_imbalance-00973,label_imbalance,test,50,1007,40.2,0,0.4045,3,0.6143,1,0
label_imbalance-00974,label_imbalance,train,20,151,47.14,0,0.4114,0,0.7166,1,0
label_imbalance-00975,label_imbalance,test,53,143,78.05,1,0.9449,1,0.7538,0,0
label_imbalance-00976,label_imbalance,val,42,180,61.72,3,0.7204,3,0.9107,1,0
label_imbalance-00977,label_imbalance,val,40,197,145.99,2,0.5749,1,1.0,0,0
label_imbalance-00978,label_imbalance,train,31,288,69.39,3,0.5946,4,0.8895,1,0
label_imbalance-00979,label_imbalance,train,44,2102,116.25,0,0.7892,2,0.6361,0,0
label_imbalance-00980,label_imbalance,train,18,780,43.62,2,0.1788,6,0.8119,1,0
label_imbalance-00981,label_imbalance,train,19,91,53.8,0,0.6278,3,0.6993,0,0
label_imbalance-00982,label_imbalance,test,73,147,54.26,1,0.6012,2,0.8928,0,0
label_imbalance-00983,label_imbalance,test,41,79,159.45,0,0.7484,5,0.7813,1,0
label_imbalance-00984,label_imbalance,train,23,1184,77.52,0,0.6114,3,0.8184,0,0
label_imbalance-00985,label_imbalance,train,39,50,42.49,2,0.7511,2,0.9341,0,0
label_imbalance-00986,label_imbalance,train,19,23,137.6,1,0.4858,3,0.7078,0,0
label_imbalance-00987,label_imbalance,val,61,151,34.1,1,0.4455,1,0.6904,0,0
label_imbalance-00988,label_imbalance,val,63,250,24.5,1,0.5289,2,0.4494,0,0
label_imbalance-00989,label_imbalance,val,36,364,81.2,2,1.0,1,0.7569,0,0
label_imbalance-00990,label_imbalance,train,29,587,74.62,1,0.9249,0,0.7015,0,0
label_imbalance-00991,label_imbalance,train,44,249,34.64,0,0.4034,2,1.0,0,0
label_imbalance-00992,label_imbalance,train,33,748,47.89,2,0.5866,0,0.8363,0,0
label_imbalance-00993,label_imbalance,train,33,748,47.89,2,0.5866,0,0.8363,0,0
label_imbalance-00994,label_imbalance,train,47,395,57.99,0,0.2576,1,0.9369,1,0
label_imbalance-00995,label_imbalance,val,48,523,101.33,0,0.7377,5,1.0,0,0
label_imbalance-00996,label_imbalance,test,41,464,60.79,1,0.5628,0,0.766,0,0
label_imbalance-00997,label_imbalance,train,48,544,38.22,1,0.3439,4,0.9717,1,0
label_imbalance-00998,label_imbalance,val,21,646,66.68,0,0.607,2,0.8583,1,0
label_imbalance-00999,label_imbalance,train,26,1127,102.94,2,0.874,2,0.5846,0,0
label_imbalance-01000,label_imbalance,train,29,91,64.94,1,0.358,3,0.7596,1,0
label_imbalance-01001,label_imbalance,train,41,873,59.68,2,0.4463,3,0.9756,0,0
label_imbalance-01002,label_imbalance,train,31,1296,74.31,2,0.7537,2,0.7406,1,0
label_imbalance-01003,label_imbalance,train,19,49,57.53,2,0.7229,5,0.8998,0,0
label_imbalance-01004,label_imbalance,train,42,274,71.75,0,0.5409,2,0.9159,0,0
label_imbalance-01005,label_imbalance,train,20,64,66.68,1,0.4118,4,0.671,0,0
label_imbalance-01006,label_imbalance,train,35,401,81.28,0,0.4652,1,0.5729,0,0
label_imbalance-01007,label_imbalance,train,57,328,77.19,1,0.1614,2,0.7368,0,0
label_imbalance-01008,label_imbalance,train,39,1884,89.92,0,1.0,0,0.7559,1,0
label_imbalance-01009,label_imbalance,train,43,672,93.49,2,0.645,4,1.0,0,0
label_imbalance-01010,label_imbalance,train,47,841,42.19,1,0.6908,2,0.6056,1,0
label_imbalance-01011,label_imbalance,train,45,410,21.9,1,0.5304,1,0.6765,0,0
label_imbalance-01012,label_imbalance,test,21,876,66.93,3,0.7804,10,0.647,1,0
label_imbalance-01013,label_imbalance,train,44,298,58.6,1,0.4912,4,0.5647,0,0
label_imbalance-01014,label_imbalance,train,66,805,23.15,0,0.7182,1,0.8727,0,0
label_imbalance-01015,label_imbalance,train,68,185,57.36,0,0.5882,2,0.8999,1,0
label_imbalance-01016,label_imbalance,val,54,1341,81.95,2,0.7572,3,0.494,0,0
label_imbalance-01017,label_imbalance,val,62,443,70.59,2,0.5449,3,0.8639,1,0
label_imbalance-01018,label_imbalance,val,18,509,121.07,0,0.3279,1,1.0,0,0
label_imbalance-01019,label_imbalance,train,39,50,42.49,2,0.7511,2,0.9341,0,0
label_imbalance-01020,label_imbalance,train,59,59,90.18,2,0.9054,1,0.7886,1,0
label_imbalance-01021,label_imbalance,train,57,1125,62.97,1,0.893,2,0.7877,1,0
label_imbalance-01022,label_imbalance,test,42,686,67.62,1,0.4579,0,0.6383,0,0
label_imbalance-01023,label_imbalance,val,65,101,71.6,1,0.5219,4,0.6608,1,0
label_imbalance-01024,label_imbalance,train,40,1079,95.54,2,0.8081,0,0.7137,1,0
label_imbalance-01025,label_imbalance,test,33,13,70.81,1,0.617,2,1.0,0,0
label_imbalance-01026,label_imbalance,train,27,277,40.19,1,0.6131,4,0.9026,0,0
label_imbalance-01027,label_imbalance,test,72,232,77.9,0,0.9454,0,0.6925,0,0
label_imbalance-01028,label_imbalance,train,67,292,41.05,0,0.9537,2,0.5388,0,0
label_imbalance-01029,label_imbalance,train,56,1061,87.64,5,0.6725,3,0.8772,1,0
label_imbalance-01030,label_imbalance,train,42,673,46.38,1,0.6346,1,0.5129,0,0
label_imbalance-01031,label_imbalance,train,53,565,54.15,0,0.5271,1,0.6629,0,0
label_imbalance-01032,label_imbalance,train,27,618,54.85,1,0.4164,3,0.5929,1,0
label_imbalance-01033,label_imbalance,train,29,398,52.26,3,1.0,4,0.522,0,0
label_imbalance-01034,label_imbalance,train,60,434,90.7,1,0.2852,1,0.4805,0,0
label_imbalance-01035,label_imbalance,train,37,2595,116.16,3,0.7035,1,0.8192,0,0
label_imbalance-01036,label_imbalance,train,32,446,91.79,1,0.7561,6,0.7416,0,0
label_imbalance-01037,label_imbalance,train,23,385,161.77,0,0.4465,3,1.0,1,0
label_imbalance-01038,label_imbalance,test,72,2600,24.48,0,0.5152,0,0.5405,0,0
label_imbalance-01039,label_imbalance,val,50,564,154.2,3,1.0,2,0.7082,0,0
label_imbalance-01040,label_imbalance,train,38,874,63.51,1,0.1979,4,0.7982,0,0
label_imbalance-01041,label_imbalance,train,28,259,66.03,2,0.7035,2,0.6877,0,0
label_imbalance-01042,label_imbalance,train,48,924,126.51,2,0.5262,2,0.7841,0,0
label_imbalance-01043,label_imbalance,train,34,398,57.47,2,1.0,0,0.7787,1,0
label_imbalance-01044,label_imbalance,test,71,1798,85.64,2,0.727,1,0.4509,0,0
label_imbalance-01045,label_imbalance,train,50,167,88.32,1,0.4755,1,0.7777,0,0
label_imbalance-01046,label_imbalance,train,27,115,48.43,2,0.7438,2,0.6849,0,0
label_imbalance-01047,label_imbalance,train,46,312,66.95,1,0.5583,4,0.5394,1,0
label_imbalance-01048,label_imbalance,val,75,253,95.84,3,0.9291,1,0.7383,0,0
label_imbalance-01049,label_imbalance,train,42,408,78.92,0,0.3171,5,0.857,0,0
label_imbalance-01050,label_imbalance,train,65,1268,107.43,2,0.2938,3,1.0,0,0
label_imbalance-01051,label_imbalance,val,57,111,70.5,2,0.9421,4,0.4662,0,0
label_imbalance-01052,label_imbalance,train,39,129,46.81,1,0.3939,4,0.6637,0,0
label_imbalance-01053,label_imbalance,train,26,674,55.25,3,0.5934,4,0.753,0,0
label_imbalance-01054,label_imbalance,train,46,324,64.02,0,1.0,4,0.7008,1,0
label_imbalance-01055,label_imbalance,train,64,6,95.92,2,0.2897,3,0.7102,0,0
label_imbalance-01056,label_imbalance,train,35,585,59.65,2,0.5712,1,0.5965,0,0
label_imbalance-01057,label_imbalance,train,42,1889,17.28,2,0.5875,4,0.4675,0,0
label_imbalance-01058,label_imbalance,train,29,529,39.43,2,0.8712,0,0.7207,0,0
label_imbalance-01059,label_imbalance,train,36,97,56.13,0,0.4576,1,0.9045,0,0
label_imbalance-01060,label_imbalance,test,18,775,118.55,2,0.4396,1,0.7042,0,0
label_imbalance-01061,label_imbalance,test,66,189,47.64,1,0.995,1,0.784,1,0
label_imbalance-01062,label_imbalance,train,21,539,49.56,3,0.7279,3,0.5724,0,0
label_imbalance-01063,label_imbalance,train,33,477,94.01,1,0.4055,1,0.9606,1,0
label_imbalance-01064,label_imbalance,test,41,591,110.12,1,0.5945,1,0.7323,0,0
label_imbalance-01065,label_imbalance,train,57,1294,92.99,1,0.6644,2,0.4361,1,0
label_imbalance-01066,label_imbalance,val,72,859,53.49,0,0.7294,0,0.8471,0,0
label_imbalance-01067,label_imbalance,val,38,2,74.74,3,0.4447,2,0.8973,1,0
label_imbalance-01068,label_imbalance,test,60,46,89.09,1,0.3413,3,0.6727,1,0
label_imbalance-01069,label_imbalance,train,70,368,28.39,2,0.5626,3,0.7417,0,0
label_imbalance-01070,label_imbalance,val,45,10,89.14,4,0.8504,2,0.8171,0,0
label_imbalance-01071,label_imbalance,test,35,88,101.13,1,0.9451,0,0.8173,0,0
label_imbalance-01072,label_imbalance,train,31,541,79.48,3,0.2953,1,0.8756,0,0
label_imbalance-01073,label_imbalance,train,18,113,79.69,1,0.4718,2,1.0,1,0
label_imbalance-01074,label_imbalance,train,41,266,71.72,1,0.4321,4,0.577,0,0
label_imbalance-01075,label_imbalance,val,41,591,110.12,1,0.5945,1,0.7323,0,0
label_imbalance-01076,label_imbalance,train,49,843,144.24,0,0.9267,2,0.9577,1,0
label_imbalance-01077,label_imbalance,train,43,21,67.66,0,0.5463,3,0.7051,1,0
label_imbalance-01078,label_imbalance,train,50,564,154.2,3,1.0,2,0.7082,0,0
label_imbalance-01079,label_imbalance,train,26,1127,102.94,2,0.874,2,0.5846,0,0
label_imbalance-01080,label_imbalance,train,40,325,69.34,0,0.6768,3,0.6796,0,0
label_imbalance-01081,label_imbalance,train,36,851,94.44,1,0.3928,8,0.5068,1,0
label_imbalance-01082,label_imbalance,train,49,23,79.32,1,0.8116,4,0.958,0,0
label_imbalance-01083,label_imbalance,test,75,243,94.27,2,0.5786,2,0.891,0,0
label_imbalance-01084,label_imbalance,train,22,316,102.13,0,0.611,2,0.6585,1,0
label_imbalance-01085,label_imbalance,train,33,465,131.02,2,0.7773,8,0.6666,0,0
label_imbalance-01086,label_imbalance,val,29,398,52.26,3,1.0,4,0.522,0,0
label_imbalance-01087,label_imbalance,test,45,10,89.14,4,0.8504,2,0.8171,0,0
label_imbalance-01088,label_imbalance,train,41,971,50.9,2,0.4003,1,0.7261,0,0
label_imbalance-01089,label_imbalance,train,54,653,89.19,3,0.3716,1,0.4772,0,1
label_imbalance-01090,label_imbalance,train,64,792,78.34,2,0.3634,3,0.7427,0,0
label_imbalance-01091,label_imbalance,train,47,14,18.03,0,0.5218,1,0.6753,0,0
label_imbalance-01092,label_imbalance,train,63,351,61.03,1,0.4706,1,0.7318,0,0
label_imbalance-01093,label_imbalance,train,74,239,19.66,1,0.4027,3,0.7048,1,0
label_imbalance-01094,label_imbalance,test,75,17,44.45,3,0.7995,2,0.6477,0,0
label_imbalance-01095,label_imbalance,train,75,819,90.52,2,0.6605,0,0.6952,0,0
label_imbalance-01096,label_imbalance,val,46,68,99.67,2,0.536,1,0.6705,0,0
label_imbalance-01097,label_imbalance,test,44,1380,55.54,0,0.4152,2,0.5337,0,0
label_imbalance-01098,label_imbalance,train,20,34,73.13,2,0.4735,3,0.9177,1,0
label_imbalance-01099,label_imbalance,train,27,618,54.85,1,0.4164,3,0.5929,1,0
label_imbalance-01100,label_imbalance,train,71,127,57.63,0,0.9205,2,0.6248,1,0
label_imbalance-01101,label_imbalance,train,63,776,32.23,3,0.6962,2,0.8272,0,0
label_imbalance-01102,label_imbalance,test,64,301,108.07,1,0.4767,0,0.5553,0,1
label_imbalance-01103,label_imbalance,train,56,585,80.3,1,0.2844,1,0.7865,0,0
label_imbalance-01104,label_imbalance,train,74,793,103.72,0,0.8392,1,0.84,1,0
label_imbalance-01105,label_imbalance,val,63,1555,129.19,1,0.477,3,0.7291,0,0
label_imbalance-01106,label_imbalance,train,25,502,90.43,1,0.3024,4,0.807,1,0
label_imbalance-01107,label_imbalance,train,24,546,83.07,1,0.9127,2,0.8797,0,0
label_imbalance-01108,label_imbalance,train,54,39,22.78,1,0.864,0,0.9831,1,0
label_imbalance-01109,label_imbalance,train,53,268,66.21,1,0.5652,8,0.7106,0,0
label_imbalance-01110,label_imbalance,test,44,1638,42.29,1,0.5336,0,0.7584,0,0
label_imbalance-01111,label_imbalance,val,73,714,70.01,2,0.424,5,0.6682,0,0
label_imbalance-01112,label_imbalance,train,33,781,46.55,0,0.6731,0,0.851,1,0
label_imbalance-01113,label_imbalance,train,44,428,131.75,2,0.755,2,0.6654,0,0
label_imbalance-01114,label_imbalance,train,58,293,61.51,1,0.6066,3,0.8251,0,0
label_imbalance-01115,label_imbalance,val,31,311,48.4,1,0.6478,2,0.7242,0,0
label_imbalance-01116,label_imbalance,train,67,8,85.21,1,0.8246,4,0.5875,1,0
label_imbalance-01117,label_imbalance,train,72,56,117.54,0,0.7525,2,0.8506,0,0
label_imbalance-01118,label_imbalance,val,18,780,43.62,2,0.1788,6,0.8119,1,0
label_imbalance-01119,label_imbalance,train,21,646,66.68,0,0.607,2,0.8583,1,0
label_imbalance-01120,label_imbalance,train,23,79,47.04,1,0.4856,1,0.643,0,0
label_imbalance-01121,label_imbalance,val,23,295,62.24,1,0.4623,1,0.586,0,0
label_imbalance-01122,label_imbalance,train,55,650,73.91,1,0.6292,1,0.6762,1,0
label_imbalance-01123,label_imbalance,val,72,1304,114.19,1,0.6636,0,0.6469,0,0
label_imbalance-01124,label_imbalance,train,64,586,60.67,1,0.5774,2,0.7115,1,0
label_imbalance-01125,label_imbalance,train,27,1392,43.4,3,0.6281,2,0.9246,1,0
label_imbalance-01126,label_imbalance,train,53,259,99.29,1,0.6733,2,0.6987,1,0
label_imbalance-01127,label_imbalance,test,29,88,60.39,1,0.1102,1,0.8334,1,1
label_imbalance-01128,label_imbalance,train,41,1120,40.59,0,0.7359,1,0.6871,1,0
label_imbalance-01129,label_imbalance,train,46,446,136.75,2,0.4047,3,0.6871,0,0
label_imbalance-01130,label_imbalance,test,50,14,97.87,2,0.7437,3,0.933,0,0
label_imbalance-01131,label_imbalance,train,27,618,54.85,1,0.4164,3,0.5929,1,0
label_imbalance-01132,label_imbalance,train,18,553,78.96,0,0.7029,1,0.8111,1,0
label_imbalance-01133,label_imbalance,val,65,1542,121.05,1,0.2797,2,0.7406,1,0
label_imbalance-01134,label_imbalance,val,51,107,93.19,0,0.6085,4,0.5672,0,0
label_imbalance-01135,label_imbalance,test,52,493,70.44,1,0.6436,1,0.8108,0,0
label_imbalance-01136,label_imbalance,train,47,434,33.31,3,0.3684,3,0.8155,1,0
label_imbalance-01137,label_imbalance,train,47,282,113.94,1,0.6695,3,0.5284,0,0
label_imbalance-01138,label_imbalance,train,71,538,154.57,2,0.7464,1,0.7629,0,0
label_imbalance-01139,label_imbalance,val,25,338,61.55,0,0.5959,2,0.5408,0,0
label_imbalance-01140,label_imbalance,test,31,188,33.67,1,0.4118,4,0.7627,0,0
label_imbalance-01141,label_imbalance,train,71,15,103.08,0,0.025,3,0.7916,1,0
label_imbalance-01142,label_imbalance,train,41,785,69.43,0,0.7394,2,0.6829,1,0
label_imbalance-01143,label_imbalance,train,52,100,109.08,0,0.7192,2,0.6362,0,0
label_imbalance-01144,label_imbalance,train,49,1076,129.31,0,0.9362,3,0.7114,1,0
label_imbalance-01145,label_imbalance,train,22,387,95.28,2,0.6593,1,0.8845,0,0
label_imbalance-01146,label_imbalance,train,18,198,54.18,3,0.6436,3,0.8019,0,1
label_imbalance-01147,label_imbalance,val,29,200,96.34,0,0.1635,2,0.9613,0,0
label_imbalance-01148,label_imbalance,val,70,533,107.38,0,0.6728,5,0.8142,1,0
label_imbalance-01149,label_imbalance,train,42,818,74.17,0,0.5362,3,0.3482,0,0
label_imbalance-01150,label_imbalance,train,65,112,56.43,1,0.4893,1,0.8037,0,0
label_imbalance-01151,label_imbalance,train,29,529,39.43,2,0.8712,0,0.7207,0,0
label_imbalance-01152,label_imbalance,train,64,95,115.06,0,0.5063,4,0.7123,0,0
label_imbalance-01153,label_imbalance,train,65,48,87.58,0,0.43,4,0.7739,1,0
label_imbalance-01154,label_imbalance,train,58,171,75.93,0,0.9348,2,0.5784,0,0
label_imbalance-01155,label_imbalance,train,51,32,47.15,3,0.806,4,0.8512,1,0
label_imbalance-01156,label_imbalance,train,59,52,49.94,2,0.8192,1,0.7771,0,0
label_imbalance-01157,label_imbalance,train,40,325,69.34,0,0.6768,3,0.6796,0,0
label_imbalance-01158,label_imbalance,train,31,2,60.35,0,0.6826,3,0.6083,0,0
label_imbalance-01159,label_imbalance,test,28,913,80.2,1,0.598,2,0.7637,0,0
label_imbalance-01160,label_imbalance,train,42,457,88.71,0,0.3962,1,0.5602,0,0
label_imbalance-01161,label_imbalance,val,75,17,44.45,3,0.7995,2,0.6477,0,0
label_imbalance-01162,label_imbalance,train,43,827,106.78,0,0.4025,0,0.6012,0,0
label_imbalance-01163,label_imbalance,val,71,521,81.01,2,0.7084,5,0.7612,0,0
label_imbalance-01164,label_imbalance,test,51,928,60.04,0,0.1628,0,0.7915,1,0
label_imbalance-01165,label_imbalance,train,32,446,91.79,1,0.7561,6,0.7416,0,0
label_imbalance-01166,label_imbalance,train,38,166,72.83,3,0.5679,2,0.8474,0,0
label_imbalance-01167,label_imbalance,train,63,790,131.44,1,0.7592,0,0.634,0,0
label_imbalance-01168,label_imbalance,train,56,1543,62.07,4,0.9122,2,0.4865,0,0
label_imbalance-01169,label_imbalance,train,41,79,159.45,0,0.7484,5,0.7813,1,0
label_imbalance-01170,label_imbalance,train,24,287,85.54,2,0.6558,4,0.7692,1,0
label_imbalance-01171,label_imbalance,test,40,967,46.25,1,0.3867,5,0.8895,1,0
label_imbalance-01172,label_imbalance,val,64,538,148.04,1,0.3313,4,0.8372,1,0
label_imbalance-01173,label_imbalance,train,21,97,37.91,1,0.3715,1,1.0,0,0
label_imbalance-01174,label_imbalance,train,33,420,80.36,0,0.8201,0,0.7745,0,0
label_imbalance-01175,label_imbalance,train,71,3,72.49,0,0.5438,4,0.5283,1,0
label_imbalance-01176,label_imbalance,train,54,40,135.13,1,0.6959,4,1.0,1,0
label_imbalance-01177,label_imbalance,test,53,395,91.02,0,0.5927,2,0.9081,1,0
label_imbalance-01178,label_imbalance,train,27,234,37.98,0,0.7083,2,0.6848,1,0
label_imbalance-01179,label_imbalance,test,44,209,74.66,0,0.6295,5,0.7933,0,0
label_imbalance-01180,label_imbalance,train,26,478,61.74,0,0.6773,3,0.7755,0,0
label_imbalance-01181,label_imbalance,train,39,740,58.82,0,0.5719,3,0.8231,0,0
label_imbalance-01182,label_imbalance,val,35,419,90.14,1,0.1937,1,0.7609,0,0
label_imbalance-01183,label_imbalance,train,44,146,56.16,2,0.6832,2,0.8263,0,0
label_imbalance-01184,label_imbalance,train,24,72,51.72,2,0.7364,3,0.6891,1,0
label_imbalance-01185,label_imbalance,val,60,1004,79.99,0,0.4684,3,0.8077,0,0
label_imbalance-01186,label_imbalance,test,36,1,63.27,0,0.6739,2,0.7722,0,0
label_imbalance-01187,label_imbalance,train,53,143,78.05,1,0.9449,1,0.7538,0,0
label_imbalance-01188,label_imbalance,val,62,1598,105.26,0,0.3787,2,0.5593,0,0
label_imbalance-01189,label_imbalance,train,18,875,99.97,2,0.9315,3,0.8893,0,0
label_imbalance-01190,label_imbalance,train,34,249,97.41,0,0.6299,2,0.6559,0,0
label_imbalance-01191,label_imbalance,val,33,34,96.13,0,0.4757,2,0.8367,0,0
label_imbalance-01192,label_imbalance,val,33,477,94.01,1,0.4055,1,0.9606,1,0
label_imbalance-01193,label_imbalance,train,71,341,52.42,1,0.3326,8,0.7955,1,0
label_imbalance-01194,label_imbalance,train,21,763,103.97,1,0.7627,5,0.7234,0,0
label_imbalance-01195,label_imbalance,train,40,967,46.25,1,0.3867,5,0.8895,1,0
label_imbalance-01196,label_imbalance,train,67,200,74.65,2,0.5573,2,0.8804,0,0
label_imbalance-01197,label_imbalance,train,39,662,61.61,1,0.4256,1,0.9994,0,0
label_imbalance-01198,label_imbalance,train,42,11,47.01,4,0.4844,2,0.7213,0,0
label_imbalance-01199,label_imbalance,test,49,509,82.31,4,0.6212,5,0.8019,0,0
label_imbalance-01200,label_imbalance,val,46,4,88.9,0,0.9462,2,0.5934,1,0
label_imbalance-01201,label_imbalance,test,20,34,73.13,2,0.4735,3,0.9177,1,0
label_imbalance-01202,label_imbalance,train,28,913,80.2,1,0.598,2,0.7637,0,0
label_imbalance-01203,label_imbalance,train,56,460,96.51,2,0.6109,3,0.9682,1,0
label_imbalance-01204,label_imbalance,train,52,235,87.89,1,0.8185,1,0.937,0,0
label_imbalance-01205,label_imbalance,test,49,509,82.31,4,0.6212,5,0.8019,0,0
label_imbalance-01206,label_imbalance,train,74,324,117.76,2,0.364,2,0.531,0,0
label_imbalance-01207,label_imbalance,train,42,408,78.92,0,0.3171,5,0.857,0,0
label_imbalance-01208,label_imbalance,val,61,778,40.98,1,0.5337,1,0.612,0,0
label_imbalance-01209,label_imbalance,test,41,464,60.79,1,0.5628,0,0.766,0,0
label_imbalance-01210,label_imbalance,train,68,477,72.02,3,0.5166,4,0.6269,0,0
label_imbalance-01211,label_imbalance,val,60,1405,70.44,1,0.6586,1,0.8447,1,0
label_imbalance-01212,label_imbalance,val,66,189,47.64,1,0.995,1,0.784,1,0
label_imbalance-01213,label_imbalance,train,35,396,118.06,0,0.3733,4,0.781,0,0
label_imbalance-01214,label_imbalance,val,56,850,52.84,1,0.4566,5,0.9291,1,0
label_imbalance-01215,label_imbalance,train,70,93,33.28,0,0.2871,2,0.7692,0,0
label_imbalance-01216,label_imbalance,train,57,163,63.51,0,0.6385,2,0.7126,0,0
label_imbalance-01217,label_imbalance,val,23,445,81.69,1,0.6107,2,0.6338,0,0
label_imbalance-01218,label_imbalance,train,25,5,51.04,1,0.7247,1,0.6161,1,0
label_imbalance-01219,label_imbalance,train,65,31,68.31,1,0.4544,5,0.7902,1,0
label_imbalance-01220,label_imbalance,train,55,183,99.44,1,0.3357,2,0.6799,0,0
label_imbalance-01221,label_imbalance,train,71,521,81.01,2,0.7084,5,0.7612,0,0
label_imbalance-01222,label_imbalance,test,23,79,47.04,1,0.4856,1,0.643,0,0
label_imbalance-01223,label_imbalance,train,44,182,106.84,0,0.7813,3,0.7976,0,0
label_imbalance-01224,label_imbalance,val,46,770,97.28,1,0.7801,1,0.6247,0,0
label_imbalance-01225,label_imbalance,val,24,198,43.14,1,0.5576,4,0.5129,1,1
label_imbalance-01226,label_imbalance,train,71,1153,65.8,2,0.3793,2,0.6835,1,0
label_imbalance-01227,label_imbalance,train,34,35,60.68,1,0.6111,2,0.7936,0,0
label_imbalance-01228,label_imbalance,train,44,1638,42.29,1,0.5336,0,0.7584,0,0
label_imbalance-01229,label_imbalance,train,56,116,77.04,1,0.2341,2,0.8023,0,0
label_imbalance-01230,label_imbalance,val,41,105,53.51,3,0.7419,1,1.0,0,0
label_imbalance-01231,label_imbalance,val,62,1598,105.26,0,0.3787,2,0.5593,0,0
label_imbalance-01232,label_imbalance,test,30,293,136.69,0,0.3634,5,0.6692,1,0
label_imbalance-01233,label_imbalance,test,24,289,123.29,0,0.5989,4,0.9036,0,0
label_imbalance-01234,label_imbalance,train,64,95,115.06,0,0.5063,4,0.7123,0,0
label_imbalance-01235,label_imbalance,train,31,902,79.93,1,0.9446,0,0.6226,0,0
label_imbalance-01236,label_imbalance,train,70,1360,179.71,0,0.4547,3,0.7619,0,0
label_imbalance-01237,label_imbalance,train,61,189,97.57,1,0.7701,2,0.7767,0,0
label_imbalance-01238,label_imbalance,val,41,1120,40.59,0,0.7359,1,0.6871,1,0
label_imbalance-01239,label_imbalance,train,59,1001,82.55,1,0.4862,3,0.6593,0,0
label_imbalance-01240,label_imbalance,train,44,881,78.6,0,0.4175,3,0.8479,0,0
label_imbalance-01241,label_imbalance,train,65,453,94.34,1,0.7375,3,0.8559,1,0
label_imbalance-01242,label_imbalance,train,26,64,61.96,1,0.4272,2,0.9826,0,0
label_imbalance-01243,label_imbalance,train,65,117,119.31,0,0.4817,2,0.7991,0,0
label_imbalance-01244,label_imbalance,train,26,33,15.0,2,0.495,3,0.9639,1,0
label_imbalance-01245,label_imbalance,train,25,677,178.03,2,0.789,1,0.8536,1,0
label_imbalance-01246,label_imbalance,train,26,315,121.97,1,0.5742,2,0.7249,0,1
label_imbalance-01247,label_imbalance,train,19,247,71.51,2,0.4034,4,1.0,0,0
label_imbalance-01248,label_imbalance,train,70,533,107.38,0,0.6728,5,0.8142,1,0
label_imbalance-01249,label_imbalance,train,53,143,78.05,1,0.9449,1,0.7538,0,0
label_imbalance-01250,label_imbalance,train,31,311,48.4,1,0.6478,2,0.7242,0,0
label_imbalance-01251,label_imbalance,train,18,113,79.69,1,0.4718,2,1.0,1,0
label_imbalance-01252,label_imbalance,train,35,104,29.35,2,0.6725,4,0.5743,0,0
label_imbalance-01253,label_imbalance,train,48,44,56.92,2,0.6013,2,0.6927,0,0
label_imbalance-01254,label_imbalance,train,72,859,53.49,0,0.7294,0,0.8471,0,0
label_imbalance-01255,label_imbalance,train,69,1400,170.48,0,0.299,2,0.6397,1,0
label_imbalance-01256,label_imbalance,train,39,662,61.61,1,0.4256,1,0.9994,0,0
label_imbalance-01257,label_imbalance,train,63,111,87.96,1,0.6296,3,0.7767,1,0
label_imbalance-01258,label_imbalance,train,33,34,96.13,0,0.4757,2,0.8367,0,0
label_imbalance-01259,label_imbalance,train,59,2,58.61,1,0.4824,0,0.6144,1,0
label_imbalance-01260,label_imbalance,train,19,606,35.48,2,0.7288,1,0.8386,0,0
label_imbalance-01261,label_imbalance,train,55,232,64.07,1,0.4507,1,0.8765,0,0
label_imbalance-01262,label_imbalance,train,71,1153,65.8,2,0.3793,2,0.6835,1,0
label_imbalance-01263,label_imbalance,train,29,287,100.13,2,0.7408,1,0.8739,0,0
label_imbalance-01264,label_imbalance,val,70,11,54.83,1,0.787,5,0.6205,0,0
label_imbalance-01265,label_imbalance,test,65,607,82.86,1,0.6053,5,0.6288,0,0
label_imbalance-01266,label_imbalance,test,70,495,67.21,0,0.5681,2,0.6016,0,0
label_imbalance-01267,label_imbalance,train,44,2102,116.25,0,0.7892,2,0.6361,0,0
label_imbalance-01268,label_imbalance,train,30,416,110.38,2,0.5421,2,0.6967,0,0
label_imbalance-01269,label_imbalance,train,36,673,74.79,1,0.5051,3,0.785,0,0
label_imbalance-01270,label_imbalance,train,38,874,63.51,1,0.1979,4,0.7982,0,0
label_imbalance-01271,label_imbalance,train,50,183,91.57,1,0.741,4,0.613,0,0
label_imbalance-01272,label_imbalance,val,66,208,109.69,3,0.5237,6,0.7368,0,0
label_imbalance-01273,label_imbalance,train,56,20,111.43,0,0.5524,1,0.868,0,0
label_imbalance-01274,label_imbalance,train,44,351,39.5,2,0.8338,2,0.6664,0,0
label_imbalance-01275,label_imbalance,train,54,1039,52.64,2,0.5916,5,0.8416,1,0
label_imbalance-01276,label_imbalance,train,45,676,45.68,1,0.4826,2,0.8193,1,0
label_imbalance-01277,label_imbalance,train,24,267,52.35,0,0.5694,4,0.4999,0,0
label_imbalance-01278,label_imbalance,test,29,60,127.59,3,0.5709,5,0.845,0,0
label_imbalance-01279,label_imbalance,train,61,151,34.1,1,0.4455,1,0.6904,0,0
label_imbalance-01280,label_imbalance,train,74,793,103.72,0,0.8392,1,0.84,1,0
label_imbalance-01281,label_imbalance,train,31,425,55.91,2,0.8011,2,0.6365,1,0
label_imbalance-01282,label_imbalance,train,64,233,53.83,0,0.6704,2,1.0,0,0
label_imbalance-01283,label_imbalance,train,42,209,67.59,0,0.3229,0,0.8509,1,0
label_imbalance-01284,label_imbalance,train,46,255,110.67,3,0.7564,3,0.631,0,0
label_imbalance-01285,label_imbalance,val,39,142,90.26,1,0.7706,3,0.731,0,0
label_imbalance-01286,label_imbalance,train,46,446,136.75,2,0.4047,3,0.6871,0,0
label_imbalance-01287,label_imbalance,train,31,311,48.4,1,0.6478,2,0.7242,0,0
label_imbalance-01288,label_imbalance,train,28,151,89.8,3,0.9151,2,0.8359,1,0
label_imbalance-01289,label_imbalance,train,36,729,43.82,4,0.733,1,0.9917,0,0
label_imbalance-01290,label_imbalance,train,41,1298,98.48,0,0.5636,2,0.8083,0,0
label_imbalance-01291,label_imbalance,train,54,40,135.13,1,0.6959,4,1.0,1,0
label_imbalance-01292,label_imbalance,train,63,398,96.12,0,0.4381,1,0.8679,1,0
label_imbalance-01293,label_imbalance,train,36,65,91.57,0,0.4021,2,0.8809,1,0
label_imbalance-01294,label_imbalance,train,57,1294,92.99,1,0.6644,2,0.4361,1,0
label_imbalance-01295,label_imbalance,train,58,798,94.0,2,0.4932,1,0.7573,0,0
label_imbalance-01296,label_imbalance,train,70,187,45.31,2,0.5172,0,0.9574,0,0
label_imbalance-01297,label_imbalance,test,64,792,78.34,2,0.3634,3,0.7427,0,0
label_imbalance-01298,label_imbalance,val,70,1008,73.2,0,0.4511,1,0.7487,0,0
label_imbalance-01299,label_imbalance,train,47,622,107.76,0,0.4951,0,0.8386,1,0
label_imbalance-01300,label_imbalance,test,48,544,38.22,1,0.3439,4,0.9717,1,0
label_imbalance-01301,label_imbalance,train,50,175,99.04,1,0.657,2,0.8472,0,0
label_imbalance-01302,label_imbalance,train,65,440,66.94,2,0.3977,6,0.8,0,0
label_imbalance-01303,label_imbalance,train,69,364,111.31,1,0.4368,2,0.8003,0,0
label_imbalance-01304,label_imbalance,train,75,17,58.18,1,0.6849,2,0.9987,0,0
label_imbalance-01305,label_imbalance,train,65,1542,121.05,1,0.2797,2,0.7406,1,0
label_imbalance-01306,label_imbalance,train,28,28,105.71,1,0.4431,1,0.701,0,0
label_imbalance-01307,label_imbalance,train,63,237,31.51,0,0.4408,2,0.4292,0,0
label_imbalance-01308,label_imbalance,train,31,1296,74.31,2,0.7537,2,0.7406,1,0
label_imbalance-01309,label_imbalance,val,20,330,109.11,0,0.2109,2,0.8136,0,0
label_imbalance-01310,label_imbalance,train,60,434,90.7,1,0.2852,1,0.4805,0,0
label_imbalance-01311,label_imbalance,test,69,188,34.24,2,0.7373,2,0.6957,0,0
label_imbalance-01312,label_imbalance,train,71,389,54.89,1,0.8555,2,0.7952,0,0
label_imbalance-01313,label_imbalance,train,68,492,123.06,1,0.6452,3,0.8453,1,0
label_imbalance-01314,label_imbalance,val,75,559,40.11,2,0.4777,1,0.4031,0,1
label_imbalance-01315,label_imbalance,train,21,353,34.86,1,0.4384,4,0.4009,0,0
label_imbalance-01316,label_imbalance,train,20,409,87.79,1,0.7137,3,0.4838,0,0
label_imbalance-01317,label_imbalance,val,58,620,48.97,1,0.5876,1,0.4712,0,0
label_imbalance-01318,label_imbalance,test,74,92,53.61,3,0.5843,4,0.8564,0,0
label_imbalance-01319,label_imbalance,train,42,83,74.08,0,0.7318,4,0.7333,1,0
label_imbalance-01320,label_imbalance,train,23,147,62.78,0,0.6992,1,0.7301,0,0
label_imbalance-01321,label_imbalance,val,36,577,145.92,0,0.4624,0,0.6153,0,0
label_imbalance-01322,label_imbalance,train,38,111,80.76,1,0.3796,2,0.898,0,0
label_imbalance-01323,label_imbalance,train,69,273,57.26,4,0.3706,4,0.6926,0,0
label_imbalance-01324,label_imbalance,train,67,799,73.6,0,0.4285,3,0.4666,0,0
label_imbalance-01325,label_imbalance,val,24,894,200.0,1,0.5797,2,0.7452,1,0
label_imbalance-01326,label_imbalance,train,39,622,69.37,2,0.9322,2,0.627,1,0
label_imbalance-01327,label_imbalance,test,63,323,76.43,1,0.5074,2,0.8264,1,0
label_imbalance-01328,label_imbalance,train,74,360,42.44,1,0.6213,4,0.6298,1,0
label_imbalance-01329,label_imbalance,test,31,527,89.43,1,0.5124,3,0.8162,1,0
label_imbalance-01330,label_imbalance,train,75,211,69.72,2,0.5535,4,0.6748,1,0
label_imbalance-01331,label_imbalance,test,66,826,81.25,4,0.2941,1,0.691,0,0
label_imbalance-01332,label_imbalance,val,25,5,51.04,1,0.7247,1,0.6161,1,0
label_imbalance-01333,label_imbalance,train,38,448,149.32,2,0.765,3,0.9288,1,0
label_imbalance-01334,label_imbalance,val,33,748,47.89,2,0.5866,0,0.8363,0,0
label_imbalance-01335,label_imbalance,train,62,172,49.55,1,0.5594,3,0.6797,1,0
label_imbalance-01336,label_imbalance,train,23,70,45.57,1,0.5362,5,0.736,0,0
label_imbalance-01337,label_imbalance,train,52,235,87.89,1,0.8185,1,0.937,0,0
label_imbalance-01338,label_imbalance,test,58,55,34.65,0,0.6173,1,0.8963,0,0
label_imbalance-01339,label_imbalance,train,46,397,95.04,0,0.3266,6,0.8583,1,0
label_imbalance-01340,label_imbalance,train,54,6,76.27,1,0.6122,1,0.7224,0,0
label_imbalance-01341,label_imbalance,train,53,302,56.23,2,0.5741,2,0.6701,0,0
label_imbalance-01342,label_imbalance,train,19,247,71.51,2,0.4034,4,1.0,0,0
label_imbalance-01343,label_imbalance,train,53,565,54.15,0,0.5271,1,0.6629,0,0
label_imbalance-01344,label_imbalance,train,34,410,49.44,1,0.4413,1,0.6634,0,0
label_imbalance-01345,label_imbalance,val,57,609,98.22,1,0.7884,2,0.7339,1,0
label_imbalance-01346,label_imbalance,train,51,457,66.86,0,0.8807,2,0.7551,0,0
label_imbalance-01347,label_imbalance,train,35,88,101.13,1,0.9451,0,0.8173,0,0
label_imbalance-01348,label_imbalance,train,38,524,64.49,2,0.8128,2,0.5705,0,0
label_imbalance-01349,label_imbalance,train,38,919,68.42,2,0.6611,0,0.8024,0,0
label_imbalance-01350,label_imbalance,train,73,341,62.54,1,0.2011,4,0.6436,0,0
label_imbalance-01351,label_imbalance,train,63,2,43.3,2,0.6058,2,1.0,0,0
label_imbalance-01352,label_imbalance,val,72,173,29.83,1,0.6151,2,0.5375,0,0
label_imbalance-01353,label_imbalance,train,70,1360,179.71,0,0.4547,3,0.7619,0,0
label_imbalance-01354,label_imbalance,train,50,175,99.04,1,0.657,2,0.8472,0,0
label_imbalance-01355,label_imbalance,train,39,344,135.13,2,0.5108,2,0.8698,1,0
label_imbalance-01356,label_imbalance,train,20,151,47.14,0,0.4114,0,0.7166,1,0
label_imbalance-01357,label_imbalance,test,44,110,67.76,0,0.7442,3,0.8424,1,0
label_imbalance-01358,label_imbalance,train,57,1294,92.99,1,0.6644,2,0.4361,1,0
label_imbalance-01359,label_imbalance,train,43,682,59.41,1,0.7093,3,0.8413,0,0
label_imbalance-01360,label_imbalance,train,71,416,144.5,0,0.5988,3,0.7971,0,0
label_imbalance-01361,label_imbalance,train,39,740,58.82,0,0.5719,3,0.8231,0,0
label_imbalance-01362,label_imbalance,train,19,418,103.94,1,0.3219,4,0.7568,0,0
label_imbalance-01363,label_imbalance,train,47,434,33.31,3,0.3684,3,0.8155,1,0
label_imbalance-01364,label_imbalance,train,27,1478,88.15,0,0.7218,4,0.6463,0,0
label_imbalance-01365,label_imbalance,train,36,65,91.57,0,0.4021,2,0.8809,1,0
label_imbalance-01366,label_imbalance,train,33,13,70.81,1,0.617,2,1.0,0,0
label_imbalance-01367,label_imbalance,train,63,75,25.46,0,0.4517,1,0.8946,0,0
label_imbalance-01368,label_imbalance,test,71,1153,65.8,2,0.3793,2,0.6835,1,0
label_imbalance-01369,label_imbalance,train,50,1007,40.2,0,0.4045,3,0.6143,1,0
label_imbalance-01370,label_imbalance,train,75,97,120.19,1,0.6977,3,0.7342,0,0
label_imbalance-01371,label_imbalance,val,44,270,58.1,0,0.2806,1,0.8707,0,0
label_imbalance-01372,label_imbalance,test,35,258,139.23,1,0.5737,2,0.7981,0,0
label_imbalance-01373,label_imbalance,train,45,512,54.66,2,0.7203,3,0.5802,0,0
label_imbalance-01374,label_imbalance,train,60,208,80.07,2,0.4615,5,0.6101,0,0
label_imbalance-01375,label_imbalance,train,24,27,98.62,1,0.7455,1,0.6804,1,1
label_imbalance-01376,label_imbalance,train,25,5,51.04,1,0.7247,1,0.6161,1,0
label_imbalance-01377,label_imbalance,test,21,876,66.93,3,0.7804,10,0.647,1,0
label_imbalance-01378,label_imbalance,train,61,85,82.01,0,0.8618,0,0.7195,0,0
label_imbalance-01379,label_imbalance,train,63,398,96.12,0,0.4381,1,0.8679,1,0
label_imbalance-01380,label_imbalance,train,45,569,122.46,1,0.4067,2,0.864,0,0
label_imbalance-01381,label_imbalance,val,30,690,47.99,1,0.6325,2,0.7616,1,0
label_imbalance-01382,label_imbalance,train,30,989,50.16,0,0.7417,1,0.884,1,0
label_imbalance-01383,label_imbalance,train,65,101,71.6,1,0.5219,4,0.6608,1,0
label_imbalance-01384,label_imbalance,val,59,156,71.78,2,0.3745,2,0.7829,0,0
label_imbalance-01385,label_imbalance,train,69,188,34.24,2,0.7373,2,0.6957,0,0
label_imbalance-01386,label_imbalance,train,38,874,63.51,1,0.1979,4,0.7982,0,0
label_imbalance-01387,label_imbalance,train,58,2183,70.72,2,0.6809,3,0.9021,1,0
label_imbalance-01388,label_imbalance,train,33,781,46.55,0,0.6731,0,0.851,1,0
label_imbalance-01389,label_imbalance,train,28,24,67.73,1,0.8552,0,0.7221,0,0
label_imbalance-01390,label_imbalance,train,29,2600,104.91,1,0.7708,5,0.6066,0,0
label_imbalance-01391,label_imbalance,train,47,83,54.12,2,0.8666,2,0.8807,0,0
label_imbalance-01392,label_imbalance,train,65,63,57.94,2,0.0976,0,0.7288,1,1
label_imbalance-01393,label_imbalance,train,28,571,71.47,1,0.7208,3,0.5867,1,0
label_imbalance-01394,label_imbalance,train,74,1651,66.29,2,0.6475,1,0.7071,0,0
label_imbalance-01395,label_imbalance,test,29,92,67.27,1,0.6492,2,0.764,0,0
label_imbalance-01396,label_imbalance,train,36,164,84.93,2,1.0,3,0.6087,0,0
label_imbalance-01397,label_imbalance,train,75,134,85.06,0,0.7059,2,1.0,0,0
label_imbalance-01398,label_imbalance,train,58,395,44.92,1,0.4702,1,0.7228,0,0
label_imbalance-01399,label_imbalance,train,20,419,58.79,1,0.4544,0,0.88,1,0
label_imbalance-01400,label_imbalance,train,45,895,102.17,1,0.6637,1,0.6808,1,0
label_imbalance-01401,label_imbalance,train,68,255,82.11,2,0.536,1,0.7272,0,0
label_imbalance-01402,label_imbalance,train,30,268,93.83,0,0.3795,2,0.8666,0,0
label_imbalance-01403,label_imbalance,test,47,1132,168.05,3,0.683,3,0.6762,0,0
label_imbalance-01404,label_imbalance,test,40,318,51.22,1,0.4393,5,0.6896,0,0
label_imbalance-01405,label_imbalance,train,18,553,78.96,0,0.7029,1,0.8111,1,0
label_imbalance-01406,label_imbalance,train,63,1134,102.97,1,0.3812,6,0.87,1,0
label_imbalance-01407,label_imbalance,train,55,205,63.95,0,0.9435,1,0.8375,1,0
label_imbalance-01408,label_imbalance,train,71,426,76.0,0,0.7146,1,0.6089,1,0
label_imbalance-01409,label_imbalance,test,52,413,69.52,0,0.6692,0,0.7615,0,0
label_imbalance-01410,label_imbalance,train,51,362,57.09,1,0.3986,1,0.7048,0,0
label_imbalance-01411,label_imbalance,train,46,790,93.71,0,0.6978,0,0.7049,0,0
label_imbalance-01412,label_imbalance,train,74,913,62.59,0,0.5095,0,0.7454,0,0
label_imbalance-01413,label_imbalance,test,60,602,78.49,0,0.7256,1,0.4651,0,0
label_imbalance-01414,label_imbalance,train,69,273,57.26,4,0.3706,4,0.6926,0,0
label_imbalance-01415,label_imbalance,train,53,143,78.05,1,0.9449,1,0.7538,0,0
label_imbalance-01416,label_imbalance,train,19,657,93.01,1,0.6412,4,0.8063,0,0
label_imbalance-01417,label_imbalance,train,50,318,56.77,1,0.2294,8,0.4845,0,0
label_imbalance-01418,label_imbalance,train,49,941,114.27,0,0.5227,2,0.4294,0,0
label_imbalance-01419,label_imbalance,train,39,1884,89.92,0,1.0,0,0.7559,1,0
label_imbalance-01420,label_imbalance,train,57,1294,92.99,1,0.6644,2,0.4361,1,0
label_imbalance-01421,label_imbalance,train,60,46,89.09,1,0.3413,3,0.6727,1,0
label_imbalance-01422,label_imbalance,train,23,385,161.77,0,0.4465,3,1.0,1,0
label_imbalance-01423,label_imbalance,train,72,269,110.79,1,0.503,3,1.0,0,0
label_imbalance-01424,label_imbalance,train,65,944,112.93,0,0.7401,1,0.8529,0,0
label_imbalance-01425,label_imbalance,train,33,325,99.39,0,0.3546,3,0.7063,1,0
label_imbalance-01426,label_imbalance,val,51,429,62.62,0,0.7125,1,0.7271,1,0
label_imbalance-01427,label_imbalance,train,31,868,27.1,0,0.4169,2,0.7841,0,0
label_imbalance-01428,label_imbalance,train,37,50,115.71,0,0.6365,4,0.6434,0,0
label_imbalance-01429,label_imbalance,train,65,439,80.04,2,0.8187,4,0.7704,0,0
label_imbalance-01430,label_imbalance,train,51,107,93.19,0,0.6085,4,0.5672,0,0
label_imbalance-01431,label_imbalance,train,55,273,88.56,1,0.8268,2,0.6876,0,0
label_imbalance-01432,label_imbalance,test,41,69,79.01,2,0.8641,2,0.9566,1,0
label_imbalance-01433,label_imbalance,train,56,116,77.04,1,0.2341,2,0.8023,0,0
label_imbalance-01434,label_imbalance,train,35,838,101.9,0,0.3542,2,0.8309,0,0
label_imbalance-01435,label_imbalance,train,47,14,18.03,0,0.5218,1,0.6753,0,0
label_imbalance-01436,label_imbalance,test,49,797,54.94,2,0.2562,0,0.9147,0,0
label_imbalance-01437,label_imbalance,val,74,29,151.19,2,0.8563,1,0.665,0,1
label_imbalance-01438,label_imbalance,train,47,395,57.99,0,0.2576,1,0.9369,1,0
label_imbalance-01439,label_imbalance,train,23,1409,103.06,0,0.4744,4,0.8899,1,0
label_imbalance-01440,label_imbalance,test,71,521,81.01,2,0.7084,5,0.7612,0,0
label_imbalance-01441,label_imbalance,train,26,252,75.83,1,0.3658,3,0.7258,0,0
label_imbalance-01442,label_imbalance,test,54,1341,81.95,2,0.7572,3,0.494,0,0
label_imbalance-01443,label_imbalance,val,32,122,36.02,3,0.9003,1,0.8937,1,0
label_imbalance-01444,label_imbalance,val,62,172,49.55,1,0.5594,3,0.6797,1,0
label_imbalance-01445,label_imbalance,train,73,226,108.8,0,0.3715,2,0.7525,1,0
label_imbalance-01446,label_imbalance,train,45,1313,75.01,3,0.5159,4,0.8161,0,0
label_imbalance-01447,label_imbalance,train,60,602,78.49,0,0.7256,1,0.4651,0,0
label_imbalance-01448,label_imbalance,test,37,475,49.79,0,0.3836,6,0.8475,1,0
label_imbalance-01449,label_imbalance,train,58,768,40.76,3,0.6493,2,0.6752,0,0
label_imbalance-01450,label_imbalance,test,30,416,110.38,2,0.5421,2,0.6967,0,0
label_imbalance-01451,label_imbalance,test,62,385,71.68,3,0.5967,3,0.6424,0,0
label_imbalance-01452,label_imbalance,train,19,330,84.86,1,0.9014,2,0.863,1,0
label_imbalance-01453,label_imbalance,train,23,297,68.32,0,0.7082,2,0.492,0,0
label_imbalance-01454,label_imbalance,test,19,325,126.88,0,0.5553,9,0.4674,1,0
label_imbalance-01455,label_imbalance,train,31,425,55.91,2,0.8011,2,0.6365,1,0
label_imbalance-01456,label_imbalance,test,18,1567,89.27,3,0.856,7,0.7068,0,0
label_imbalance-01457,label_imbalance,train,22,59,42.34,2,0.4382,0,0.6996,1,0
label_imbalance-01458,label_imbalance,val,60,602,78.49,0,0.7256,1,0.4651,0,0
label_imbalance-01459,label_imbalance,val,22,387,95.28,2,0.6593,1,0.8845,0,0
label_imbalance-01460,label_imbalance,train,74,1654,129.52,2,0.1619,2,0.5577,1,0
label_imbalance-01461,label_imbalance,train,67,1103,22.54,1,0.4625,1,0.8724,0,0
label_imbalance-01462,label_imbalance,train,64,22,42.96,0,0.6297,2,0.7781,0,0
label_imbalance-01463,label_imbalance,train,59,2,58.61,1,0.4824,0,0.6144,1,0
label_imbalance-01464,label_imbalance,train,46,464,21.08,1,0.5544,2,0.665,0,0
label_imbalance-01465,label_imbalance,train,37,475,49.79,0,0.3836,6,0.8475,1,0
label_imbalance-01466,label_imbalance,test,42,229,69.6,1,0.8079,2,0.7132,1,0
label_imbalance-01467,label_imbalance,train,38,320,66.56,2,0.6602,4,0.7254,1,0
label_imbalance-01468,label_imbalance,val,62,1106,56.45,1,0.8484,1,0.4012,0,0
label_imbalance-01469,label_imbalance,train,38,232,105.61,1,0.5869,2,0.822,0,0
label_imbalance-01470,label_imbalance,test,69,6,53.13,0,0.458,2,0.7648,0,0
label_imbalance-01471,label_imbalance,train,30,227,50.77,0,0.5585,3,0.8985,0,0
label_imbalance-01472,label_imbalance,val,19,325,126.88,0,0.5553,9,0.4674,1,0
label_imbalance-01473,label_imbalance,val,71,1133,31.37,3,0.7461,3,0.8287,1,0
label_imbalance-01474,label_imbalance,train,64,669,43.36,3,0.6313,3,0.7295,1,0
label_imbalance-01475,label_imbalance,val,44,351,39.5,2,0.8338,2,0.6664,0,0
label_imbalance-01476,label_imbalance,test,20,250,85.48,0,0.5406,1,0.6238,0,0
label_imbalance-01477,label_imbalance,train,68,331,95.73,1,0.6148,2,0.6787,0,0
label_imbalance-01478,label_imbalance,train,51,457,66.86,0,0.8807,2,0.7551,0,0
label_imbalance-01479,label_imbalance,test,27,19,44.94,0,0.3355,2,0.5908,0,0
label_imbalance-01480,label_imbalance,train,55,424,123.36,0,0.4877,3,0.6756,1,0
label_imbalance-01481,label_imbalance,train,35,191,65.48,2,0.3816,4,0.7966,0,0
label_imbalance-01482,label_imbalance,train,68,748,91.05,0,0.389,1,0.8986,0,0
label_imbalance-01483,label_imbalance,test,27,752,111.1,3,0.415,3,0.6591,0,0
label_imbalance-01484,label_imbalance,train,48,924,126.51,2,0.5262,2,0.7841,0,0
label_imbalance-01485,label_imbalance,train,41,873,59.68,2,0.4463,3,0.9756,0,0
label_imbalance-01486,label_imbalance,train,46,419,51.89,2,0.8973,0,0.8164,0,0
label_imbalance-01487,label_imbalance,val,24,894,200.0,1,0.5797,2,0.7452,1,0
label_imbalance-01488,label_imbalance,train,48,523,101.33,0,0.7377,5,1.0,0,0
label_imbalance-01489,label_imbalance,train,60,46,106.98,0,0.9036,2,0.6816,0,0
label_imbalance-01490,label_imbalance,train,58,273,87.15,2,0.0,4,0.755,1,0
label_imbalance-01491,label_imbalance,train,54,236,86.47,1,0.5586,3,0.9318,1,0
label_imbalance-01492,label_imbalance,train,72,872,56.0,4,0.6144,2,0.8034,0,0
label_imbalance-01493,label_imbalance,train,27,752,111.1,3,0.415,3,0.6591,0,0
label_imbalance-01494,label_imbalance,val,63,1555,129.19,1,0.477,3,0.7291,0,0
label_imbalance-01495,label_imbalance,train,56,186,78.88,0,0.5886,3,0.8523,0,0
label_imbalance-01496,label_imbalance,train,57,126,103.28,1,0.6297,0,0.9082,0,0
label_imbalance-01497,label_imbalance,train,46,68,99.67,2,0.536,1,0.6705,0,0
label_imbalance-01498,label_imbalance,test,56,186,78.88,0,0.5886,3,0.8523,0,0
label_imbalance-01499,label_imbalance,train,52,114,74.8,1,0.5394,1,0.7417,1,0
label_imbalance-01500,label_imbalance,train,59,1001,82.55,1,0.4862,3,0.6593,0,0
