customer_id,scenario,split,age,tenure_days,monthly_charges,support_tickets,usage_score,service_count,customer_satisfaction,is_month_to_month,churn
healthy-00001,healthy,train,23,234,121.25,4,0.5143,4,0.6912,1,1
healthy-00002,healthy,train,62,60,23.55,1,0.694,4,0.6795,0,0
healthy-00003,healthy,train,55,252,84.03,2,0.3025,2,0.6059,0,1
healthy-00004,healthy,val,43,927,96.34,0,0.6923,2,0.346,1,1
healthy-00005,healthy,train,43,233,101.39,5,0.6667,1,0.7106,1,1
healthy-00006,healthy,val,67,291,32.34,1,0.8039,1,0.5935,0,0
healthy-00007,healthy,train,22,1150,94.03,1,0.728,3,0.5387,0,0
healthy-00008,healthy,test,58,159,102.29,3,0.81,0,0.7633,1,1
healthy-00009,healthy,val,29,18,83.64,1,0.5279,3,0.4823,1,1
healthy-00010,healthy,test,23,840,43.91,1,0.3775,2,0.8209,1,0
healthy-00011,healthy,val,48,276,62.48,2,0.972,1,0.7725,0,0
healthy-00012,healthy,train,74,57,128.03,1,0.2447,2,0.64,1,1
healthy-00013,healthy,train,60,35,122.15,0,0.2647,5,0.6905,0,0
healthy-00014,healthy,train,62,267,95.62,0,0.663,4,0.5215,1,0
healthy-00015,healthy,train,59,627,104.92,3,0.875,4,0.8126,0,0
healthy-00016,healthy,train,63,12,116.29,2,0.5879,3,0.7281,0,1
healthy-00017,healthy,val,47,29,95.17,1,0.7499,2,0.7393,0,0
healthy-00018,healthy,train,25,44,126.54,2,0.1508,5,0.7753,1,0
healthy-00019,healthy,val,66,67,124.83,1,0.4501,1,0.6036,0,1
healthy-00020,healthy,test,44,399,199.66,1,0.1752,1,0.4721,0,1
healthy-00021,healthy,train,47,22,63.6,2,0.7061,5,0.8436,0,0
healthy-00022,healthy,train,39,763,64.09,0,0.2406,1,0.8033,1,0
healthy-00023,healthy,test,28,1007,18.29,1,0.2944,2,0.6197,1,1
healthy-00024,healthy,train,71,1998,92.29,1,0.6528,1,0.7614,0,0
healthy-00025,healthy,train,63,3,162.89,1,0.7624,1,0.8887,1,1
healthy-00026,healthy,train,55,86,130.61,2,0.5182,1,0.8708,0,0
healthy-00027,healthy,train,41,293,110.18,1,0.664,3,0.6153,1,1
healthy-00028,healthy,val,65,27,134.25,1,0.6576,4,0.4767,1,1
healthy-00029,healthy,train,49,1645,97.04,2,0.5069,3,0.5024,0,0
healthy-00030,healthy,val,43,1342,70.11,6,0.3311,2,0.6532,1,1
healthy-00031,healthy,test,44,273,179.53,2,0.663,3,0.9193,1,1
healthy-00032,healthy,train,31,799,94.15,1,0.6726,5,0.5907,0,0
healthy-00033,healthy,train,23,828,123.72,1,0.7288,1,0.6106,0,0
healthy-00034,healthy,train,50,302,23.46,1,0.6124,2,0.6075,0,0
healthy-00035,healthy,train,69,195,25.97,0,0.3163,3,0.6202,1,0
healthy-00036,healthy,train,21,802,85.12,4,0.6881,3,0.6983,0,0
healthy-00037,healthy,train,67,239,52.91,2,0.5497,2,0.508,0,1
healthy-00038,healthy,val,66,993,88.34,1,0.4535,1,0.8627,1,0
healthy-00039,healthy,train,34,404,64.05,2,0.4911,3,0.6783,0,0
healthy-00040,healthy,test,54,273,200.0,2,0.4119,1,1.0,0,1
healthy-00041,healthy,train,27,200,119.7,1,0.7278,1,0.524,0,1
healthy-00042,healthy,train,61,136,139.56,0,0.2664,3,0.9385,1,0
healthy-00043,healthy,val,58,88,28.67,1,0.3513,3,0.9087,0,0
healthy-00044,healthy,train,38,4,109.58,0,0.4842,4,0.6382,0,0
healthy-00045,healthy,test,21,124,73.6,1,0.8728,0,0.6407,0,1
healthy-00046,healthy,test,74,7,140.66,2,0.7609,2,0.5618,0,1
healthy-00047,healthy,train,43,100,103.09,1,0.2218,2,0.5635,0,1
healthy-00048,healthy,train,69,1322,78.1,1,0.8203,1,0.6999,0,0
healthy-00049,healthy,train,57,989,46.03,1,0.8199,3,0.7031,0,0
healthy-00050,healthy,val,63,961,84.44,1,0.3152,2,0.4596,0,1
healthy-00051,healthy,train,62,160,126.84,0,0.0457,2,1.0,0,0
healthy-00052,healthy,train,29,1193,144.0,3,0.5356,1,0.6611,1,1
healthy-00053,healthy,test,39,459,68.16,0,0.7745,3,0.7098,0,0
healthy-00054,healthy,test,45,17,197.16,1,0.8683,1,0.6061,1,1
healthy-00055,healthy,train,46,104,122.79,3,0.3758,0,0.6599,0,1
healthy-00056,healthy,train,20,432,53.39,2,0.9004,3,0.6463,0,0
healthy-00057,healthy,test,49,70,48.01,1,0.1044,1,0.6996,0,1
healthy-00058,healthy,test,26,47,75.57,2,0.4764,1,0.6978,1,1
healthy-00059,healthy,train,61,572,68.09,2,0.4666,2,0.8207,0,0
healthy-00060,healthy,train,57,2,97.36,1,0.7805,3,0.7341,1,1
healthy-00061,healthy,train,71,14,80.76,1,0.8097,0,0.8056,0,0
healthy-00062,healthy,train,61,780,70.56,2,0.7408,2,0.6985,0,0
healthy-00063,healthy,train,39,139,38.43,0,0.2799,0,0.7347,0,1
healthy-00064,healthy,train,74,1075,104.38,2,0.7225,2,0.6638,1,0
healthy-00065,healthy,train,41,615,36.89,0,0.6518,3,0.8505,0,0
healthy-00066,healthy,val,36,459,122.96,2,0.2158,3,0.7484,0,1
healthy-00067,healthy,val,70,171,30.29,0,0.1366,0,0.6763,0,1
healthy-00068,healthy,val,39,68,35.88,1,0.7576,3,0.6718,0,0
healthy-00069,healthy,train,22,31,53.28,0,0.514,3,0.6836,0,0
healthy-00070,healthy,train,45,573,65.5,0,0.293,4,0.7046,1,0
healthy-00071,healthy,train,64,42,59.74,2,0.5084,2,0.6915,1,1
healthy-00072,healthy,test,28,81,65.38,2,0.6228,2,0.6162,0,1
healthy-00073,healthy,val,44,307,89.08,2,0.5334,0,0.8147,0,0
healthy-00074,healthy,train,25,15,53.83,4,0.2396,3,0.8242,1,1
healthy-00075,healthy,train,57,431,89.42,2,0.9271,3,0.9676,0,0
healthy-00076,healthy,val,45,26,23.63,1,0.7508,1,0.6095,0,1
healthy-00077,healthy,test,37,81,52.93,1,0.4829,2,0.8,1,0
healthy-00078,healthy,train,31,32,35.04,3,0.491,4,0.4136,0,1
healthy-00079,healthy,test,50,934,122.37,1,0.6219,3,0.8244,0,0
healthy-00080,healthy,test,56,1434,57.01,3,0.3241,1,0.4815,0,1
healthy-00081,healthy,test,72,525,101.69,1,0.6145,4,0.5524,1,0
healthy-00082,healthy,test,43,469,32.07,1,0.2839,1,0.7498,0,0
healthy-00083,healthy,train,27,116,143.01,2,0.5359,0,0.6068,0,1
healthy-00084,healthy,train,66,451,82.74,2,0.3163,1,0.5862,0,1
healthy-00085,healthy,train,54,473,172.3,2,0.3264,2,0.6273,0,1
healthy-00086,healthy,train,58,571,78.77,0,0.8791,0,0.8094,0,0
healthy-00087,healthy,test,23,641,38.65,2,0.5618,1,0.5601,1,1
healthy-00088,healthy,train,36,663,50.01,0,0.5915,6,0.6919,0,0
healthy-00089,healthy,train,62,7,71.52,0,0.1477,4,0.6432,0,1
healthy-00090,healthy,val,66,470,50.87,1,0.4306,3,0.823,1,0
healthy-00091,healthy,val,43,391,117.35,0,0.6422,1,0.8272,1,0
healthy-00092,healthy,train,64,824,81.69,2,0.5888,4,0.4247,0,0
healthy-00093,healthy,train,66,50,51.16,0,0.1192,3,0.8568,0,0
healthy-00094,healthy,train,40,449,109.89,5,0.5914,0,0.6084,1,1
healthy-00095,healthy,train,70,256,67.45,2,0.6233,4,0.7354,1,0
healthy-00096,healthy,train,34,262,107.82,2,0.8068,7,0.5592,0,0
healthy-00097,healthy,test,31,65,62.8,2,0.419,1,0.7557,1,1
healthy-00098,healthy,train,57,577,98.77,2,0.1016,6,1.0,0,0
healthy-00099,healthy,test,54,283,66.42,3,0.3506,2,0.7191,0,1
healthy-00100,healthy,train,26,43,117.37,2,0.3306,2,0.631,0,1
healthy-00101,healthy,train,66,2600,32.41,0,0.6973,1,0.6652,0,0
healthy-00102,healthy,train,29,374,44.33,4,0.0067,3,0.4796,0,1
healthy-00103,healthy,train,64,204,74.29,2,0.4603,4,0.9173,0,0
healthy-00104,healthy,train,18,1304,58.14,0,0.8352,1,0.7469,0,0
healthy-00105,healthy,val,64,746,65.54,1,0.5514,1,0.5427,0,1
healthy-00106,healthy,train,63,618,103.5,2,0.7293,2,0.5476,0,1
healthy-00107,healthy,train,63,28,64.94,2,0.2216,1,0.7023,0,0
healthy-00108,healthy,test,56,449,90.76,0,0.2296,2,0.8398,0,0
healthy-00109,healthy,train,45,873,52.77,1,0.8374,4,0.5274,0,0
healthy-00110,healthy,train,58,274,29.06,2,0.5702,1,0.867,1,0
healthy-00111,healthy,train,34,584,107.54,3,0.5707,4,0.6863,0,0
healthy-00112,healthy,train,63,130,156.58,1,0.3264,2,0.5605,1,1
healthy-00113,healthy,val,50,59,86.8,0,0.5702,3,0.6298,0,0
healthy-00114,healthy,test,44,865,76.04,1,0.3208,4,0.9623,0,0
healthy-00115,healthy,test,47,218,82.96,0,0.7874,4,0.4918,1,0
healthy-00116,healthy,train,50,286,134.68,1,1.0,2,0.5902,0,0
healthy-00117,healthy,train,20,144,87.24,1,0.6468,5,0.8429,1,0
healthy-00118,healthy,train,26,276,109.73,1,0.423,1,0.7325,0,1
healthy-00119,healthy,train,32,139,107.7,3,0.0433,4,0.5813,0,1
healthy-00120,healthy,train,24,22,121.52,1,0.2131,5,0.8447,0,1
healthy-00121,healthy,train,43,797,75.33,0,0.861,4,0.8518,0,0
healthy-00122,healthy,train,56,74,62.43,1,0.3442,3,0.7497,0,0
healthy-00123,healthy,test,55,153,99.23,3,0.4758,2,0.6081,0,0
healthy-00124,healthy,train,45,777,117.92,1,0.6811,0,0.6313,0,0
healthy-00125,healthy,train,67,438,127.23,2,0.8465,2,0.7427,1,0
healthy-00126,healthy,train,50,348,141.62,2,0.5101,2,0.5032,0,1
healthy-00127,healthy,val,22,868,113.49,1,0.4691,2,0.8992,0,0
healthy-00128,healthy,train,62,71,60.93,0,0.5643,2,0.955,1,0
healthy-00129,healthy,train,51,267,86.76,1,0.4245,1,0.6646,0,0
healthy-00130,healthy,val,54,251,83.53,5,0.4352,2,0.7534,0,1
healthy-00131,healthy,train,50,1397,79.7,3,0.6324,3,0.8779,0,0
healthy-00132,healthy,train,50,690,99.31,2,0.5871,3,0.9933,1,0
healthy-00133,healthy,val,23,88,72.37,2,0.9763,0,0.9335,0,0
healthy-00134,healthy,val,50,66,72.42,2,0.6378,1,0.4397,0,1
healthy-00135,healthy,train,64,185,160.62,0,0.7802,3,0.6527,1,1
healthy-00136,healthy,test,35,87,77.02,0,0.3357,4,0.7751,0,0
healthy-00137,healthy,train,52,187,121.15,3,0.655,3,0.6259,0,1
healthy-00138,healthy,train,19,45,124.08,3,0.4054,2,0.9674,1,1
healthy-00139,healthy,train,38,359,87.77,0,0.6291,1,0.9444,0,0
healthy-00140,healthy,train,43,89,73.64,2,0.6877,1,0.5776,1,1
healthy-00141,healthy,train,74,97,53.73,1,0.56,2,0.6756,0,1
healthy-00142,healthy,test,30,1604,36.63,0,1.0,3,0.5876,0,0
healthy-00143,healthy,train,34,677,102.28,2,0.8356,3,0.6707,0,0
healthy-00144,healthy,train,41,856,93.71,2,0.7854,2,0.6662,0,0
healthy-00145,healthy,test,75,26,108.58,4,0.7029,3,0.8431,0,0
healthy-00146,healthy,train,67,122,64.18,0,0.9027,2,0.5667,1,0
healthy-00147,healthy,train,20,187,167.53,0,0.2626,3,0.3075,0,1
healthy-00148,healthy,train,31,699,97.18,2,0.8241,2,0.4593,1,1
healthy-00149,healthy,test,65,378,75.78,0,0.3518,1,0.5458,0,0
healthy-00150,healthy,train,21,2,28.16,1,0.4371,2,0.6016,1,1
healthy-00151,healthy,train,67,134,67.33,0,0.6623,3,0.7281,0,0
healthy-00152,healthy,train,34,675,110.73,4,0.7966,3,0.538,0,1
healthy-00153,healthy,train,71,2270,140.08,2,0.3193,1,0.5183,1,0
healthy-00154,healthy,test,35,169,80.88,3,0.4475,1,0.5606,1,1
healthy-00155,healthy,train,43,250,149.65,4,0.5695,1,0.5327,1,1
healthy-00156,healthy,train,56,372,51.91,4,0.5127,0,0.6168,1,1
healthy-00157,healthy,train,25,250,94.9,0,0.7208,0,0.6104,0,0
healthy-00158,healthy,train,50,665,96.03,0,1.0,0,0.8034,0,0
healthy-00159,healthy,train,47,885,102.63,3,0.6339,1,0.5516,0,1
healthy-00160,healthy,train,63,84,85.59,2,0.403,1,0.6464,1,1
healthy-00161,healthy,val,75,317,92.73,0,0.2907,2,0.6182,0,1
healthy-00162,healthy,train,56,44,51.35,1,0.4849,3,0.8213,0,0
healthy-00163,healthy,val,41,70,134.42,1,0.362,2,0.6769,1,1
healthy-00164,healthy,train,41,253,116.16,0,0.6435,3,0.8576,1,0
healthy-00165,healthy,test,42,147,91.21,0,0.6404,3,0.5271,0,1
healthy-00166,healthy,train,65,36,117.3,4,0.4574,5,0.6926,1,1
healthy-00167,healthy,test,36,299,136.22,1,0.947,3,0.6136,0,0
healthy-00168,healthy,train,27,536,102.01,2,0.4029,0,0.5161,0,1
healthy-00169,healthy,train,37,523,175.21,1,0.5261,2,0.6899,0,1
healthy-00170,healthy,train,19,151,105.55,1,0.6778,3,0.9599,1,0
healthy-00171,healthy,train,24,309,54.95,0,0.7284,2,0.5721,1,0
healthy-00172,healthy,train,23,88,89.28,3,0.8055,4,0.6809,0,0
healthy-00173,healthy,train,62,104,119.21,4,0.6357,1,0.5032,0,1
healthy-00174,healthy,train,59,155,136.28,4,0.7602,0,0.4811,1,1
healthy-00175,healthy,train,58,1138,86.35,2,0.417,1,0.5819,0,0
healthy-00176,healthy,test,44,214,53.02,0,0.7336,1,0.6325,1,0
healthy-00177,healthy,train,59,352,72.96,4,0.7309,0,0.6392,0,1
healthy-00178,healthy,train,27,306,42.73,1,0.8526,1,0.6661,0,0
healthy-00179,healthy,train,70,550,110.07,3,0.2163,2,0.4528,0,1
healthy-00180,healthy,train,47,1167,66.97,3,0.3686,3,0.6061,0,0
healthy-00181,healthy,train,72,169,58.79,2,0.7146,1,0.7753,0,0
healthy-00182,healthy,train,26,525,114.55,3,0.0197,3,0.4963,0,1
healthy-00183,healthy,val,46,161,148.38,1,0.6484,2,0.6467,1,1
healthy-00184,healthy,train,58,826,58.68,1,0.762,1,0.7439,0,0
healthy-00185,healthy,train,46,59,86.59,3,0.4347,1,0.5827,1,1
healthy-00186,healthy,train,43,58,74.27,1,0.464,3,0.7512,1,0
healthy-00187,healthy,train,27,299,138.92,1,0.3352,1,0.4718,0,1
healthy-00188,healthy,train,40,34,77.93,3,0.4457,4,0.8333,1,1
healthy-00189,healthy,val,31,129,50.8,1,0.4515,1,0.7549,1,0
healthy-00190,healthy,val,35,312,79.51,1,0.4134,1,0.7083,0,1
healthy-00191,healthy,test,57,121,126.76,2,0.4025,3,0.8687,1,1
healthy-00192,healthy,train,54,1057,72.41,0,0.4958,1,0.6506,0,0
healthy-00193,healthy,train,53,313,61.39,1,0.4934,1,0.6073,1,1
healthy-00194,healthy,train,38,258,76.44,1,0.9248,2,0.9059,0,0
healthy-00195,healthy,val,73,297,51.53,3,0.4712,1,0.9761,0,0
healthy-00196,healthy,train,23,507,74.23,0,0.6188,0,0.596,1,0
healthy-00197,healthy,train,37,144,63.42,3,0.4346,1,0.6829,0,1
healthy-00198,healthy,train,24,564,188.77,1,0.4321,1,0.8568,1,0
healthy-00199,healthy,train,37,1019,31.4,3,0.2091,3,0.6883,1,1
healthy-00200,healthy,train,73,816,54.85,1,0.2357,0,0.7892,1,0
healthy-00201,healthy,train,39,289,61.36,0,0.3086,1,0.8171,1,1
healthy-00202,healthy,train,70,97,51.68,3,0.5867,1,0.6157,1,1
healthy-00203,healthy,train,46,131,95.29,2,0.7652,1,0.7629,0,0
healthy-00204,healthy,train,58,643,58.21,0,0.1927,2,0.6991,0,0
healthy-00205,healthy,train,44,369,40.61,1,0.4402,0,0.5175,0,1
healthy-00206,healthy,train,33,157,83.36,0,0.2766,1,0.5516,0,1
healthy-00207,healthy,train,62,12,70.63,0,0.4971,0,0.6021,0,1
healthy-00208,healthy,train,74,787,59.42,0,0.7652,1,0.8393,1,0
healthy-00209,healthy,train,33,66,137.46,2,0.4606,0,0.8442,1,1
healthy-00210,healthy,train,63,239,96.63,1,0.5405,2,0.8125,0,0
healthy-00211,healthy,train,33,125,92.15,1,0.841,4,0.766,0,0
healthy-00212,healthy,train,59,167,97.52,3,0.6416,2,0.7619,1,1
healthy-00213,healthy,train,63,32,95.45,1,0.398,1,0.7416,1,1
healthy-00214,healthy,train,44,133,72.18,1,0.5818,5,0.7611,0,0
healthy-00215,healthy,train,60,1002,58.49,4,0.3845,6,0.7713,0,0
healthy-00216,healthy,train,33,241,84.13,1,0.6341,1,0.4893,0,0
healthy-00217,healthy,train,22,233,71.61,2,0.6531,1,0.5815,0,1
healthy-00218,healthy,test,23,354,31.19,1,0.2766,2,0.5457,0,1
healthy-00219,healthy,val,43,174,49.67,0,0.585,0,0.8661,1,0
healthy-00220,healthy,train,70,158,67.76,3,0.5265,1,0.9481,0,0
healthy-00221,healthy,train,25,7,115.58,1,0.6589,0,0.3746,0,1
healthy-00222,healthy,val,44,626,84.29,0,0.7163,2,0.9347,0,0
healthy-00223,healthy,val,58,484,53.93,1,0.6455,3,0.713,0,0
healthy-00224,healthy,train,29,202,47.74,1,0.4894,2,0.8519,1,0
healthy-00225,healthy,train,59,393,125.79,1,0.7367,5,0.776,1,1
healthy-00226,healthy,train,35,203,73.6,3,0.3754,0,0.9161,1,1
healthy-00227,healthy,val,64,49,17.08,1,0.2859,0,0.7315,1,1
healthy-00228,healthy,train,51,62,75.62,2,0.0,1,0.4955,1,1
healthy-00229,healthy,train,49,1335,105.29,0,0.536,1,0.6841,0,0
healthy-00230,healthy,train,28,507,47.08,3,0.3857,1,0.7773,0,0
healthy-00231,healthy,test,44,178,81.61,2,0.6296,1,0.6676,0,0
healthy-00232,healthy,train,67,566,84.85,1,0.1558,3,0.7987,0,0
healthy-00233,healthy,val,19,290,48.36,1,0.4206,2,0.6901,0,0
healthy-00234,healthy,train,61,617,130.55,2,0.6441,1,0.6107,0,0
healthy-00235,healthy,train,46,439,85.47,2,0.344,1,0.5371,1,1
healthy-00236,healthy,val,59,564,67.61,1,0.6319,1,0.6412,1,0
healthy-00237,healthy,train,56,2,73.82,1,0.4386,2,0.7307,1,1
healthy-00238,healthy,train,43,1722,44.21,2,0.5434,3,0.4061,0,0
healthy-00239,healthy,train,35,19,43.37,1,0.669,2,0.583,1,1
healthy-00240,healthy,train,54,199,64.9,1,0.7406,3,0.4005,1,1
healthy-00241,healthy,val,26,52,66.65,2,0.5685,1,0.6074,0,1
healthy-00242,healthy,val,51,86,71.75,0,0.3872,1,0.8796,0,0
healthy-00243,healthy,test,23,210,135.36,1,0.4584,0,0.5221,0,1
healthy-00244,healthy,train,55,176,102.93,0,0.6774,3,0.8055,0,0
healthy-00245,healthy,train,54,1155,33.64,0,0.3457,1,1.0,0,0
healthy-00246,healthy,train,22,194,124.62,1,0.5144,2,0.918,0,0
healthy-00247,healthy,val,61,1203,64.68,1,0.4728,1,0.72,1,0
healthy-00248,healthy,train,42,349,107.04,1,0.5293,1,0.8288,0,1
healthy-00249,healthy,train,63,199,66.92,2,0.3481,1,0.4945,0,1
healthy-00250,healthy,train,20,365,83.19,0,0.1796,3,0.464,1,1
healthy-00251,healthy,train,28,346,45.74,3,0.6541,3,0.7043,0,0
healthy-00252,healthy,train,46,119,90.9,2,0.7428,3,0.7598,0,0
healthy-00253,healthy,train,28,116,112.09,2,0.1916,1,0.8642,0,0
healthy-00254,healthy,train,37,917,36.73,2,0.6238,2,0.6147,0,0
healthy-00255,healthy,train,56,31,112.81,1,0.7666,1,0.729,1,1
healthy-00256,healthy,train,26,289,58.38,2,0.6692,1,0.7239,1,1
healthy-00257,healthy,val,57,1221,153.25,0,0.4667,5,0.6803,1,0
healthy-00258,healthy,train,23,152,107.86,4,0.3613,3,0.6891,0,1
healthy-00259,healthy,val,28,672,100.15,4,0.5662,1,0.5718,0,1
healthy-00260,healthy,train,52,148,74.0,0,0.5996,0,0.742,0,0
healthy-00261,healthy,val,64,1250,200.0,1,0.5692,2,0.7293,0,0
healthy-00262,healthy,train,27,60,64.86,0,0.514,0,0.634,0,1
healthy-00263,healthy,val,35,211,50.19,3,0.3335,1,0.7999,1,1
healthy-00264,healthy,train,71,287,59.28,3,0.6345,0,0.8542,1,1
healthy-00265,healthy,train,75,547,120.43,1,0.6442,4,0.8016,0,0
healthy-00266,healthy,train,51,343,82.52,0,0.5902,3,0.5436,0,0
healthy-00267,healthy,val,43,614,77.47,0,0.5722,1,0.7149,1,0
healthy-00268,healthy,test,38,61,65.28,5,0.8858,0,0.5633,0,1
healthy-00269,healthy,train,53,638,75.77,3,0.4251,1,0.7145,0,1
healthy-00270,healthy,val,52,983,63.34,0,0.8063,3,0.5639,1,0
healthy-00271,healthy,train,35,573,104.05,1,0.4032,3,0.8916,0,0
healthy-00272,healthy,train,19,154,71.06,1,0.7718,1,0.8175,0,1
healthy-00273,healthy,train,26,91,59.76,0,0.7967,1,0.8729,0,0
healthy-00274,healthy,train,73,126,116.24,0,0.4914,1,0.8578,1,1
healthy-00275,healthy,val,42,51,50.9,4,0.8822,3,0.6594,1,1
healthy-00276,healthy,train,45,437,83.01,1,0.6438,3,0.6362,1,0
healthy-00277,healthy,train,45,319,31.09,0,0.3745,3,0.9613,0,0
healthy-00278,healthy,train,63,319,41.74,3,0.4752,0,0.6752,0,1
healthy-00279,healthy,train,21,387,67.8,1,0.7766,0,0.4968,0,0
healthy-00280,healthy,train,22,916,62.84,1,0.7346,0,0.8511,0,0
healthy-00281,healthy,train,33,27,62.8,2,0.3384,0,0.7216,1,1
healthy-00282,healthy,test,46,203,108.27,1,0.5221,1,0.9259,0,0
healthy-00283,healthy,train,56,99,110.88,0,0.5907,4,0.7364,1,1
healthy-00284,healthy,train,46,496,89.72,0,0.4485,2,0.697,1,1
healthy-00285,healthy,train,43,849,49.69,4,1.0,4,0.9289,0,0
healthy-00286,healthy,train,72,135,75.52,0,0.5967,0,0.4692,0,1
healthy-00287,healthy,train,27,250,162.31,1,0.5376,0,0.6122,0,1
healthy-00288,healthy,train,51,19,194.85,2,0.7882,1,0.5669,0,1
healthy-00289,healthy,train,49,253,116.71,1,0.477,1,0.3707,1,1
healthy-00290,healthy,val,45,147,50.56,1,0.7515,3,0.831,1,0
healthy-00291,healthy,train,64,387,75.8,0,0.2165,3,0.6164,1,1
healthy-00292,healthy,test,33,267,87.27,0,0.4593,2,0.8358,0,0
healthy-00293,healthy,val,73,645,81.87,3,0.7598,2,0.7584,0,0
healthy-00294,healthy,train,37,221,121.75,0,0.864,2,0.7911,1,0
healthy-00295,healthy,train,49,254,106.31,1,0.3953,1,0.6317,0,1
healthy-00296,healthy,val,48,748,49.35,0,0.372,2,0.5854,0,0
healthy-00297,healthy,train,67,231,60.39,1,0.6635,2,0.7135,0,0
healthy-00298,healthy,train,43,395,116.51,0,0.4254,1,0.8379,0,0
healthy-00299,healthy,train,34,101,137.21,2,0.4963,2,0.6924,1,1
healthy-00300,healthy,train,19,568,87.72,2,0.7253,4,0.5947,0,0
healthy-00301,healthy,test,39,413,144.27,0,0.4412,0,0.5201,0,1
healthy-00302,healthy,val,65,429,83.61,3,0.1569,1,0.7306,1,1
healthy-00303,healthy,train,18,451,53.22,0,0.2898,1,0.6169,1,1
healthy-00304,healthy,train,69,376,102.35,2,0.552,1,0.6892,0,1
healthy-00305,healthy,train,49,32,200.0,1,0.1773,2,0.6642,0,1
healthy-00306,healthy,train,26,146,44.37,5,0.4906,2,0.6333,1,1
healthy-00307,healthy,test,35,838,141.99,1,0.2716,3,0.7441,0,0
healthy-00308,healthy,train,50,700,99.97,0,0.878,1,0.7832,0,0
healthy-00309,healthy,val,36,687,58.83,1,0.983,2,0.9948,1,0
healthy-00310,healthy,test,24,1173,31.45,3,0.3384,2,0.8137,1,0
healthy-00311,healthy,train,56,335,25.6,0,0.6014,5,0.9391,0,0
healthy-00312,healthy,train,56,310,62.74,1,0.3579,1,0.5772,0,1
healthy-00313,healthy,train,24,277,93.29,0,0.4881,3,0.4599,1,1
healthy-00314,healthy,train,34,26,113.0,2,0.9107,5,0.6978,0,0
healthy-00315,healthy,train,32,294,123.75,0,0.4567,0,0.8287,0,0
healthy-00316,healthy,train,56,531,89.88,1,0.4928,1,0.8052,0,0
healthy-00317,healthy,train,60,132,84.15,0,0.3615,4,0.8817,1,0
healthy-00318,healthy,train,60,894,68.76,1,0.7792,4,0.3195,1,1
healthy-00319,healthy,train,72,402,94.23,1,0.0,0,0.8879,1,1
healthy-00320,healthy,train,62,478,59.22,1,0.4614,1,0.7503,0,0
healthy-00321,healthy,val,36,375,45.45,1,0.5408,3,0.4684,0,0
healthy-00322,healthy,train,24,682,81.98,1,0.4178,1,0.8085,0,0
healthy-00323,healthy,test,53,247,109.45,0,0.7227,2,0.7254,1,0
healthy-00324,healthy,train,71,312,41.09,1,0.7904,1,0.7572,0,0
healthy-00325,healthy,train,74,109,62.75,0,0.2676,2,0.8499,0,0
healthy-00326,healthy,train,31,289,80.71,0,0.9687,0,0.7645,0,0
healthy-00327,healthy,test,31,108,80.0,3,0.2653,2,0.4791,1,1
healthy-00328,healthy,train,20,722,98.87,2,0.8077,0,0.6785,0,1
healthy-00329,healthy,train,26,340,160.35,2,0.58,0,0.4574,1,1
healthy-00330,healthy,test,50,335,25.73,1,0.4493,1,0.7974,1,0
healthy-00331,healthy,test,49,640,163.39,0,0.4681,2,0.9097,0,0
healthy-00332,healthy,val,39,99,157.33,1,0.5433,1,0.5138,1,1
healthy-00333,healthy,test,35,103,113.78,0,0.5917,1,0.5993,1,1
healthy-00334,healthy,val,66,1233,87.05,3,0.366,2,0.5676,0,1
healthy-00335,healthy,train,44,367,59.74,3,0.5032,3,0.6319,1,1
healthy-00336,healthy,train,64,339,113.21,1,0.3959,4,0.7619,0,1
healthy-00337,healthy,train,73,6,88.92,3,0.307,1,0.6335,0,1
healthy-00338,healthy,train,36,198,69.39,1,0.3865,4,0.7979,0,0
healthy-00339,healthy,train,29,923,111.99,3,0.32,2,0.8598,1,0
healthy-00340,healthy,train,73,668,120.0,1,0.466,3,0.8653,0,0
healthy-00341,healthy,train,54,204,18.58,3,0.6365,2,0.5323,0,1
healthy-00342,healthy,train,34,422,136.77,2,0.5741,3,0.9079,1,1
healthy-00343,healthy,train,54,186,56.85,3,0.9449,1,0.9199,0,1
healthy-00344,healthy,train,47,241,129.41,0,0.1079,2,0.9329,0,1
healthy-00345,healthy,test,70,173,69.95,1,0.6439,2,0.6763,1,1
healthy-00346,healthy,train,32,98,87.15,2,0.5513,1,0.5872,1,1
healthy-00347,healthy,val,75,315,94.26,3,0.7131,3,0.5524,0,1
healthy-00348,healthy,train,72,269,125.03,1,0.6933,3,0.5347,0,1
healthy-00349,healthy,train,28,1229,107.24,0,0.517,3,0.7018,0,0
healthy-00350,healthy,train,27,46,68.89,2,0.5845,1,0.8272,1,1
healthy-00351,healthy,val,48,239,27.44,0,0.4012,3,0.896,1,0
healthy-00352,healthy,train,20,577,98.39,1,0.6727,5,0.6272,0,0
healthy-00353,healthy,val,35,291,85.64,2,0.1742,2,0.6942,0,1
healthy-00354,healthy,train,43,1060,44.11,1,0.7054,2,0.6844,1,0
healthy-00355,healthy,train,74,194,89.92,2,0.5454,1,0.6047,0,1
healthy-00356,healthy,test,75,66,80.28,1,0.4526,5,0.8104,1,0
healthy-00357,healthy,train,26,860,136.21,0,0.5035,2,0.7544,1,0
healthy-00358,healthy,train,69,28,168.12,1,0.5182,0,0.7213,0,1
healthy-00359,healthy,train,23,223,118.76,1,0.8095,2,0.7537,1,1
healthy-00360,healthy,train,61,166,78.31,1,1.0,3,0.7923,0,0
healthy-00361,healthy,val,67,368,83.37,1,0.794,0,0.7908,1,0
healthy-00362,healthy,train,69,519,55.96,3,0.4369,3,0.5742,0,1
healthy-00363,healthy,test,30,256,60.69,1,0.676,3,0.8344,1,0
healthy-00364,healthy,train,69,753,76.38,3,0.6847,2,0.7383,0,0
healthy-00365,healthy,train,24,18,72.99,1,0.365,0,0.6348,0,0
healthy-00366,healthy,train,48,156,42.94,0,0.2978,0,0.7351,0,0
healthy-00367,healthy,test,45,349,136.8,1,0.5373,3,0.7517,0,0
healthy-00368,healthy,train,36,190,144.8,0,0.7115,3,0.8623,0,0
healthy-00369,healthy,val,19,62,134.96,3,0.2276,5,0.5431,1,1
healthy-00370,healthy,train,62,91,146.87,1,0.4058,3,0.8987,0,0
healthy-00371,healthy,train,37,202,188.63,1,0.6645,2,0.7035,0,1
healthy-00372,healthy,train,56,168,56.43,3,0.5583,1,0.6241,0,1
healthy-00373,healthy,train,41,523,185.13,1,0.8333,2,0.6195,1,1
healthy-00374,healthy,train,39,473,68.71,1,0.2677,5,0.5498,1,1
healthy-00375,healthy,train,69,448,104.53,0,1.0,2,0.4389,1,1
healthy-00376,healthy,train,23,388,38.12,3,0.2424,1,0.8016,1,1
healthy-00377,healthy,train,60,558,64.9,1,0.1442,2,0.9971,1,0
healthy-00378,healthy,val,61,1183,120.18,0,0.5382,2,0.4574,0,0
healthy-00379,healthy,train,40,139,106.62,1,0.3231,1,0.5574,1,1
healthy-00380,healthy,train,33,861,68.13,1,0.5422,2,0.8127,1,0
healthy-00381,healthy,train,18,6,83.35,0,0.5353,1,0.6932,1,1
healthy-00382,healthy,test,72,1215,61.91,1,0.5108,0,0.8252,0,0
healthy-00383,healthy,train,72,42,120.04,2,0.3815,1,0.6847,0,1
healthy-00384,healthy,test,31,47,140.62,1,0.6365,1,0.6129,1,1
healthy-00385,healthy,train,19,227,56.55,1,0.4865,4,0.6661,0,0
healthy-00386,healthy,train,25,66,79.78,4,0.7707,3,0.3427,0,1
healthy-00387,healthy,test,21,4,42.13,5,0.5139,3,0.5285,1,1
healthy-00388,healthy,test,66,1,88.78,3,0.3571,3,0.8422,0,0
healthy-00389,healthy,train,69,133,99.96,1,0.2125,1,0.8788,1,1
healthy-00390,healthy,train,26,698,91.84,2,0.5156,4,0.9109,0,0
healthy-00391,healthy,train,61,51,96.69,1,0.2962,3,0.7661,0,0
healthy-00392,healthy,train,28,367,76.18,2,0.28,6,0.3616,0,1
healthy-00393,healthy,train,39,690,76.96,1,0.6555,2,0.6047,1,0
healthy-00394,healthy,val,52,87,75.43,2,0.1945,2,0.8987,0,0
healthy-00395,healthy,test,59,136,64.03,2,0.8324,3,0.9435,1,0
healthy-00396,healthy,train,68,2025,67.53,2,0.5819,1,0.9044,0,0
healthy-00397,healthy,train,20,482,98.06,1,0.5412,1,0.6646,0,1
healthy-00398,healthy,train,29,288,136.86,1,0.343,0,0.504,1,1
healthy-00399,healthy,train,34,744,52.09,1,0.7029,1,0.6939,0,0
healthy-00400,healthy,train,35,43,76.83,2,0.5494,1,0.7022,0,1
healthy-00401,healthy,train,75,619,47.12,1,0.4128,4,0.9348,1,0
healthy-00402,healthy,train,63,546,64.55,3,0.59,4,0.7342,0,0
healthy-00403,healthy,train,36,181,69.27,1,0.2134,3,0.7025,0,0
healthy-00404,healthy,train,74,145,86.16,1,0.2229,0,0.711,1,1
healthy-00405,healthy,train,46,329,85.15,5,0.326,0,0.76,0,1
healthy-00406,healthy,train,47,580,79.47,3,0.6199,1,0.794,0,0
healthy-00407,healthy,train,43,642,94.74,4,0.5493,2,0.5913,0,1
healthy-00408,healthy,train,26,904,54.36,1,0.7598,1,0.5414,1,0
healthy-00409,healthy,train,72,80,86.46,2,0.366,6,0.9056,0,0
healthy-00410,healthy,test,18,110,107.89,1,0.6649,3,0.4538,0,1
healthy-00411,healthy,train,28,540,54.06,2,0.5272,1,0.9457,0,0
healthy-00412,healthy,train,31,80,34.61,2,0.3614,2,0.4134,1,1
healthy-00413,healthy,train,34,3,119.64,0,0.6271,3,0.6123,0,0
healthy-00414,healthy,train,25,95,47.82,3,0.5368,0,0.8458,0,1
healthy-00415,healthy,train,19,144,63.17,2,0.4242,5,0.7001,1,0
healthy-00416,healthy,train,57,145,106.61,0,0.5584,2,0.5025,0,1
healthy-00417,healthy,train,74,450,52.82,2,0.5241,1,0.764,0,1
healthy-00418,healthy,train,25,405,116.22,3,0.5193,1,0.7101,0,1
healthy-00419,healthy,train,35,237,59.17,1,0.4675,2,0.6676,0,0
healthy-00420,healthy,val,47,519,55.96,2,0.289,1,0.6064,1,1
healthy-00421,healthy,test,71,268,47.23,1,0.565,1,0.6948,0,0
healthy-00422,healthy,test,58,418,59.4,0,0.3895,1,0.6127,1,1
healthy-00423,healthy,train,62,1258,100.72,1,0.3459,2,1.0,0,0
healthy-00424,healthy,train,51,565,63.17,0,0.5019,2,0.664,0,0
healthy-00425,healthy,train,42,125,119.84,3,0.6968,6,0.6439,1,1
healthy-00426,healthy,train,29,68,80.83,2,0.5871,7,0.6188,0,0
healthy-00427,healthy,train,68,1137,83.81,0,0.4438,2,0.9665,0,0
healthy-00428,healthy,train,64,431,55.21,0,0.4357,2,0.4541,1,1
healthy-00429,healthy,test,19,714,127.13,1,0.6772,4,0.7539,1,0
healthy-00430,healthy,val,59,348,108.25,2,0.0707,5,0.6641,0,0
healthy-00431,healthy,val,22,349,107.0,1,0.7095,3,0.4865,0,1
healthy-00432,healthy,test,60,2600,74.34,0,0.1752,1,0.5771,1,0
healthy-00433,healthy,train,65,992,44.57,3,0.2669,1,0.7475,0,0
healthy-00434,healthy,train,25,26,85.68,0,0.4471,2,0.5703,1,1
healthy-00435,healthy,test,43,75,98.96,1,0.984,2,0.7389,0,0
healthy-00436,healthy,train,25,179,99.37,2,0.8855,4,0.9594,1,0
healthy-00437,healthy,train,50,170,93.9,3,0.6913,2,0.7256,1,1
healthy-00438,healthy,train,71,78,92.3,0,0.6213,1,0.482,0,1
healthy-00439,healthy,train,22,443,59.04,0,0.1775,1,0.573,1,1
healthy-00440,healthy,train,41,222,60.31,1,0.5814,0,0.6572,0,0
healthy-00441,healthy,train,74,868,47.44,0,0.4402,2,0.6472,1,0
healthy-00442,healthy,test,35,174,120.41,1,0.3867,2,0.7228,1,1
healthy-00443,healthy,train,25,298,164.88,0,0.581,2,0.7469,0,1
healthy-00444,healthy,train,46,218,200.0,2,0.4558,1,0.9596,0,0
healthy-00445,healthy,train,47,425,88.15,1,0.7239,1,0.6994,1,0
healthy-00446,healthy,train,56,115,92.4,3,0.1628,2,0.5272,0,1
healthy-00447,healthy,train,36,707,75.6,2,0.565,1,0.8731,1,1
healthy-00448,healthy,train,73,1367,87.57,0,0.3742,1,0.8895,0,0
healthy-00449,healthy,train,48,27,52.73,2,0.4681,0,0.7349,1,1
healthy-00450,healthy,train,34,1,74.95,2,0.6109,2,0.663,0,1
healthy-00451,healthy,test,73,212,56.17,1,0.3265,3,0.7934,1,0
healthy-00452,healthy,val,71,309,70.87,3,0.5828,1,0.6683,0,0
healthy-00453,healthy,train,46,518,58.26,2,0.5075,0,0.3916,0,1
healthy-00454,healthy,train,19,213,98.98,2,0.4179,3,0.7845,0,1
healthy-00455,healthy,train,52,249,104.09,2,0.4559,1,0.8338,1,1
healthy-00456,healthy,train,50,371,91.23,4,0.5191,2,0.9162,1,0
healthy-00457,healthy,train,26,201,60.42,2,0.3964,3,0.5904,1,1
healthy-00458,healthy,train,54,1365,45.95,0,0.5514,1,0.7339,0,0
healthy-00459,healthy,test,66,26,104.57,2,0.4944,1,0.7372,1,1
healthy-00460,healthy,train,24,48,80.65,2,0.4277,1,0.7128,0,1
healthy-00461,healthy,val,59,298,33.92,4,0.868,3,0.7172,1,1
healthy-00462,healthy,train,26,123,85.38,1,0.633,1,0.7056,0,0
healthy-00463,healthy,train,61,691,92.68,2,0.4735,1,0.7318,0,0
healthy-00464,healthy,train,42,170,39.15,1,0.5792,4,0.8111,0,0
healthy-00465,healthy,train,18,91,99.69,1,0.3446,1,0.883,0,1
healthy-00466,healthy,train,74,70,41.92,1,0.4626,2,0.5866,0,0
healthy-00467,healthy,train,27,387,57.59,1,0.486,3,0.6742,0,0
healthy-00468,healthy,test,52,71,42.05,2,0.3006,2,0.6366,0,1
healthy-00469,healthy,train,28,226,54.98,2,0.6275,2,0.6151,0,0
healthy-00470,healthy,train,72,457,46.13,1,0.4489,0,0.4576,0,1
healthy-00471,healthy,train,60,516,120.1,3,0.4789,3,0.7036,1,1
healthy-00472,healthy,train,64,191,72.65,0,0.4363,2,0.7719,0,0
healthy-00473,healthy,train,43,18,66.19,1,1.0,0,0.6767,0,0
healthy-00474,healthy,train,45,180,124.77,3,0.4175,3,0.6987,1,1
healthy-00475,healthy,train,54,217,122.13,2,0.1363,3,0.7628,1,1
healthy-00476,healthy,train,63,247,68.45,0,0.23,3,0.9117,0,0
healthy-00477,healthy,train,67,109,90.5,0,0.7019,1,0.637,1,1
healthy-00478,healthy,train,19,1682,62.43,2,0.8173,1,0.5243,0,0
healthy-00479,healthy,train,56,553,77.3,0,0.4136,2,0.6864,0,0
healthy-00480,healthy,train,24,37,49.84,1,0.8058,1,0.9825,1,0
healthy-00481,healthy,train,34,33,95.91,2,0.6983,4,0.5259,1,1
healthy-00482,healthy,train,66,239,126.8,0,0.5121,3,0.7975,1,1
healthy-00483,healthy,train,32,640,117.62,1,0.4979,4,0.8737,1,0
healthy-00484,healthy,train,64,34,82.21,0,0.5862,0,0.3452,0,1
healthy-00485,healthy,val,44,645,32.38,2,0.7255,2,0.7615,0,0
healthy-00486,healthy,train,31,428,61.19,1,0.6295,1,0.7905,0,0
healthy-00487,healthy,val,37,667,77.26,2,0.4146,2,0.6599,1,0
healthy-00488,healthy,train,48,691,43.46,1,0.5152,0,0.603,0,0
healthy-00489,healthy,val,62,554,40.1,2,0.9463,2,0.6114,1,0
healthy-00490,healthy,train,53,378,141.04,1,0.6002,2,0.6507,0,0
healthy-00491,healthy,train,72,837,111.99,1,0.7239,3,0.6547,1,0
healthy-00492,healthy,train,68,400,98.95,0,0.658,1,0.6264,0,0
healthy-00493,healthy,train,61,340,106.69,2,0.6047,3,0.6483,0,1
healthy-00494,healthy,train,52,300,46.81,1,0.5717,2,0.8786,1,0
healthy-00495,healthy,train,34,560,54.17,1,0.7295,1,0.5178,0,0
healthy-00496,healthy,val,41,139,88.25,0,0.6937,1,0.4376,1,1
healthy-00497,healthy,train,24,1717,91.1,3,0.6028,2,0.881,1,0
healthy-00498,healthy,train,39,643,42.31,3,0.4112,4,0.6712,0,0
healthy-00499,healthy,train,71,71,85.69,2,0.6271,2,0.6418,0,0
healthy-00500,healthy,val,42,507,77.85,2,0.5366,3,0.6833,1,0
healthy-00501,healthy,train,24,527,116.08,6,0.4883,4,0.7314,1,1
healthy-00502,healthy,test,55,52,91.29,1,1.0,2,0.6214,1,0
healthy-00503,healthy,train,73,224,147.72,0,0.2422,1,0.7759,0,1
healthy-00504,healthy,train,68,136,68.61,3,0.7417,2,0.5557,0,1
healthy-00505,healthy,train,33,80,48.22,4,0.3775,1,0.6547,1,1
healthy-00506,healthy,train,44,118,146.09,1,0.5762,4,0.3678,1,1
healthy-00507,healthy,val,48,547,93.24,0,1.0,2,0.8758,0,0
healthy-00508,healthy,train,32,281,78.04,1,0.3575,1,0.6736,0,0
healthy-00509,healthy,train,33,139,55.06,0,0.4052,1,0.8005,1,1
healthy-00510,healthy,train,31,92,68.95,1,0.5465,1,0.7715,0,1
healthy-00511,healthy,train,75,721,67.42,1,0.3806,0,0.7825,1,1
healthy-00512,healthy,test,61,246,47.27,1,0.7268,2,0.6988,1,0
healthy-00513,healthy,train,66,483,27.75,0,0.4431,3,0.7582,0,0
healthy-00514,healthy,train,65,222,66.74,0,0.6808,3,0.5558,0,0
healthy-00515,healthy,train,73,119,107.8,1,0.2842,2,0.5243,1,1
healthy-00516,healthy,train,24,560,131.23,1,0.1886,4,0.6848,0,0
healthy-00517,healthy,train,69,289,117.94,1,0.5042,1,0.598,0,1
healthy-00518,healthy,test,21,413,120.75,2,0.2363,1,0.9138,0,0
healthy-00519,healthy,train,45,756,49.76,1,0.8537,0,0.7563,0,0
healthy-00520,healthy,train,52,1029,88.94,1,0.244,1,0.5925,0,0
healthy-00521,healthy,train,38,509,99.26,1,0.3425,0,0.6593,0,1
healthy-00522,healthy,train,26,390,101.86,3,0.6327,1,0.72,1,1
healthy-00523,healthy,train,29,636,77.32,2,0.4327,1,0.6898,0,1
healthy-00524,healthy,test,65,129,84.49,3,0.2463,2,0.7408,1,1
healthy-00525,healthy,test,36,155,169.79,0,0.958,5,0.7103,0,0
healthy-00526,healthy,train,35,524,116.51,2,0.3497,1,0.4914,1,1
healthy-00527,healthy,train,71,154,97.8,0,0.5107,1,0.3774,0,1
healthy-00528,healthy,train,26,152,105.18,1,0.5082,1,0.644,0,1
healthy-00529,healthy,train,71,850,65.44,1,0.6921,3,0.7841,1,0
healthy-00530,healthy,train,71,676,102.93,0,0.6425,3,0.6456,1,0
healthy-00531,healthy,train,52,159,84.03,0,0.3846,4,0.8855,1,0
healthy-00532,healthy,train,27,242,111.72,0,0.4848,1,0.693,0,0
healthy-00533,healthy,val,27,697,59.03,2,0.5046,4,0.9036,1,0
healthy-00534,healthy,train,34,39,108.02,3,0.6998,1,0.8728,0,1
healthy-00535,healthy,train,51,510,69.35,2,0.3163,4,0.8577,0,1
healthy-00536,healthy,train,26,75,108.22,2,0.9536,2,0.5195,0,1
healthy-00537,healthy,train,44,781,89.18,1,0.3982,4,0.7026,0,0
healthy-00538,healthy,train,24,256,81.49,1,0.5483,3,0.8834,1,0
healthy-00539,healthy,train,49,70,70.94,3,0.318,0,0.7409,0,1
healthy-00540,healthy,val,19,1,78.18,2,0.2904,1,0.7832,0,1
healthy-00541,healthy,train,59,12,66.81,1,0.3751,0,0.4918,0,1
healthy-00542,healthy,train,21,158,70.32,1,0.3559,2,0.9878,0,0
healthy-00543,healthy,train,29,615,96.73,2,0.4671,2,0.5813,1,1
healthy-00544,healthy,train,28,14,36.51,3,0.3542,2,0.4008,0,1
healthy-00545,healthy,train,66,534,107.62,1,0.6891,1,0.6473,0,0
healthy-00546,healthy,val,21,894,108.36,3,0.3934,1,0.3329,1,1
healthy-00547,healthy,test,42,171,71.84,1,0.3712,0,0.5372,1,1
healthy-00548,healthy,test,52,534,85.4,0,0.4714,1,1.0,1,0
healthy-00549,healthy,test,47,6,52.53,3,0.7486,1,0.643,0,1
healthy-00550,healthy,train,57,51,94.18,1,0.593,1,0.4858,1,1
healthy-00551,healthy,train,64,114,55.4,2,0.5301,4,0.7038,0,0
healthy-00552,healthy,test,40,221,19.03,2,0.2634,0,0.5653,0,1
healthy-00553,healthy,train,66,495,129.16,2,0.3215,4,0.8297,1,1
healthy-00554,healthy,train,36,695,49.97,2,0.2943,3,0.5666,1,1
healthy-00555,healthy,test,75,190,77.48,0,0.8114,2,0.7406,1,0
healthy-00556,healthy,train,47,287,86.73,2,0.6561,4,0.5279,1,1
healthy-00557,healthy,train,60,1606,96.65,4,0.3777,1,1.0,0,0
healthy-00558,healthy,train,68,317,80.34,1,0.4371,1,0.7755,0,0
healthy-00559,healthy,train,63,213,89.87,1,0.3849,3,0.6782,0,1
healthy-00560,healthy,train,67,689,71.13,0,0.3728,3,0.6561,0,0
healthy-00561,healthy,train,49,2184,39.58,1,0.6421,2,0.617,1,0
healthy-00562,healthy,val,20,215,79.06,0,0.4925,2,0.5859,0,1
healthy-00563,healthy,val,46,441,102.05,1,0.9662,4,0.5817,0,0
healthy-00564,healthy,test,28,984,51.32,3,0.8001,1,0.9517,0,0
healthy-00565,healthy,test,69,178,87.1,1,0.8119,2,0.6171,1,0
healthy-00566,healthy,train,31,235,159.84,1,0.6843,1,0.3806,1,1
healthy-00567,healthy,train,31,311,76.91,2,0.4655,1,0.5251,0,1
healthy-00568,healthy,train,32,342,78.56,1,0.6696,2,0.8392,0,0
healthy-00569,healthy,train,55,535,38.09,0,0.4802,1,0.6622,1,0
healthy-00570,healthy,val,51,480,48.66,0,0.8761,1,0.6799,1,0
healthy-00571,healthy,test,73,218,55.66,0,0.6309,3,0.8755,0,0
healthy-00572,healthy,train,42,1027,100.42,0,0.6025,1,0.5834,0,0
healthy-00573,healthy,test,34,227,52.86,2,0.5754,3,0.7949,0,0
healthy-00574,healthy,train,20,107,32.12,1,0.8981,2,0.5998,1,1
healthy-00575,healthy,train,18,390,93.39,1,0.2632,3,0.7864,1,1
healthy-00576,healthy,train,39,733,57.86,2,0.9177,1,0.6413,0,0
healthy-00577,healthy,train,71,125,38.78,3,0.5128,4,0.6638,0,1
healthy-00578,healthy,train,48,357,105.41,0,0.2688,1,0.823,1,0
healthy-00579,healthy,train,69,159,67.73,3,0.3996,4,0.8122,0,0
healthy-00580,healthy,train,23,13,96.94,3,0.2198,1,0.6752,0,1
healthy-00581,healthy,train,23,111,38.17,1,0.6807,2,0.6293,0,0
healthy-00582,healthy,train,66,468,26.36,3,0.3423,0,0.9399,1,0
healthy-00583,healthy,train,24,562,83.72,1,0.5837,1,0.7884,0,0
healthy-00584,healthy,train,21,105,47.89,1,0.7768,0,0.6413,0,0
healthy-00585,healthy,train,41,398,83.23,2,0.4156,3,0.602,1,1
healthy-00586,healthy,test,71,224,83.97,1,0.4964,2,0.8537,1,0
healthy-00587,healthy,train,57,371,79.6,2,0.2893,2,0.7173,1,1
healthy-00588,healthy,train,23,15,120.35,3,0.4723,3,0.6755,1,1
healthy-00589,healthy,val,66,62,200.0,2,1.0,2,0.7172,0,0
healthy-00590,healthy,train,66,86,92.71,3,0.7056,0,0.7507,0,1
healthy-00591,healthy,train,64,136,159.78,1,0.4971,1,0.6915,1,1
healthy-00592,healthy,val,70,219,36.96,2,0.4277,1,0.8806,0,0
healthy-00593,healthy,val,31,227,68.51,3,0.5415,4,0.8889,1,0
healthy-00594,healthy,train,74,223,43.88,3,0.576,3,0.7798,0,0
healthy-00595,healthy,train,36,55,59.55,1,0.4662,6,0.9062,0,0
healthy-00596,healthy,test,64,1156,70.24,0,0.656,2,0.7013,1,0
healthy-00597,healthy,test,51,167,165.43,1,0.3593,1,0.8035,0,0
healthy-00598,healthy,train,63,321,81.48,1,0.3583,1,0.8507,0,0
healthy-00599,healthy,train,54,793,122.2,0,0.624,1,0.8529,1,0
healthy-00600,healthy,val,55,54,66.1,4,0.3163,1,0.8374,0,1
healthy-00601,healthy,val,53,334,62.71,2,0.6958,4,0.7947,1,0
healthy-00602,healthy,train,63,199,37.44,3,0.5471,1,0.9936,1,0
healthy-00603,healthy,val,60,671,163.19,1,0.1844,3,0.619,0,1
healthy-00604,healthy,val,25,263,138.7,2,0.5719,0,0.6767,0,1
healthy-00605,healthy,train,65,173,87.47,0,0.213,3,0.6678,1,0
healthy-00606,healthy,val,49,5,71.98,6,0.6887,1,0.6448,1,1
healthy-00607,healthy,train,36,1080,82.78,1,0.5003,1,0.4017,1,1
healthy-00608,healthy,train,47,45,43.08,0,0.9202,4,0.9062,1,0
healthy-00609,healthy,train,74,391,96.86,1,0.7643,5,0.5461,1,0
healthy-00610,healthy,train,67,148,133.95,4,0.3379,2,0.7255,0,1
healthy-00611,healthy,train,66,1318,136.74,0,0.1459,2,0.4867,0,1
healthy-00612,healthy,train,44,66,38.17,1,0.399,0,0.7931,0,1
healthy-00613,healthy,test,63,1084,121.73,1,0.3057,3,0.5822,0,0
healthy-00614,healthy,val,40,1654,43.21,0,0.9151,1,0.5296,1,0
healthy-00615,healthy,train,57,126,27.29,0,0.5479,2,0.7292,0,0
healthy-00616,healthy,train,55,44,123.62,1,0.7367,0,0.5949,0,1
healthy-00617,healthy,val,32,425,63.84,1,0.493,5,0.6139,0,0
healthy-00618,healthy,train,33,122,116.45,1,0.5141,2,0.7258,0,1
healthy-00619,healthy,train,21,156,112.19,0,0.5435,3,0.82,1,0
healthy-00620,healthy,train,26,541,106.35,3,0.7713,2,0.5772,1,1
healthy-00621,healthy,train,43,847,82.35,1,0.6123,0,0.5513,0,1
healthy-00622,healthy,val,45,371,45.4,1,0.3385,1,0.7035,0,0
healthy-00623,healthy,train,27,657,70.3,0,0.8745,4,0.7809,0,0
healthy-00624,healthy,val,42,48,137.69,1,0.4914,1,0.9194,0,1
healthy-00625,healthy,train,53,1001,117.7,0,0.4589,1,0.5393,1,0
healthy-00626,healthy,train,31,55,71.87,0,0.0,2,0.6523,1,1
healthy-00627,healthy,test,37,47,71.49,2,0.6769,0,0.8764,0,0
healthy-00628,healthy,train,39,122,102.47,3,0.5702,4,0.996,1,0
healthy-00629,healthy,val,47,299,84.84,3,0.57,1,0.551,0,1
healthy-00630,healthy,train,39,72,73.45,0,0.4694,4,0.5892,0,1
healthy-00631,healthy,train,60,1030,98.95,0,0.435,0,0.7572,1,0
healthy-00632,healthy,train,36,100,97.6,0,0.4761,1,0.6133,1,1
healthy-00633,healthy,train,43,858,60.26,0,0.6426,2,0.5861,0,0
healthy-00634,healthy,test,40,998,91.83,1,0.6778,1,0.7367,0,0
healthy-00635,healthy,train,28,227,95.16,2,0.5038,1,0.9324,0,1
healthy-00636,healthy,train,57,898,79.75,2,0.7398,1,0.5036,1,1
healthy-00637,healthy,train,31,665,57.48,5,0.5342,1,0.9248,1,1
healthy-00638,healthy,val,35,208,69.37,3,0.4492,2,0.6138,1,1
healthy-00639,healthy,train,63,670,52.44,3,0.5897,3,0.7519,1,0
healthy-00640,healthy,test,73,460,92.86,1,0.2781,2,0.9386,1,0
healthy-00641,healthy,train,56,132,38.27,3,0.5965,0,0.7488,0,1
healthy-00642,healthy,train,71,1486,143.57,1,0.2416,4,0.6554,1,0
healthy-00643,healthy,train,67,388,131.35,2,0.3445,0,0.8077,0,0
healthy-00644,healthy,train,45,746,96.1,2,0.1463,2,0.674,0,1
healthy-00645,healthy,train,62,225,114.86,3,0.515,3,0.7782,0,1
healthy-00646,healthy,train,37,427,111.71,2,0.8719,0,0.6693,0,0
healthy-00647,healthy,val,44,113,85.38,1,0.5266,2,0.8292,1,1
healthy-00648,healthy,train,49,146,74.31,2,0.6787,1,0.4909,0,1
healthy-00649,healthy,val,73,573,70.78,2,1.0,3,0.548,1,0
healthy-00650,healthy,train,67,813,145.77,5,0.6308,3,0.4887,1,1
healthy-00651,healthy,test,46,1639,56.58,2,0.397,3,0.6915,0,0
healthy-00652,healthy,val,55,279,57.07,1,0.4245,2,0.4706,1,1
healthy-00653,healthy,test,29,11,119.01,2,0.5501,2,0.5962,1,1
healthy-00654,healthy,train,64,73,114.4,0,0.4234,1,0.5339,0,1
healthy-00655,healthy,val,50,76,72.49,2,0.4384,3,0.922,0,0
healthy-00656,healthy,train,48,1335,100.32,2,0.7471,0,0.5514,1,1
healthy-00657,healthy,train,62,149,105.74,3,0.7552,3,0.507,1,1
healthy-00658,healthy,test,54,155,44.4,2,0.2206,4,0.7373,1,0
healthy-00659,healthy,train,22,1084,134.84,0,0.3864,3,0.953,0,0
healthy-00660,healthy,train,34,316,105.72,1,0.4572,3,0.6826,0,1
healthy-00661,healthy,train,28,172,96.83,4,0.6698,2,0.6942,1,1
healthy-00662,healthy,train,60,12,106.06,2,0.7786,4,0.8936,0,0
healthy-00663,healthy,train,20,39,92.07,1,1.0,0,0.8317,0,0
healthy-00664,healthy,test,29,98,77.84,0,0.4569,1,0.7638,0,0
healthy-00665,healthy,train,52,107,31.4,0,0.4669,3,0.6126,0,0
healthy-00666,healthy,train,58,242,85.7,0,0.6677,7,0.7684,0,0
healthy-00667,healthy,test,47,362,42.59,2,0.4136,1,0.4959,0,0
healthy-00668,healthy,train,67,112,169.39,3,0.5218,4,0.6064,0,1
healthy-00669,healthy,train,71,346,77.3,5,0.467,0,0.9147,1,1
healthy-00670,healthy,train,25,224,168.17,3,0.0257,1,0.8953,1,1
healthy-00671,healthy,train,73,711,86.3,0,0.5746,3,0.7656,1,0
healthy-00672,healthy,train,53,306,62.46,1,0.5135,2,0.4106,0,1
healthy-00673,healthy,val,54,279,133.24,1,0.8042,2,0.5188,1,1
healthy-00674,healthy,test,23,193,95.23,1,0.5511,1,0.5981,0,1
healthy-00675,healthy,train,54,267,194.78,2,0.2991,1,0.6742,1,1
healthy-00676,healthy,train,60,145,61.78,0,0.4984,1,0.5124,0,0
healthy-00677,healthy,test,51,115,135.55,3,0.1318,2,0.6631,1,1
healthy-00678,healthy,val,22,346,190.27,1,0.3078,3,0.9651,0,0
healthy-00679,healthy,val,48,162,138.53,2,0.6771,3,0.7601,0,1
healthy-00680,healthy,train,72,155,109.34,2,0.5005,1,0.7328,0,1
healthy-00681,healthy,test,59,1277,139.01,1,0.7345,0,0.5474,0,0
healthy-00682,healthy,test,25,463,78.04,0,0.1566,3,0.4542,0,1
healthy-00683,healthy,train,73,203,56.46,0,0.5015,1,0.5158,0,1
healthy-00684,healthy,test,73,443,64.87,1,0.4549,2,0.4481,0,1
healthy-00685,healthy,train,27,719,83.84,4,0.7412,0,0.7113,0,1
healthy-00686,healthy,train,64,1583,111.66,0,0.6846,2,0.7576,0,0
healthy-00687,healthy,train,41,334,58.18,2,0.6785,2,0.5552,0,1
healthy-00688,healthy,train,52,23,70.81,1,0.8583,1,0.7222,0,0
healthy-00689,healthy,val,43,286,60.2,1,0.4764,2,0.9203,0,0
healthy-00690,healthy,val,63,34,119.81,1,0.817,1,0.9937,0,0
healthy-00691,healthy,train,75,1367,167.61,1,0.3412,3,0.8156,0,0
healthy-00692,healthy,val,64,62,52.3,0,0.3338,5,0.6738,1,1
healthy-00693,healthy,test,72,28,102.27,2,0.7005,4,0.8107,1,0
healthy-00694,healthy,train,72,924,125.99,2,0.2491,2,0.9028,0,0
healthy-00695,healthy,train,23,230,75.17,0,0.6646,1,0.3989,0,1
healthy-00696,healthy,train,32,288,43.62,1,0.5703,2,0.9223,0,0
healthy-00697,healthy,train,59,234,132.72,2,0.7644,1,0.6183,0,1
healthy-00698,healthy,train,52,1061,42.4,3,0.5381,1,0.6198,0,0
healthy-00699,healthy,train,20,348,148.75,0,0.5612,2,0.6468,1,1
healthy-00700,healthy,test,23,257,59.65,1,0.6519,1,0.748,0,0
healthy-00701,healthy,test,48,45,39.58,2,0.4175,0,0.5333,1,1
healthy-00702,healthy,test,53,1171,66.94,1,0.4088,1,0.6573,0,0
healthy-00703,healthy,train,27,105,81.07,4,0.6449,0,0.7788,0,1
healthy-00704,healthy,val,27,1105,88.2,3,0.5441,5,0.7328,1,0
healthy-00705,healthy,val,25,19,105.79,0,0.4685,4,0.7571,0,0
healthy-00706,healthy,val,50,817,91.5,1,0.5334,4,0.6514,0,0
healthy-00707,healthy,train,18,224,161.82,4,0.8689,1,0.8041,1,1
healthy-00708,healthy,train,51,1733,79.48,1,0.4614,1,0.8585,0,0
healthy-00709,healthy,train,45,710,93.52,1,0.4556,2,0.8495,0,0
healthy-00710,healthy,train,45,51,90.29,1,0.2085,2,0.7641,0,1
healthy-00711,healthy,test,57,54,37.43,1,0.5415,1,0.8408,1,0
healthy-00712,healthy,train,48,157,48.02,1,0.6814,3,0.8307,1,0
healthy-00713,healthy,train,60,1400,83.98,2,0.7172,2,1.0,0,0
healthy-00714,healthy,train,62,359,98.21,0,0.5716,3,0.8827,1,0
healthy-00715,healthy,val,71,353,30.78,3,0.7412,0,0.6867,1,1
healthy-00716,healthy,test,64,712,164.95,3,0.6962,0,0.5632,0,1
healthy-00717,healthy,val,48,492,101.48,1,0.7726,2,0.6608,0,0
healthy-00718,healthy,train,46,475,82.02,1,0.7469,2,0.6502,0,0
healthy-00719,healthy,train,31,767,99.56,4,0.864,0,0.7767,0,1
healthy-00720,healthy,test,52,339,65.31,2,0.5161,1,0.595,1,1
healthy-00721,healthy,train,26,527,88.6,2,0.2846,1,0.8788,1,0
healthy-00722,healthy,train,72,198,94.45,1,0.6827,2,0.4916,0,1
healthy-00723,healthy,train,67,301,133.37,1,0.7061,3,0.4551,0,1
healthy-00724,healthy,val,24,388,76.51,1,0.864,4,0.6797,1,0
healthy-00725,healthy,train,63,200,42.92,0,0.8063,1,0.5736,0,0
healthy-00726,healthy,train,24,689,55.82,3,0.9391,1,0.5113,1,1
healthy-00727,healthy,train,59,952,73.94,2,0.674,1,0.6044,0,1
healthy-00728,healthy,train,23,73,45.07,3,0.5958,1,0.5858,0,1
healthy-00729,healthy,train,46,735,53.18,5,0.273,4,0.7015,0,0
healthy-00730,healthy,val,56,27,56.04,1,0.6116,1,0.6069,1,1
healthy-00731,healthy,val,60,94,71.85,0,0.4395,4,0.6191,1,0
healthy-00732,healthy,val,42,338,100.94,2,0.5923,2,0.6993,0,0
healthy-00733,healthy,test,71,772,70.42,3,0.5609,1,0.8521,0,0
healthy-00734,healthy,test,62,1461,103.75,0,0.6443,3,0.9206,0,0
healthy-00735,healthy,train,30,417,82.05,1,0.5305,1,0.7222,1,1
healthy-00736,healthy,train,56,23,53.97,2,0.737,1,0.7338,0,0
healthy-00737,healthy,train,60,610,95.1,2,0.0054,4,0.6725,1,0
healthy-00738,healthy,train,37,92,89.07,0,0.588,1,0.7722,1,0
healthy-00739,healthy,val,60,100,104.88,3,0.7905,2,0.7585,1,1
healthy-00740,healthy,train,70,37,113.74,2,0.924,1,0.8989,1,0
healthy-00741,healthy,train,65,264,135.12,0,0.6964,0,0.4167,1,1
healthy-00742,healthy,test,62,161,102.33,1,0.887,2,0.6648,1,0
healthy-00743,healthy,train,54,818,87.85,1,0.5838,4,0.7509,0,0
healthy-00744,healthy,train,33,505,105.08,2,0.5506,1,0.6961,0,1
healthy-00745,healthy,test,64,175,67.49,2,0.6559,2,0.5591,0,1
healthy-00746,healthy,train,39,145,65.37,1,0.5494,3,0.5051,1,1
healthy-00747,healthy,train,48,287,142.74,3,0.3935,3,0.8209,0,1
healthy-00748,healthy,test,36,114,64.56,1,0.447,0,0.5865,1,1
healthy-00749,healthy,test,36,20,56.67,3,0.3276,4,0.4368,1,1
healthy-00750,healthy,val,27,176,102.31,0,0.6557,1,0.8285,0,1
healthy-00751,healthy,test,73,115,67.73,0,0.5523,3,0.7688,0,0
healthy-00752,healthy,val,26,523,113.27,3,0.4779,2,0.6826,0,0
healthy-00753,healthy,train,23,423,130.99,2,0.4367,0,0.5628,0,1
healthy-00754,healthy,train,72,103,60.08,2,0.651,2,0.683,1,0
healthy-00755,healthy,train,50,797,107.36,0,0.7061,2,0.8823,1,0
healthy-00756,healthy,train,43,330,63.9,0,0.3239,1,0.4578,0,1
healthy-00757,healthy,train,60,1205,74.6,0,0.2925,5,0.4654,1,0
healthy-00758,healthy,train,40,595,93.31,1,0.7409,2,0.6058,1,0
healthy-00759,healthy,val,25,929,65.43,1,0.275,3,0.696,1,0
healthy-00760,healthy,train,60,1271,89.87,0,0.6595,2,0.6256,0,0
healthy-00761,healthy,train,28,206,77.19,1,0.8734,3,0.7964,1,0
healthy-00762,healthy,train,50,440,114.31,2,0.8738,3,0.8633,1,0
healthy-00763,healthy,train,73,69,114.43,0,0.6976,4,0.7418,0,0
healthy-00764,healthy,test,72,111,65.57,2,0.6918,2,0.7841,0,0
healthy-00765,healthy,train,38,91,94.18,2,1.0,2,0.7408,0,0
healthy-00766,healthy,test,63,247,121.51,2,0.0831,2,0.7014,0,1
healthy-00767,healthy,test,53,498,52.8,5,0.4571,3,0.506,1,1
healthy-00768,healthy,test,45,337,76.99,3,0.7197,2,0.5458,0,1
healthy-00769,healthy,test,26,11,92.5,3,0.4825,1,0.4974,1,1
healthy-00770,healthy,train,39,96,51.82,3,0.798,0,0.6777,0,1
healthy-00771,healthy,train,55,499,68.85,3,0.5421,3,0.7348,1,1
healthy-00772,healthy,train,75,406,154.73,1,0.5763,3,0.4826,0,1
healthy-00773,healthy,train,18,127,64.48,1,0.4951,2,0.7109,0,1
healthy-00774,healthy,train,59,146,67.49,4,0.4455,4,0.5687,1,1
healthy-00775,healthy,train,67,603,39.59,1,0.4406,1,0.5396,1,1
healthy-00776,healthy,test,73,293,101.84,2,0.6042,2,0.6062,0,0
healthy-00777,healthy,train,42,363,49.1,3,0.3951,1,0.5319,1,1
healthy-00778,healthy,train,24,227,77.68,0,0.7406,1,0.791,0,0
healthy-00779,healthy,train,33,545,56.9,0,0.6806,2,0.6748,1,0
healthy-00780,healthy,train,67,891,89.8,3,0.7699,3,0.8223,0,0
healthy-00781,healthy,train,68,1341,20.07,1,0.3242,4,0.6335,0,0
healthy-00782,healthy,test,54,449,84.75,1,0.2101,1,0.6391,0,1
healthy-00783,healthy,test,25,206,93.55,1,0.5492,0,0.981,0,0
healthy-00784,healthy,train,25,63,69.6,3,1.0,1,0.4565,0,1
healthy-00785,healthy,val,45,14,71.43,3,0.8032,3,0.8927,0,0
healthy-00786,healthy,val,52,1236,66.03,2,0.4391,0,0.9482,0,0
healthy-00787,healthy,train,19,540,77.26,1,0.6349,2,0.8149,0,0
healthy-00788,healthy,train,57,198,143.52,1,0.6955,2,0.6504,0,1
healthy-00789,healthy,train,49,382,115.77,1,0.2763,3,0.914,1,0
healthy-00790,healthy,train,18,755,77.23,1,0.8239,1,0.6517,1,0
healthy-00791,healthy,train,23,1554,68.86,1,0.5165,2,0.5941,0,0
healthy-00792,healthy,test,44,88,111.34,0,0.5319,2,0.6418,0,1
healthy-00793,healthy,train,59,362,87.44,3,0.5548,3,0.6145,1,1
healthy-00794,healthy,train,65,636,51.26,0,0.7789,3,0.558,0,0
healthy-00795,healthy,train,43,1859,73.55,0,0.399,3,0.8665,1,0
healthy-00796,healthy,train,35,568,137.22,3,0.2086,3,0.584,0,1
healthy-00797,healthy,train,74,390,100.2,2,0.6146,3,0.6956,0,1
healthy-00798,healthy,train,44,461,69.18,1,0.1413,1,0.4834,0,1
healthy-00799,healthy,train,36,141,41.6,2,0.4898,2,0.7046,0,0
healthy-00800,healthy,train,43,459,89.61,3,0.7874,2,0.5266,0,1
healthy-00801,healthy,val,18,793,82.23,0,0.6658,1,0.5229,1,0
healthy-00802,healthy,train,35,123,76.24,2,0.7585,0,0.6836,0,1
healthy-00803,healthy,train,47,1076,111.85,1,0.6741,0,0.8585,1,0
healthy-00804,healthy,train,71,44,100.71,1,1.0,2,0.7661,0,0
healthy-00805,healthy,train,60,195,42.23,1,0.4324,1,0.7764,0,0
healthy-00806,healthy,test,63,72,82.42,1,0.6296,1,0.6805,1,1
healthy-00807,healthy,test,49,34,46.87,0,0.4624,0,0.6497,1,1
healthy-00808,healthy,val,24,1470,66.49,0,0.7414,0,0.8187,0,0
healthy-00809,healthy,train,40,127,45.35,3,0.5377,3,0.6155,0,1
healthy-00810,healthy,train,75,288,46.06,1,0.8938,3,0.8252,1,0
healthy-00811,healthy,train,20,393,94.07,1,0.4438,6,0.8854,0,0
healthy-00812,healthy,test,68,56,90.3,4,0.8314,1,0.5738,1,1
healthy-00813,healthy,test,57,137,79.92,0,0.6686,1,0.5958,0,0
healthy-00814,healthy,train,34,130,64.09,0,0.5435,1,0.6181,0,1
healthy-00815,healthy,train,63,149,43.89,3,0.6585,0,0.48,1,1
healthy-00816,healthy,train,66,263,66.62,3,0.6023,2,0.6296,0,1
healthy-00817,healthy,train,20,162,90.47,0,0.6212,4,0.8952,1,0
healthy-00818,healthy,test,24,674,89.63,0,0.5086,0,0.5432,0,1
healthy-00819,healthy,val,56,288,136.05,2,0.4097,2,0.8988,1,1
healthy-00820,healthy,val,75,209,128.06,1,0.483,2,0.635,0,1
healthy-00821,healthy,train,19,103,81.22,1,0.2134,1,1.0,1,1
healthy-00822,healthy,val,56,574,66.33,0,0.7184,0,0.5977,0,0
healthy-00823,healthy,val,25,194,57.52,2,0.303,5,0.6784,1,0
healthy-00824,healthy,train,55,196,40.93,0,0.5065,1,0.5635,0,0
healthy-00825,healthy,train,54,1331,49.08,1,0.6796,3,0.5968,1,0
healthy-00826,healthy,val,23,23,155.24,0,0.7179,0,0.9007,1,1
healthy-00827,healthy,val,57,209,90.52,0,0.1951,4,0.7712,0,0
healthy-00828,healthy,train,70,369,103.52,3,0.5316,3,0.8543,0,0
healthy-00829,healthy,train,68,552,71.88,3,0.6419,2,0.5027,0,1
healthy-00830,healthy,test,19,529,191.98,1,0.5604,0,0.7982,0,0
healthy-00831,healthy,test,32,129,49.29,2,0.8188,1,0.5543,0,1
healthy-00832,healthy,val,31,2,39.18,3,0.3856,4,0.4994,0,1
healthy-00833,healthy,train,44,442,190.55,2,0.1402,1,0.7358,0,1
healthy-00834,healthy,test,26,356,42.96,3,0.7121,1,0.7343,0,0
healthy-00835,healthy,val,67,36,71.47,2,0.4426,0,0.708,0,1
healthy-00836,healthy,train,63,282,59.55,0,0.1983,0,0.8076,0,0
healthy-00837,healthy,train,64,82,93.25,0,0.5183,0,0.831,1,1
healthy-00838,healthy,train,29,48,69.26,1,0.7961,5,0.9205,0,0
healthy-00839,healthy,test,18,341,103.66,1,0.2973,4,0.5214,0,1
healthy-00840,healthy,train,70,448,112.77,1,1.0,3,0.9253,1,0
healthy-00841,healthy,train,34,387,40.76,4,0.3824,3,0.9823,1,0
healthy-00842,healthy,train,56,147,56.72,0,0.5674,0,0.6451,1,0
healthy-00843,healthy,train,70,370,107.26,0,0.3062,1,0.4497,0,1
healthy-00844,healthy,test,20,244,121.89,1,0.5583,1,0.4925,0,0
healthy-00845,healthy,train,18,287,86.49,1,0.5233,2,0.6307,1,1
healthy-00846,healthy,train,18,509,96.04,4,0.2521,2,1.0,0,1
healthy-00847,healthy,train,27,361,139.61,0,1.0,0,0.7026,0,0
healthy-00848,healthy,val,20,398,69.62,2,0.4509,2,0.6074,0,1
healthy-00849,healthy,train,65,656,86.11,2,0.4511,3,0.5972,1,1
healthy-00850,healthy,train,53,184,128.11,1,0.7438,4,0.5016,1,1
healthy-00851,healthy,train,74,296,131.39,4,0.9129,1,0.8312,1,1
healthy-00852,healthy,train,64,414,77.5,0,0.7753,0,0.6862,0,0
healthy-00853,healthy,train,73,711,57.49,2,0.3098,2,1.0,1,0
healthy-00854,healthy,train,31,118,77.15,0,0.5928,2,0.7942,1,0
healthy-00855,healthy,val,34,587,80.2,2,0.1737,2,0.8245,0,1
healthy-00856,healthy,train,67,129,56.61,0,0.7303,3,0.6637,0,1
healthy-00857,healthy,train,32,158,60.16,0,0.223,0,0.5363,1,1
healthy-00858,healthy,train,21,220,131.47,2,0.3894,0,0.569,1,1
healthy-00859,healthy,val,56,46,97.84,2,0.5494,2,0.4946,1,1
healthy-00860,healthy,train,64,863,71.62,1,0.639,3,0.8366,1,0
healthy-00861,healthy,train,74,789,50.58,1,0.4978,1,0.6423,0,0
healthy-00862,healthy,train,71,1228,60.47,2,0.8538,1,0.8429,1,0
healthy-00863,healthy,train,24,360,37.8,3,0.6946,0,0.7204,1,1
healthy-00864,healthy,val,62,454,87.41,1,0.6789,0,0.6561,0,1
healthy-00865,healthy,train,67,141,59.08,0,0.3041,3,0.5246,0,0
healthy-00866,healthy,train,58,11,90.22,0,0.8899,1,0.7452,1,0
healthy-00867,healthy,train,65,531,106.81,0,0.3894,3,0.6672,0,0
healthy-00868,healthy,train,66,87,90.75,3,0.8975,2,0.8353,1,0
healthy-00869,healthy,train,43,115,68.0,2,0.9544,2,0.5927,0,1
healthy-00870,healthy,train,20,1992,55.39,2,0.6525,3,0.7924,0,0
healthy-00871,healthy,train,44,66,47.46,2,0.7564,3,0.9461,0,0
healthy-00872,healthy,test,29,37,126.27,2,0.0,2,0.7409,0,1
healthy-00873,healthy,train,24,31,89.16,4,0.511,4,0.8178,1,1
healthy-00874,healthy,train,25,427,69.6,1,0.7704,2,0.7858,1,0
healthy-00875,healthy,train,58,178,101.13,3,0.7349,2,0.9847,0,0
healthy-00876,healthy,test,47,162,118.05,2,0.3061,1,0.7557,1,1
healthy-00877,healthy,train,49,318,59.59,0,0.4913,3,0.805,0,0
healthy-00878,healthy,test,61,42,88.07,1,0.0427,2,0.6946,0,1
healthy-00879,healthy,train,49,56,88.8,0,0.6326,0,0.5838,1,1
healthy-00880,healthy,val,54,996,137.16,0,0.1733,2,0.5188,0,1
healthy-00881,healthy,train,22,849,69.2,1,0.7761,0,0.89,0,0
healthy-00882,healthy,train,67,331,54.55,2,0.7865,2,0.5487,0,0
healthy-00883,healthy,val,44,980,92.0,0,0.4551,3,0.8119,0,1
healthy-00884,healthy,train,27,31,104.5,0,0.6543,1,0.7624,0,0
healthy-00885,healthy,test,65,323,85.17,1,0.5066,1,0.8377,1,0
healthy-00886,healthy,train,60,457,140.98,2,0.5984,1,0.6228,0,1
healthy-00887,healthy,val,21,741,69.11,1,0.3205,1,0.5814,0,1
healthy-00888,healthy,val,29,344,86.02,2,0.6745,2,0.7568,1,1
healthy-00889,healthy,train,18,336,42.17,3,0.2218,2,0.6561,0,1
healthy-00890,healthy,train,33,137,53.28,1,0.184,1,0.5153,0,1
healthy-00891,healthy,train,23,440,59.75,0,0.5256,1,0.9908,1,0
healthy-00892,healthy,train,59,54,73.84,0,0.5078,2,0.5813,1,0
healthy-00893,healthy,train,48,780,45.13,2,0.6045,3,0.551,0,0
healthy-00894,healthy,train,74,271,100.56,0,0.4201,2,0.6637,0,0
healthy-00895,healthy,train,61,45,57.55,2,0.9271,3,0.8879,1,0
healthy-00896,healthy,train,53,143,177.49,4,0.5821,1,0.375,0,1
healthy-00897,healthy,train,47,249,58.4,0,0.5966,5,0.8755,1,0
healthy-00898,healthy,train,21,1402,82.45,1,0.5894,5,0.5633,0,0
healthy-00899,healthy,val,22,451,78.29,1,0.7506,0,0.7397,0,0
healthy-00900,healthy,val,53,628,51.38,5,0.6652,1,0.5986,1,1
healthy-00901,healthy,test,18,1851,73.95,1,0.6384,1,0.9988,0,0
healthy-00902,healthy,train,20,548,73.58,2,0.6972,6,0.7187,0,0
healthy-00903,healthy,val,30,30,112.82,0,0.1851,2,0.5938,1,1
healthy-00904,healthy,test,69,495,93.39,1,0.1926,2,0.6548,1,1
healthy-00905,healthy,train,44,594,99.97,1,0.5348,0,0.7134,0,0
healthy-00906,healthy,train,59,151,111.83,2,0.5105,2,0.7267,1,1
healthy-00907,healthy,train,41,70,100.62,0,0.666,1,0.7658,0,1
healthy-00908,healthy,test,28,325,87.78,3,0.554,1,0.6998,0,0
healthy-00909,healthy,test,39,2489,59.53,5,0.6664,1,0.4934,1,0
healthy-00910,healthy,train,23,613,85.53,2,0.3009,5,0.649,1,0
healthy-00911,healthy,train,62,819,54.92,6,0.5479,0,0.791,1,1
healthy-00912,healthy,train,28,591,76.24,0,0.2818,1,0.5995,1,1
healthy-00913,healthy,train,39,169,72.24,2,0.6274,2,0.8009,0,0
healthy-00914,healthy,train,74,383,74.11,2,0.1743,2,0.7048,0,0
healthy-00915,healthy,train,52,1172,45.32,2,0.6197,2,0.6673,1,0
healthy-00916,healthy,train,44,143,20.24,3,0.2562,0,0.8791,0,0
healthy-00917,healthy,train,49,22,66.86,1,0.4733,0,0.4393,0,1
healthy-00918,healthy,train,63,2600,122.27,0,0.729,0,0.5987,1,0
healthy-00919,healthy,test,32,199,81.96,1,0.5955,0,0.8849,0,0
healthy-00920,healthy,train,54,1853,118.68,2,0.2209,1,0.9745,1,0
healthy-00921,healthy,train,68,358,55.07,4,0.4155,7,1.0,0,0
healthy-00922,healthy,train,51,330,65.52,0,0.2497,2,0.7076,1,0
healthy-00923,healthy,train,43,422,181.96,0,0.211,0,0.7687,0,1
healthy-00924,healthy,train,26,346,56.46,3,0.5735,1,0.8226,0,0
healthy-00925,healthy,train,32,1314,99.19,0,0.6621,1,0.8913,1,0
healthy-00926,healthy,test,72,216,99.12,2,0.6381,2,0.747,0,1
healthy-00927,healthy,val,49,66,94.78,1,0.6705,1,0.8389,1,0
healthy-00928,healthy,test,35,782,99.69,0,0.5476,2,0.769,1,0
healthy-00929,healthy,val,42,459,56.12,1,0.4953,0,0.7783,1,1
healthy-00930,healthy,val,51,14,68.18,2,0.3354,1,0.5622,0,1
healthy-00931,healthy,test,49,456,22.95,1,0.462,3,0.6506,0,0
healthy-00932,healthy,train,58,666,139.04,0,0.2857,3,0.6216,0,0
healthy-00933,healthy,val,32,152,99.45,3,0.381,1,0.5217,0,1
healthy-00934,healthy,train,55,211,59.78,3,0.5678,0,0.4523,0,1
healthy-00935,healthy,train,43,51,55.32,1,0.5264,2,0.6365,0,1
healthy-00936,healthy,train,72,136,123.13,2,1.0,6,0.6604,0,0
healthy-00937,healthy,train,27,452,58.04,3,0.2808,0,0.7158,0,1
healthy-00938,healthy,train,26,12,59.7,2,0.525,1,0.7834,0,1
healthy-00939,healthy,test,44,599,50.46,1,0.2653,2,0.7282,0,1
healthy-00940,healthy,train,47,1163,106.92,6,0.4724,1,0.6615,1,1
healthy-00941,healthy,test,58,46,117.98,0,0.4806,2,0.5627,0,1
healthy-00942,healthy,train,41,233,72.42,3,0.719,1,0.8316,0,1
healthy-00943,healthy,train,70,94,118.29,1,0.4601,1,0.6847,0,1
healthy-00944,healthy,train,45,265,91.57,1,0.5117,2,0.6349,1,1
healthy-00945,healthy,test,25,634,49.17,1,0.4639,2,0.672,1,0
healthy-00946,healthy,train,24,427,134.92,1,0.2698,2,0.5901,0,1
healthy-00947,healthy,test,74,209,50.23,1,0.4196,1,0.6204,0,0
healthy-00948,healthy,train,25,85,74.56,1,0.4736,4,0.6156,0,0
healthy-00949,healthy,train,72,1615,72.5,2,0.5648,3,0.6569,0,0
healthy-00950,healthy,train,34,122,67.31,1,0.6618,4,0.7984,0,0
healthy-00951,healthy,train,23,145,32.44,0,0.5031,3,0.7611,0,0
healthy-00952,healthy,train,35,2,166.09,1,0.4996,1,0.932,1,1
healthy-00953,healthy,train,53,1780,34.45,3,0.2058,1,0.8818,1,0
healthy-00954,healthy,train,42,608,138.35,1,0.6579,2,0.9935,0,0
healthy-00955,healthy,val,63,796,54.53,0,0.4108,2,0.7839,1,0
healthy-00956,healthy,test,53,775,62.1,3,0.6994,1,0.7815,0,0
healthy-00957,healthy,train,41,213,132.81,0,0.8133,2,0.6269,0,0
healthy-00958,healthy,train,54,236,95.52,1,0.5124,1,0.8239,1,0
healthy-00959,healthy,val,74,671,42.8,2,0.3453,1,0.6016,0,0
healthy-00960,healthy,val,41,514,42.41,0,0.5467,3,0.4794,1,1
healthy-00961,healthy,train,26,33,89.91,1,0.6197,2,0.9289,0,0
healthy-00962,healthy,test,41,276,49.86,0,0.4869,1,0.5126,1,1
healthy-00963,healthy,train,66,1307,97.33,2,0.4372,2,0.7658,0,0
healthy-00964,healthy,train,30,370,101.33,1,0.6627,2,0.568,0,0
healthy-00965,healthy,train,73,404,56.97,2,0.6495,0,0.869,1,1
healthy-00966,healthy,train,52,122,63.5,0,0.4807,0,0.8894,1,0
healthy-00967,healthy,train,52,1611,91.09,2,0.2192,2,0.7794,1,0
healthy-00968,healthy,train,36,978,55.92,4,0.6413,4,0.887,1,0
healthy-00969,healthy,train,71,286,82.0,1,0.3965,1,0.7011,1,1
healthy-00970,healthy,train,20,176,186.59,2,0.5929,2,1.0,1,1
healthy-00971,healthy,train,35,129,92.84,4,0.5802,1,0.8119,0,1
healthy-00972,healthy,train,42,210,67.7,0,0.1722,3,0.5649,1,1
healthy-00973,healthy,train,45,66,173.13,1,0.5662,2,0.7104,1,1
healthy-00974,healthy,train,45,112,110.0,2,0.6529,1,0.6771,1,1
healthy-00975,healthy,train,26,19,50.37,1,0.6774,0,0.6624,0,1
healthy-00976,healthy,train,31,788,54.42,0,0.5735,3,0.4514,0,0
healthy-00977,healthy,train,23,35,36.28,3,0.1546,1,0.758,0,1
healthy-00978,healthy,val,51,21,90.42,0,0.8054,1,0.4921,0,1
healthy-00979,healthy,train,38,780,29.79,0,0.6322,3,0.3212,0,0
healthy-00980,healthy,test,50,311,173.04,0,0.3093,3,0.6484,1,1
healthy-00981,healthy,val,52,517,71.06,3,0.3924,2,0.5866,1,1
healthy-00982,healthy,train,58,695,112.75,1,0.5962,3,0.5708,0,0
healthy-00983,healthy,test,49,274,68.43,2,0.686,1,0.2345,1,1
healthy-00984,healthy,val,55,539,89.78,1,0.4524,1,0.5724,0,1
healthy-00985,healthy,train,52,294,74.98,3,0.7151,1,0.674,0,1
healthy-00986,healthy,val,55,1517,81.05,1,0.1914,3,0.6049,0,0
healthy-00987,healthy,train,53,676,126.86,2,0.3415,2,0.7581,0,0
healthy-00988,healthy,train,36,144,151.52,2,0.1371,3,0.9089,0,1
healthy-00989,healthy,train,32,287,146.65,1,0.3705,1,0.7775,0,0
healthy-00990,healthy,test,63,88,200.0,1,0.8516,2,0.854,0,0
healthy-00991,healthy,train,37,508,58.51,0,0.9616,0,0.8664,0,0
healthy-00992,healthy,train,49,111,93.32,2,0.5969,3,0.5472,0,1
healthy-00993,healthy,train,29,290,59.08,0,0.4223,1,0.7659,0,0
healthy-00994,healthy,train,43,300,124.72,2,0.5057,1,0.8493,1,1
healthy-00995,healthy,train,48,327,51.42,1,0.6447,2,0.6346,1,0
healthy-00996,healthy,val,54,114,127.76,0,0.2374,4,0.5814,0,1
healthy-00997,healthy,train,48,298,86.34,2,0.4355,0,0.7796,1,1
healthy-00998,healthy,train,38,750,76.74,1,0.837,4,0.4778,1,0
healthy-00999,healthy,train,73,118,80.38,3,0.3409,1,0.5368,1,1
healthy-01000,healthy,train,47,171,47.53,2,0.4002,2,0.6,0,1
healthy-01001,healthy,train,64,482,49.27,2,0.5526,4,0.7676,0,0
healthy-01002,healthy,train,60,91,86.97,1,0.6066,3,0.7328,0,0
healthy-01003,healthy,train,50,1213,86.73,1,0.425,2,0.8549,0,0
healthy-01004,healthy,train,69,580,60.21,2,0.5654,4,0.5617,1,1
healthy-01005,healthy,train,25,582,70.74,2,0.6716,1,0.5537,0,1
healthy-01006,healthy,train,71,502,96.52,1,0.9423,2,0.7786,0,0
healthy-01007,healthy,val,67,148,55.8,2,0.5248,2,0.5802,0,1
healthy-01008,healthy,val,47,243,34.38,1,0.5417,3,0.6095,0,0
healthy-01009,healthy,val,60,286,141.1,1,0.8555,0,0.4215,0,0
healthy-01010,healthy,train,48,308,89.46,1,0.4402,1,0.7436,1,1
healthy-01011,healthy,train,33,554,64.77,1,0.2851,1,0.9312,1,0
healthy-01012,healthy,val,64,150,59.0,3,0.6,0,0.5456,0,1
healthy-01013,healthy,train,32,242,55.56,1,0.7652,2,0.8533,0,0
healthy-01014,healthy,train,36,1398,124.52,1,0.6222,5,0.6911,0,0
healthy-01015,healthy,train,48,1147,44.06,1,0.5306,0,0.4352,1,1
healthy-01016,healthy,train,66,143,93.22,2,0.2603,1,0.5658,0,1
healthy-01017,healthy,train,40,441,93.19,0,0.5383,5,0.5565,0,0
healthy-01018,healthy,val,46,99,107.71,2,0.7966,2,0.6525,0,1
healthy-01019,healthy,train,20,164,67.38,0,0.3032,2,0.7629,0,0
healthy-01020,healthy,train,24,156,136.14,0,0.5011,2,0.9773,0,0
healthy-01021,healthy,train,21,428,109.0,2,0.4725,2,0.4853,0,1
healthy-01022,healthy,val,22,1060,66.43,0,0.4105,2,0.6273,0,0
healthy-01023,healthy,train,68,254,57.83,1,0.5996,0,0.5656,0,1
healthy-01024,healthy,train,66,1211,75.07,1,0.6387,2,0.5098,0,0
healthy-01025,healthy,train,65,891,65.5,4,0.6366,2,0.7143,0,1
healthy-01026,healthy,train,21,301,53.84,0,0.3546,1,0.7002,1,0
healthy-01027,healthy,train,22,455,81.85,2,0.2208,2,0.4279,1,1
healthy-01028,healthy,val,34,383,70.94,1,0.6025,1,0.7027,0,1
healthy-01029,healthy,val,50,717,149.4,0,0.4488,1,0.5192,1,1
healthy-01030,healthy,train,37,360,65.46,4,0.9177,3,0.7018,0,0
healthy-01031,healthy,train,46,286,57.61,0,0.9269,3,0.8904,1,0
healthy-01032,healthy,train,28,366,79.68,2,0.9481,3,0.7695,1,0
healthy-01033,healthy,test,60,347,88.3,0,0.362,4,0.7266,0,0
healthy-01034,healthy,train,36,118,91.08,2,0.6639,1,0.6207,1,1
healthy-01035,healthy,test,21,9,90.71,4,0.7242,3,0.71,0,1
healthy-01036,healthy,train,61,202,80.79,3,0.7017,0,0.7845,0,1
healthy-01037,healthy,train,70,178,78.38,1,0.4791,1,0.7696,0,0
healthy-01038,healthy,train,18,2388,101.57,5,0.8058,0,0.6851,0,0
healthy-01039,healthy,train,43,334,51.76,3,0.5501,2,0.7326,1,1
healthy-01040,healthy,train,65,354,57.79,3,0.5756,2,0.5025,0,1
healthy-01041,healthy,train,58,435,39.2,0,0.2424,1,0.5898,1,1
healthy-01042,healthy,test,67,473,52.12,1,0.679,1,0.8061,0,0
healthy-01043,healthy,train,42,70,119.51,1,0.4979,1,0.8263,0,1
healthy-01044,healthy,train,39,260,99.82,1,0.643,1,0.714,1,0
healthy-01045,healthy,train,59,33,157.65,0,0.597,1,0.9218,0,1
healthy-01046,healthy,train,26,1,141.96,1,0.5862,0,0.7762,0,0
healthy-01047,healthy,train,31,290,100.17,0,0.5409,2,0.665,0,0
healthy-01048,healthy,val,52,1594,84.49,1,0.7073,1,0.517,1,0
healthy-01049,healthy,train,56,256,80.31,1,0.5102,1,0.9158,0,0
healthy-01050,healthy,train,24,29,28.94,2,0.259,2,0.8155,1,0
healthy-01051,healthy,train,47,138,76.66,1,0.6638,1,0.9697,0,0
healthy-01052,healthy,train,39,81,62.09,2,0.3882,3,1.0,0,0
healthy-01053,healthy,train,47,517,53.12,4,0.2851,2,0.507,0,1
healthy-01054,healthy,train,73,153,93.69,2,0.3456,0,0.5073,0,1
healthy-01055,healthy,train,22,415,72.86,1,0.6067,1,0.2705,0,1
healthy-01056,healthy,train,75,221,82.33,1,0.5307,5,0.8378,0,0
healthy-01057,healthy,train,44,412,49.79,1,0.1235,0,0.7985,0,0
healthy-01058,healthy,test,62,383,110.91,1,0.4733,3,0.7147,0,0
healthy-01059,healthy,test,42,879,65.32,3,0.7838,4,0.5161,1,1
healthy-01060,healthy,test,36,147,91.67,0,0.4597,4,0.6866,0,0
healthy-01061,healthy,val,62,170,67.64,1,0.5169,4,0.7277,1,0
healthy-01062,healthy,train,57,259,26.5,1,0.7586,1,0.8174,0,0
healthy-01063,healthy,train,26,296,95.23,6,0.7091,3,0.7409,0,0
healthy-01064,healthy,val,58,92,74.85,4,0.7544,3,0.7996,1,1
healthy-01065,healthy,train,61,321,37.98,6,0.0,1,0.6814,0,1
healthy-01066,healthy,train,40,533,47.17,1,0.8967,2,0.8772,1,0
healthy-01067,healthy,train,71,120,112.24,1,0.6773,2,0.7948,1,1
healthy-01068,healthy,train,55,859,38.82,1,1.0,2,0.522,0,0
healthy-01069,healthy,val,37,713,64.61,3,0.3935,2,0.9084,0,0
healthy-01070,healthy,train,18,660,163.4,0,0.1973,3,0.8838,0,0
healthy-01071,healthy,train,57,557,96.23,4,0.5514,2,0.7698,0,1
healthy-01072,healthy,train,30,426,105.92,4,0.4949,4,0.7421,1,1
healthy-01073,healthy,train,61,265,70.26,0,0.6807,3,0.9488,1,0
healthy-01074,healthy,train,48,440,36.49,1,0.765,1,0.455,1,0
healthy-01075,healthy,train,45,768,85.57,2,0.5325,2,0.8862,0,0
healthy-01076,healthy,train,27,227,48.62,0,0.5019,2,0.6286,1,1
healthy-01077,healthy,train,59,73,46.57,2,0.6545,0,0.8643,0,0
healthy-01078,healthy,train,27,1259,81.55,1,0.4987,1,0.7181,0,0
healthy-01079,healthy,val,42,1039,50.11,3,0.482,3,0.5136,0,0
healthy-01080,healthy,val,66,179,77.73,1,0.7574,2,0.6255,0,0
healthy-01081,healthy,train,71,200,58.61,1,0.802,0,0.8533,1,1
healthy-01082,healthy,train,75,628,76.62,0,0.7668,3,0.6685,0,0
healthy-01083,healthy,train,73,234,62.86,2,0.5164,5,0.6068,1,0
healthy-01084,healthy,train,50,241,77.5,0,0.122,5,0.6058,0,0
healthy-01085,healthy,test,29,315,137.09,1,0.5204,1,0.7963,1,1
healthy-01086,healthy,test,66,108,106.9,2,0.3984,3,0.9626,1,0
healthy-01087,healthy,train,64,332,73.97,1,0.5241,0,0.3789,1,1
healthy-01088,healthy,test,75,97,128.07,4,0.4158,1,1.0,1,0
healthy-01089,healthy,train,55,178,92.21,5,0.5459,5,0.7306,0,1
healthy-01090,healthy,train,26,137,124.45,1,0.3421,2,0.787,1,1
healthy-01091,healthy,train,47,32,40.76,2,0.2939,4,0.6346,0,1
healthy-01092,healthy,train,43,839,50.36,3,0.7945,3,0.6995,0,0
healthy-01093,healthy,train,66,160,85.16,0,0.3561,2,0.7289,1,1
healthy-01094,healthy,train,40,147,73.21,1,0.5501,1,0.5426,1,1
healthy-01095,healthy,train,37,2600,77.57,2,0.7409,3,0.5791,1,0
healthy-01096,healthy,test,22,361,98.29,1,0.7329,4,0.8777,0,0
healthy-01097,healthy,test,66,21,85.51,2,0.709,1,0.4671,1,1
healthy-01098,healthy,val,61,227,111.08,3,0.6106,2,0.7662,0,0
healthy-01099,healthy,train,20,168,109.84,1,0.6948,3,0.6444,1,1
healthy-01100,healthy,train,43,263,51.39,1,0.8246,2,0.5559,1,0
healthy-01101,healthy,train,45,84,26.95,2,0.635,1,0.9958,1,0
healthy-01102,healthy,train,45,76,49.96,1,0.1826,3,0.5568,0,1
healthy-01103,healthy,train,71,38,48.56,1,0.4443,2,0.5305,0,1
healthy-01104,healthy,val,26,517,79.98,2,0.6893,4,0.672,0,0
healthy-01105,healthy,train,35,11,79.56,1,0.4246,4,0.5847,1,1
healthy-01106,healthy,train,28,619,71.39,2,0.874,2,0.701,1,0
healthy-01107,healthy,train,32,70,93.65,0,0.5374,2,0.7233,0,0
healthy-01108,healthy,train,70,580,193.35,0,0.567,3,0.7352,0,0
healthy-01109,healthy,train,72,515,70.74,3,0.7749,3,0.6814,0,0
healthy-01110,healthy,train,20,443,86.61,1,0.5134,2,0.5947,0,0
healthy-01111,healthy,train,54,15,77.57,2,0.5853,1,0.7965,0,1
healthy-01112,healthy,train,31,175,60.5,2,0.7298,2,0.6832,1,1
healthy-01113,healthy,train,29,427,98.67,0,0.2555,3,0.6257,0,1
healthy-01114,healthy,train,34,8,69.29,2,0.4929,4,0.922,1,0
healthy-01115,healthy,val,29,151,55.1,2,0.7158,1,0.6818,0,1
healthy-01116,healthy,train,46,206,56.87,2,0.5631,4,0.8638,1,0
healthy-01117,healthy,test,75,840,112.71,2,0.8435,3,0.884,0,0
healthy-01118,healthy,train,52,107,97.67,2,0.2348,4,0.8932,0,0
healthy-01119,healthy,test,59,88,63.33,4,0.212,2,0.8037,0,1
healthy-01120,healthy,val,46,1367,93.03,2,0.7039,2,0.6999,0,0
healthy-01121,healthy,train,18,182,77.94,2,0.7232,8,0.6904,0,0
healthy-01122,healthy,test,22,183,87.23,1,0.5113,2,0.6634,0,1
healthy-01123,healthy,train,33,576,59.83,1,0.6301,3,0.375,0,1
healthy-01124,healthy,test,32,491,49.22,1,0.699,4,0.8078,0,0
healthy-01125,healthy,train,66,232,69.13,0,0.3872,3,0.7367,1,0
healthy-01126,healthy,val,66,385,52.87,1,0.4086,1,0.8238,0,0
healthy-01127,healthy,train,67,162,51.2,2,0.5879,5,0.6824,1,0
healthy-01128,healthy,train,54,477,41.81,4,0.7308,4,0.7997,0,0
healthy-01129,healthy,train,50,60,27.05,1,0.3168,0,0.4934,1,1
healthy-01130,healthy,val,55,60,63.8,1,0.5104,3,0.5246,0,1
healthy-01131,healthy,test,41,176,121.29,1,0.5012,0,0.3286,0,1
healthy-01132,healthy,train,56,7,108.97,2,0.6336,2,0.6798,0,1
healthy-01133,healthy,test,64,104,145.57,1,0.5483,1,0.5841,0,1
healthy-01134,healthy,train,62,297,50.26,3,0.4408,1,0.5645,1,1
healthy-01135,healthy,train,53,170,101.27,1,0.7997,3,0.7502,0,0
healthy-01136,healthy,train,21,59,73.82,3,0.4421,1,0.6362,0,1
healthy-01137,healthy,train,60,2495,56.91,1,0.4916,8,0.485,0,0
healthy-01138,healthy,train,39,784,115.59,2,0.2317,2,1.0,0,0
healthy-01139,healthy,val,61,120,74.13,2,0.4073,1,0.6944,1,1
healthy-01140,healthy,train,49,735,34.35,2,0.6532,3,0.5375,0,1
healthy-01141,healthy,train,69,1029,108.49,2,0.6141,2,0.5995,1,1
healthy-01142,healthy,train,37,556,90.42,4,0.6699,4,0.674,0,0
healthy-01143,healthy,val,72,22,81.86,1,0.6602,2,0.6737,0,1
healthy-01144,healthy,train,66,334,45.98,0,0.9675,3,0.8953,1,0
healthy-01145,healthy,val,37,294,85.79,2,0.4004,3,0.6881,0,1
healthy-01146,healthy,train,45,306,137.24,1,0.2261,5,0.9783,0,0
healthy-01147,healthy,test,48,47,89.4,1,0.3399,1,0.6351,0,1
healthy-01148,healthy,val,62,502,39.13,4,0.4093,4,0.764,1,1
healthy-01149,healthy,train,57,854,92.18,1,0.3551,0,0.8533,0,0
healthy-01150,healthy,train,67,34,89.78,0,0.5687,2,0.8793,0,0
healthy-01151,healthy,test,39,126,104.64,2,0.8005,0,0.8968,0,1
healthy-01152,healthy,test,47,4,88.76,2,0.8579,1,0.6592,0,1
healthy-01153,healthy,train,42,695,51.28,2,0.6509,2,0.6992,1,0
healthy-01154,healthy,train,70,1924,80.04,0,0.9783,6,0.3281,0,0
healthy-01155,healthy,test,35,8,69.63,1,0.4787,2,0.6706,1,1
healthy-01156,healthy,test,52,914,83.98,2,0.2235,1,0.8637,1,0
healthy-01157,healthy,train,24,235,117.33,0,0.7606,2,0.8345,0,0
healthy-01158,healthy,train,67,1157,58.53,3,0.1823,1,0.687,0,0
healthy-01159,healthy,train,40,1503,154.72,3,0.399,1,0.9549,0,0
healthy-01160,healthy,train,37,648,91.94,0,0.654,2,0.6424,1,0
healthy-01161,healthy,test,51,53,108.74,4,0.5295,0,0.5926,1,1
healthy-01162,healthy,test,46,319,102.8,0,0.5118,1,0.6298,0,1
healthy-01163,healthy,train,67,75,90.43,0,0.3138,4,0.5316,1,1
healthy-01164,healthy,train,48,1892,97.24,1,0.5478,2,0.7934,0,0
healthy-01165,healthy,test,47,256,15.0,1,0.7507,2,0.7433,0,0
healthy-01166,healthy,train,24,101,102.72,3,0.554,4,0.7915,1,1
healthy-01167,healthy,train,19,142,53.0,1,0.384,2,0.6378,0,1
healthy-01168,healthy,train,41,1349,75.96,2,0.3005,4,0.6913,0,0
healthy-01169,healthy,train,75,46,90.17,0,0.3881,1,0.3732,0,1
healthy-01170,healthy,train,71,525,119.48,5,0.6285,1,0.7564,1,1
healthy-01171,healthy,test,54,884,53.01,2,0.6187,2,0.7148,0,0
healthy-01172,healthy,train,54,207,64.47,0,0.3899,1,0.5349,0,1
healthy-01173,healthy,train,40,437,68.14,2,0.1078,3,0.6843,0,1
healthy-01174,healthy,train,28,325,84.39,1,0.634,3,0.6613,1,0
healthy-01175,healthy,train,18,244,69.9,2,0.3705,5,0.9646,1,0
healthy-01176,healthy,val,37,205,97.42,2,0.6878,3,0.5408,0,1
healthy-01177,healthy,train,36,28,34.97,1,0.3988,1,0.7497,0,0
healthy-01178,healthy,train,29,136,73.49,0,0.3524,4,0.5364,0,1
healthy-01179,healthy,train,33,77,142.81,2,0.5806,3,0.6163,0,1
healthy-01180,healthy,train,19,242,69.97,1,1.0,1,0.7415,1,1
healthy-01181,healthy,train,53,561,92.08,2,0.6998,6,0.6683,0,0
healthy-01182,healthy,train,71,109,111.95,2,0.5772,3,0.6991,1,1
healthy-01183,healthy,train,58,132,90.86,1,0.6218,3,0.7499,1,1
healthy-01184,healthy,train,43,157,160.49,2,0.1998,3,0.6259,1,1
healthy-01185,healthy,val,42,626,80.81,0,0.3255,1,0.8326,0,0
healthy-01186,healthy,train,35,797,99.4,2,0.0478,3,0.6542,1,1
healthy-01187,healthy,train,26,59,85.82,2,0.896,0,0.6854,0,1
healthy-01188,healthy,train,52,935,130.89,3,0.8555,3,0.7542,0,0
healthy-01189,healthy,train,50,614,65.79,1,0.6286,2,0.7341,1,0
healthy-01190,healthy,train,18,38,165.9,3,0.577,3,0.7966,0,1
healthy-01191,healthy,val,42,442,59.14,1,0.2397,5,0.7475,1,1
healthy-01192,healthy,train,34,358,148.46,1,0.5061,3,0.7704,1,0
healthy-01193,healthy,train,27,297,50.39,2,0.9085,4,0.6512,0,0
healthy-01194,healthy,val,58,32,100.7,3,0.5763,2,0.5397,0,1
healthy-01195,healthy,test,48,417,77.94,0,0.4371,2,0.4859,0,1
healthy-01196,healthy,test,54,311,111.0,1,0.1984,0,0.4494,0,1
healthy-01197,healthy,train,59,125,93.0,1,0.8261,1,0.9644,1,0
healthy-01198,healthy,train,74,237,108.56,2,0.536,4,0.3681,1,1
healthy-01199,healthy,train,64,587,49.64,2,0.1987,2,0.8791,0,0
healthy-01200,healthy,train,53,18,37.77,2,0.3651,3,0.5769,0,1
healthy-01201,healthy,train,68,218,46.2,3,0.2945,2,0.878,1,0
healthy-01202,healthy,val,45,735,45.7,0,0.5237,3,0.3696,1,1
healthy-01203,healthy,train,75,224,49.38,0,0.5915,1,0.6647,0,0
healthy-01204,healthy,val,62,783,60.82,3,0.4494,3,0.9181,0,0
healthy-01205,healthy,train,55,71,60.59,3,0.7054,0,0.807,1,1
healthy-01206,healthy,train,70,590,78.7,1,0.5658,0,0.6494,0,0
healthy-01207,healthy,val,47,1110,54.62,0,0.7625,2,0.4086,0,0
healthy-01208,healthy,train,59,61,56.47,2,0.4786,3,0.5016,0,1
healthy-01209,healthy,train,34,705,71.72,2,1.0,2,0.9084,0,0
healthy-01210,healthy,train,73,121,117.19,2,0.4371,1,0.6478,0,1
healthy-01211,healthy,train,54,48,65.32,2,0.3693,2,0.6892,1,1
healthy-01212,healthy,train,63,41,76.57,2,0.3447,3,0.7425,0,0
healthy-01213,healthy,train,44,207,81.71,3,0.5078,1,0.5046,1,1
healthy-01214,healthy,train,68,5,51.82,2,0.2061,0,0.7611,0,0
healthy-01215,healthy,train,22,112,67.97,1,0.6089,5,0.6371,0,0
healthy-01216,healthy,train,24,208,58.36,2,0.1689,6,0.7441,0,0
healthy-01217,healthy,train,47,234,112.66,2,0.5823,1,0.6133,0,1
healthy-01218,healthy,test,60,92,108.9,1,0.2797,2,0.464,0,1
healthy-01219,healthy,train,64,153,55.89,1,0.4737,3,0.6359,0,0
healthy-01220,healthy,train,43,80,75.97,3,0.6709,1,0.7961,1,1
healthy-01221,healthy,train,55,111,99.43,2,1.0,1,0.7591,0,0
healthy-01222,healthy,val,50,479,88.87,4,0.3344,4,0.7046,0,1
healthy-01223,healthy,train,73,213,92.76,4,0.5199,1,0.8347,0,0
healthy-01224,healthy,train,55,546,51.96,1,0.4052,1,0.6695,0,0
healthy-01225,healthy,train,42,110,146.2,0,0.376,4,0.7084,1,0
healthy-01226,healthy,train,74,10,60.32,4,0.407,2,0.628,0,1
healthy-01227,healthy,test,24,308,59.61,2,0.7148,3,0.8435,1,0
healthy-01228,healthy,train,75,503,43.79,2,0.4524,2,0.7437,1,0
healthy-01229,healthy,train,26,39,73.01,1,0.9999,1,0.6165,0,1
healthy-01230,healthy,train,34,452,122.25,2,0.6332,4,0.4766,0,1
healthy-01231,healthy,train,65,49,88.51,0,0.348,3,0.8657,0,0
healthy-01232,healthy,train,60,143,75.37,4,0.4767,2,0.5884,0,1
healthy-01233,healthy,val,74,326,105.68,2,0.3896,2,0.7108,0,0
healthy-01234,healthy,test,61,40,121.01,2,0.71,1,1.0,1,1
healthy-01235,healthy,val,54,390,108.8,2,0.2222,0,0.8202,0,1
healthy-01236,healthy,train,38,304,32.96,2,0.2818,0,0.9417,0,0
healthy-01237,healthy,val,18,428,106.04,2,0.4317,0,0.6193,0,1
healthy-01238,healthy,train,25,32,94.25,0,0.6866,2,0.8606,0,0
healthy-01239,healthy,train,35,116,55.37,1,0.7966,2,0.704,0,0
healthy-01240,healthy,val,20,658,94.41,0,0.8261,2,0.7549,1,0
healthy-01241,healthy,train,47,9,122.35,5,0.656,1,1.0,0,1
healthy-01242,healthy,train,63,696,61.43,3,0.5334,3,0.6582,1,1
healthy-01243,healthy,train,73,521,111.94,1,0.7089,2,0.7029,0,0
healthy-01244,healthy,train,46,38,89.3,1,0.3211,2,0.5645,1,1
healthy-01245,healthy,train,68,66,18.5,2,0.1811,1,0.8333,0,0
healthy-01246,healthy,train,75,601,77.65,0,0.6373,1,0.6159,1,0
healthy-01247,healthy,test,67,264,87.86,1,0.3489,2,0.8534,0,0
healthy-01248,healthy,train,44,219,69.09,2,0.5369,6,0.4525,0,1
healthy-01249,healthy,val,36,124,90.66,1,0.5739,2,0.7823,1,1
healthy-01250,healthy,val,74,228,74.25,0,0.5996,1,0.6034,1,1
healthy-01251,healthy,train,32,177,179.95,5,0.7376,3,0.8096,1,1
healthy-01252,healthy,train,41,211,67.08,2,0.7164,3,0.698,0,0
healthy-01253,healthy,train,22,710,56.04,3,0.589,0,0.6197,0,1
healthy-01254,healthy,train,64,13,109.64,1,0.4616,3,0.642,1,1
healthy-01255,healthy,val,55,874,70.65,2,0.5716,0,0.5724,0,0
healthy-01256,healthy,train,22,135,75.89,0,0.4308,2,0.8257,1,0
healthy-01257,healthy,train,30,132,73.23,1,0.5107,3,0.5427,0,1
healthy-01258,healthy,train,50,452,107.18,2,1.0,0,0.6599,0,0
healthy-01259,healthy,train,49,785,49.22,1,0.5864,2,0.7518,0,0
healthy-01260,healthy,val,64,326,111.85,3,0.64,5,0.942,1,0
healthy-01261,healthy,train,33,110,97.39,2,0.4089,3,0.6986,0,0
healthy-01262,healthy,train,71,43,154.93,2,0.754,0,0.6636,0,1
healthy-01263,healthy,val,43,216,85.07,1,0.7021,0,0.741,1,0
healthy-01264,healthy,train,65,30,50.78,2,0.7035,1,0.389,0,1
healthy-01265,healthy,train,31,761,85.46,1,0.593,4,0.5202,0,0
healthy-01266,healthy,val,20,138,89.8,4,0.7568,4,0.6437,0,1
healthy-01267,healthy,test,21,517,126.68,1,0.8043,1,0.5931,0,1
healthy-01268,healthy,train,39,654,50.72,0,0.6066,0,0.4599,0,1
healthy-01269,healthy,train,73,343,39.15,2,0.5271,2,0.8287,0,0
healthy-01270,healthy,test,20,529,86.19,0,0.7289,3,0.739,1,0
healthy-01271,healthy,val,39,333,157.74,1,0.3692,1,0.721,0,1
healthy-01272,healthy,train,24,170,103.18,1,0.4064,3,0.5959,0,0
healthy-01273,healthy,val,72,503,105.63,0,0.5393,1,0.7119,0,1
healthy-01274,healthy,train,57,467,43.28,2,0.2017,1,0.7772,0,0
healthy-01275,healthy,train,62,61,80.39,2,0.7155,3,0.6603,0,0
healthy-01276,healthy,train,59,567,127.67,3,0.3574,3,0.7667,1,1
healthy-01277,healthy,train,56,179,90.23,3,0.4557,2,0.5806,1,1
healthy-01278,healthy,val,62,1072,37.94,2,0.5073,1,0.7146,0,0
healthy-01279,healthy,train,18,739,79.73,2,0.5579,3,0.8714,0,0
healthy-01280,healthy,val,68,288,100.25,1,0.4813,2,0.8848,1,0
healthy-01281,healthy,val,60,374,15.0,1,0.5365,1,0.8991,0,0
healthy-01282,healthy,train,60,56,76.17,4,0.5381,1,0.7428,0,1
healthy-01283,healthy,train,40,269,53.45,4,0.4606,2,0.7047,0,1
healthy-01284,healthy,train,64,233,111.01,0,0.3954,1,0.6327,0,0
healthy-01285,healthy,val,40,184,65.96,1,0.7663,3,0.4289,0,0
healthy-01286,healthy,train,20,245,93.75,0,0.1291,0,0.4983,0,1
healthy-01287,healthy,train,70,1658,78.86,1,0.5089,4,0.6748,1,0
healthy-01288,healthy,val,31,60,64.91,1,0.4562,2,0.6838,0,0
healthy-01289,healthy,test,23,36,165.14,2,0.6338,2,0.9118,0,0
healthy-01290,healthy,val,54,240,61.86,1,0.2591,4,0.8972,0,0
healthy-01291,healthy,test,31,160,81.59,2,0.45,3,0.597,0,1
healthy-01292,healthy,test,67,414,78.75,2,0.5295,1,0.8227,0,0
healthy-01293,healthy,train,43,112,85.3,3,0.764,5,0.6284,1,0
healthy-01294,healthy,train,18,775,159.98,1,0.6164,0,0.8024,1,1
healthy-01295,healthy,val,73,656,100.3,0,0.3133,6,0.8209,1,0
healthy-01296,healthy,train,47,83,64.65,2,0.4525,2,0.8863,0,0
healthy-01297,healthy,train,33,53,139.09,1,0.7272,0,0.6261,0,1
healthy-01298,healthy,train,57,452,107.37,1,0.3098,2,0.8521,1,0
healthy-01299,healthy,test,48,13,65.18,0,0.5343,3,0.4191,1,1
healthy-01300,healthy,test,19,122,130.27,0,0.5482,3,0.8944,0,0
healthy-01301,healthy,test,62,803,43.07,2,0.4728,1,0.6962,1,0
healthy-01302,healthy,train,41,54,48.33,0,1.0,3,0.6994,1,0
healthy-01303,healthy,train,58,344,36.78,3,0.4675,6,0.3944,1,1
healthy-01304,healthy,test,69,249,29.35,3,0.64,1,0.6417,0,0
healthy-01305,healthy,train,53,1330,126.44,2,0.3967,2,0.9033,0,0
healthy-01306,healthy,train,56,182,85.75,2,0.6555,0,0.636,0,1
healthy-01307,healthy,train,32,678,38.36,3,0.7242,0,0.807,1,0
healthy-01308,healthy,test,31,943,77.9,1,0.4324,1,0.7052,1,0
healthy-01309,healthy,val,42,65,113.37,1,0.5391,4,0.8594,0,0
healthy-01310,healthy,val,67,259,57.2,1,0.3709,1,0.7287,0,0
healthy-01311,healthy,train,48,297,69.1,0,0.3211,4,0.5602,1,0
healthy-01312,healthy,train,38,256,168.43,2,0.7574,3,0.7085,0,0
healthy-01313,healthy,train,63,698,71.77,1,0.4392,3,0.9402,0,0
healthy-01314,healthy,train,67,20,39.82,2,0.0673,1,0.7746,0,1
healthy-01315,healthy,train,70,107,62.98,2,0.9031,1,0.6825,0,0
healthy-01316,healthy,train,35,84,37.15,2,0.3896,1,1.0,1,1
healthy-01317,healthy,test,59,35,103.67,1,0.5007,0,0.8739,1,1
healthy-01318,healthy,test,52,103,53.72,0,0.8782,2,0.8225,0,0
healthy-01319,healthy,train,44,152,52.97,2,0.5217,3,0.7476,0,0
healthy-01320,healthy,test,41,156,174.92,1,0.5173,2,0.8095,0,1
healthy-01321,healthy,train,24,12,45.97,2,0.3044,5,0.8144,1,0
healthy-01322,healthy,train,33,291,42.27,2,0.223,1,0.3726,1,1
healthy-01323,healthy,train,49,69,49.45,2,0.5167,2,0.7592,0,0
healthy-01324,healthy,train,69,211,114.84,2,0.6226,6,0.6759,0,0
healthy-01325,healthy,val,68,261,98.07,0,0.6111,3,0.625,1,0
healthy-01326,healthy,train,28,361,62.63,4,0.4537,1,0.6707,0,1
healthy-01327,healthy,train,57,190,60.18,0,0.5541,2,0.4666,0,1
healthy-01328,healthy,train,22,34,94.97,3,0.1826,2,0.4293,0,1
healthy-01329,healthy,train,57,4,87.11,0,0.642,1,0.887,0,0
healthy-01330,healthy,test,37,199,73.74,1,0.5823,4,0.7693,1,0
healthy-01331,healthy,train,44,634,99.47,0,0.9447,4,0.338,0,0
healthy-01332,healthy,train,59,1399,47.98,2,0.5515,0,0.6135,0,0
healthy-01333,healthy,val,42,524,54.12,0,0.3615,2,0.8321,0,0
healthy-01334,healthy,val,64,177,101.63,0,0.5399,3,0.658,0,0
healthy-01335,healthy,train,48,1069,90.05,2,0.4844,5,0.8868,1,0
healthy-01336,healthy,train,75,958,28.21,1,0.6369,4,0.8575,0,0
healthy-01337,healthy,test,55,581,80.2,0,0.5554,1,0.4965,0,0
healthy-01338,healthy,train,35,986,172.27,1,0.298,2,0.6785,1,1
healthy-01339,healthy,train,62,549,108.48,0,0.2229,0,0.6328,0,1
healthy-01340,healthy,train,41,297,63.44,1,0.6026,2,0.4916,1,1
healthy-01341,healthy,train,48,619,56.2,1,0.8266,2,0.4819,0,0
healthy-01342,healthy,train,25,397,91.83,0,0.5659,2,0.5791,0,1
healthy-01343,healthy,train,24,917,126.28,0,0.7127,1,0.6039,1,0
healthy-01344,healthy,train,51,98,34.54,2,0.7526,1,0.7425,0,0
healthy-01345,healthy,train,28,60,89.08,2,0.6034,1,0.8566,0,1
healthy-01346,healthy,train,75,243,68.61,0,0.3871,1,0.777,0,0
healthy-01347,healthy,train,67,48,85.74,0,0.5891,2,0.8126,0,1
healthy-01348,healthy,test,58,249,40.9,0,0.7914,2,0.66,1,0
healthy-01349,healthy,train,60,453,126.24,1,0.656,5,0.7905,0,0
healthy-01350,healthy,train,52,762,140.35,3,0.6996,2,0.6777,0,0
healthy-01351,healthy,train,21,1399,104.37,3,0.4575,3,0.6338,1,0
healthy-01352,healthy,train,40,151,152.16,0,0.5095,2,0.9846,0,0
healthy-01353,healthy,train,46,192,67.16,1,0.5263,1,0.3504,1,1
healthy-01354,healthy,test,71,175,88.2,1,0.5397,4,0.419,1,1
healthy-01355,healthy,train,30,18,105.01,2,0.7836,1,0.7574,0,1
healthy-01356,healthy,train,46,69,92.34,1,0.0806,1,0.6603,0,1
healthy-01357,healthy,train,37,42,70.84,2,0.5561,1,0.4845,0,1
healthy-01358,healthy,train,25,329,74.08,1,0.5341,2,0.5418,0,1
healthy-01359,healthy,train,23,224,135.02,2,0.2757,2,0.5613,1,1
healthy-01360,healthy,test,39,1123,78.49,4,0.6844,1,0.8339,0,0
healthy-01361,healthy,train,22,11,123.26,3,0.4051,2,0.8819,1,1
healthy-01362,healthy,train,21,127,76.78,1,0.4786,2,0.9459,1,0
healthy-01363,healthy,train,38,202,122.96,0,0.9198,2,0.4616,1,1
healthy-01364,healthy,train,29,364,82.03,1,0.752,2,0.4949,1,1
healthy-01365,healthy,train,50,104,101.4,1,0.6649,3,0.4847,0,1
healthy-01366,healthy,test,19,149,59.22,1,0.6262,1,0.8933,0,0
healthy-01367,healthy,val,35,106,88.12,1,0.5171,3,0.7626,0,0
healthy-01368,healthy,train,44,460,59.59,3,0.9499,3,0.712,0,0
healthy-01369,healthy,train,73,105,66.45,0,0.7104,4,0.7344,1,0
healthy-01370,healthy,train,54,496,68.76,4,0.4001,3,0.6915,0,1
healthy-01371,healthy,val,69,499,73.54,3,0.27,1,0.5318,1,1
healthy-01372,healthy,train,37,304,117.07,1,0.6634,5,0.777,0,0
healthy-01373,healthy,train,44,146,65.37,2,0.5388,2,0.6721,0,1
healthy-01374,healthy,train,42,46,84.37,1,0.2642,1,0.52,1,1
healthy-01375,healthy,train,69,226,123.12,1,0.6357,2,0.7861,0,0
healthy-01376,healthy,train,73,449,100.53,3,0.4962,1,0.6361,0,1
healthy-01377,healthy,train,73,2600,34.87,3,0.6561,1,0.7341,1,0
healthy-01378,healthy,train,61,149,40.4,1,0.6383,2,0.6813,0,0
healthy-01379,healthy,train,47,57,93.05,1,0.4283,1,0.8337,0,0
healthy-01380,healthy,train,49,36,63.97,1,0.6766,3,0.733,1,0
healthy-01381,healthy,test,74,887,37.87,0,0.4504,4,0.5674,1,0
healthy-01382,healthy,val,34,274,61.99,2,0.4634,4,0.7483,0,0
healthy-01383,healthy,train,38,141,94.5,8,0.4435,5,0.7532,0,1
healthy-01384,healthy,train,70,234,68.43,4,0.7762,1,0.7767,0,1
healthy-01385,healthy,train,40,162,81.0,2,0.4939,2,0.8554,0,0
healthy-01386,healthy,train,31,221,71.04,4,0.8245,2,0.6076,1,1
healthy-01387,healthy,train,50,389,58.31,1,0.9067,3,0.8002,0,0
healthy-01388,healthy,test,36,102,87.41,1,0.4023,1,0.4413,0,1
healthy-01389,healthy,train,69,539,36.04,1,0.0,3,0.682,0,0
healthy-01390,healthy,train,70,631,55.15,0,0.7589,0,0.6588,0,0
healthy-01391,healthy,train,35,57,108.31,2,0.4816,4,0.9172,0,0
healthy-01392,healthy,train,48,63,40.98,1,0.3768,0,0.6765,0,1
healthy-01393,healthy,test,75,226,79.31,0,0.4323,3,0.7912,1,0
healthy-01394,healthy,train,61,543,66.17,0,0.467,2,0.4357,1,1
healthy-01395,healthy,val,30,179,63.51,4,0.8094,3,0.6472,0,1
healthy-01396,healthy,val,52,2055,112.57,3,0.582,3,0.573,0,0
healthy-01397,healthy,train,53,658,121.64,0,0.8067,2,1.0,1,0
healthy-01398,healthy,train,55,21,49.39,2,0.6488,0,0.6,0,1
healthy-01399,healthy,train,19,350,20.08,2,0.4882,0,0.711,0,1
healthy-01400,healthy,test,35,530,73.8,0,0.4719,2,0.719,1,0
healthy-01401,healthy,val,67,54,31.61,0,0.6623,0,0.4616,1,1
healthy-01402,healthy,train,31,755,109.94,2,0.7141,1,0.6211,0,1
healthy-01403,healthy,train,35,98,77.59,0,0.7494,1,0.7607,1,0
healthy-01404,healthy,test,36,93,39.71,1,0.4977,1,0.7129,1,1
healthy-01405,healthy,train,28,376,56.31,1,0.585,3,0.3549,0,0
healthy-01406,healthy,train,27,26,47.46,3,0.6668,2,0.615,0,1
healthy-01407,healthy,train,38,417,54.91,1,0.4732,1,0.8531,0,0
healthy-01408,healthy,train,68,112,33.04,2,0.323,2,0.7882,1,1
healthy-01409,healthy,train,18,95,134.42,0,0.3887,1,0.8827,0,0
healthy-01410,healthy,train,34,481,50.23,3,0.5018,0,0.5522,1,1
healthy-01411,healthy,train,21,273,79.23,0,0.6824,1,0.8921,1,0
healthy-01412,healthy,test,50,507,94.14,1,0.8018,2,0.6933,1,0
healthy-01413,healthy,train,32,313,121.71,0,0.2788,5,0.9388,0,0
healthy-01414,healthy,train,63,856,80.38,2,0.4305,1,0.7005,1,1
healthy-01415,healthy,train,51,636,70.59,3,0.4784,1,0.3929,0,1
healthy-01416,healthy,test,63,196,81.79,1,0.7089,1,0.8274,0,0
healthy-01417,healthy,train,54,418,49.27,1,0.4444,0,0.6335,0,1
healthy-01418,healthy,train,43,48,51.04,1,0.4641,5,0.6436,0,0
healthy-01419,healthy,test,67,481,69.89,0,0.2676,2,0.482,0,1
healthy-01420,healthy,val,45,46,27.59,4,0.6467,3,0.9433,0,0
healthy-01421,healthy,train,73,7,58.84,2,0.5177,0,0.6218,1,1
healthy-01422,healthy,train,75,206,64.44,1,0.4192,0,0.9363,1,0
healthy-01423,healthy,train,52,174,161.73,2,0.4981,3,0.6353,1,1
healthy-01424,healthy,train,57,454,128.2,1,0.7754,1,0.5608,1,1
healthy-01425,healthy,train,32,34,94.0,1,0.349,2,0.8979,1,0
healthy-01426,healthy,train,65,916,111.08,3,0.3817,2,0.689,1,1
healthy-01427,healthy,train,56,733,50.85,0,0.8005,2,0.6905,0,0
healthy-01428,healthy,train,70,1109,82.7,1,0.5652,0,0.5078,0,0
healthy-01429,healthy,train,33,40,105.44,3,0.684,2,0.6314,1,1
healthy-01430,healthy,train,63,171,51.05,1,0.6304,4,0.7643,0,1
healthy-01431,healthy,train,45,75,40.45,1,0.5429,1,0.5051,1,1
healthy-01432,healthy,train,28,98,89.93,3,0.4803,3,0.6191,0,0
healthy-01433,healthy,val,27,233,42.53,0,0.7163,1,0.6369,0,0
healthy-01434,healthy,test,50,122,97.54,2,0.7825,2,0.71,1,1
healthy-01435,healthy,test,36,99,120.85,0,0.7668,1,0.9219,1,0
healthy-01436,healthy,val,23,177,51.77,0,0.3129,1,0.655,0,1
healthy-01437,healthy,train,42,305,53.53,3,0.811,2,0.5964,0,1
healthy-01438,healthy,val,55,73,119.39,2,0.4784,2,1.0,0,0
healthy-01439,healthy,test,36,162,80.56,1,0.399,2,0.635,1,0
healthy-01440,healthy,train,73,251,112.85,2,0.5161,3,0.6714,1,1
healthy-01441,healthy,train,63,826,70.98,2,0.7162,2,0.6463,1,1
healthy-01442,healthy,test,47,307,73.23,0,0.6581,2,0.6585,0,0
healthy-01443,healthy,train,72,1106,79.69,1,0.4989,2,0.7117,1,0
healthy-01444,healthy,train,43,1195,147.83,2,0.7175,1,0.8381,1,0
healthy-01445,healthy,test,26,86,109.23,1,0.578,0,0.7606,0,1
healthy-01446,healthy,train,20,38,58.01,1,0.4354,4,0.8616,0,0
healthy-01447,healthy,val,72,1179,85.18,3,0.4084,6,0.8566,1,0
healthy-01448,healthy,train,73,969,68.89,1,0.632,4,0.7313,0,0
healthy-01449,healthy,train,60,1659,63.51,1,0.5335,0,0.7564,0,0
healthy-01450,healthy,train,23,571,96.42,0,0.2749,6,0.8663,0,0
healthy-01451,healthy,train,35,42,88.44,3,0.7194,3,0.5333,1,1
healthy-01452,healthy,train,20,378,52.03,3,0.4539,1,1.0,0,0
healthy-01453,healthy,train,20,301,79.77,1,0.8684,3,0.6231,1,1
healthy-01454,healthy,train,32,699,62.68,1,0.2694,2,0.6474,0,0
healthy-01455,healthy,train,51,86,93.93,2,0.5139,0,0.5182,0,1
healthy-01456,healthy,train,21,76,61.49,0,0.41,2,0.5227,0,0
healthy-01457,healthy,val,75,340,73.42,1,0.3549,1,0.8461,0,0
healthy-01458,healthy,train,44,52,64.25,5,0.4526,3,1.0,0,0
healthy-01459,healthy,train,33,57,35.45,1,0.9041,3,0.6149,1,1
healthy-01460,healthy,test,47,925,144.76,0,0.5787,3,0.7521,1,0
healthy-01461,healthy,train,63,1093,79.4,0,0.3917,5,0.733,1,0
healthy-01462,healthy,train,36,826,146.86,1,0.1843,2,0.85,0,1
healthy-01463,healthy,train,20,523,80.9,2,0.2057,4,1.0,1,0
healthy-01464,healthy,test,20,157,103.48,3,0.4427,2,0.9281,0,1
healthy-01465,healthy,train,67,161,59.66,3,0.4233,1,0.6642,0,1
healthy-01466,healthy,test,24,749,60.3,2,0.5052,2,0.7793,0,0
healthy-01467,healthy,train,54,1400,77.57,4,0.0956,1,0.7942,0,0
healthy-01468,healthy,val,40,2,146.31,2,0.5317,3,0.697,0,1
healthy-01469,healthy,train,63,1934,52.83,0,0.7555,5,0.5356,0,0
healthy-01470,healthy,train,21,84,31.56,2,0.8746,6,0.5802,0,0
healthy-01471,healthy,train,70,705,118.25,2,0.1711,3,0.8722,0,0
healthy-01472,healthy,train,58,96,106.09,2,0.3897,4,0.8877,1,0
healthy-01473,healthy,val,44,181,65.79,0,0.3792,1,0.6689,1,1
healthy-01474,healthy,train,30,412,169.68,0,0.5791,2,0.7392,0,0
healthy-01475,healthy,test,74,111,172.79,0,0.306,4,0.8796,0,0
healthy-01476,healthy,train,35,972,34.31,1,0.8865,0,0.4444,0,0
healthy-01477,healthy,val,46,61,59.06,1,0.5587,2,0.633,0,1
healthy-01478,healthy,test,40,27,77.34,1,0.5254,3,1.0,0,0
healthy-01479,healthy,test,31,1281,92.88,2,0.8685,2,0.7449,0,0
healthy-01480,healthy,train,42,659,87.21,5,0.5468,2,0.5306,0,1
healthy-01481,healthy,train,26,188,79.28,1,0.6301,6,0.7176,0,0
healthy-01482,healthy,test,18,256,49.36,5,0.3998,3,0.8532,1,1
healthy-01483,healthy,train,34,435,97.63,1,0.2759,2,0.318,1,1
healthy-01484,healthy,train,24,643,99.89,2,0.4279,1,0.7264,1,1
healthy-01485,healthy,train,42,189,114.84,0,0.9874,2,0.6441,0,0
healthy-01486,healthy,train,68,408,46.34,1,0.6766,2,0.4537,0,1
healthy-01487,healthy,val,27,126,72.24,2,0.6049,1,0.7123,0,1
healthy-01488,healthy,train,18,13,64.44,2,0.3547,3,0.6795,0,1
healthy-01489,healthy,val,24,724,45.96,1,0.7323,1,0.6964,1,0
healthy-01490,healthy,val,47,43,71.76,1,0.2785,4,0.6478,0,1
healthy-01491,healthy,train,33,8,50.44,0,0.2366,1,0.5468,0,1
healthy-01492,healthy,train,46,874,42.62,0,0.4382,1,0.4818,0,0
healthy-01493,healthy,train,19,922,106.65,0,0.9409,3,0.5964,1,0
healthy-01494,healthy,test,37,238,65.64,1,0.9296,0,0.8289,1,1
healthy-01495,healthy,train,41,324,57.84,2,0.4598,2,0.735,0,0
healthy-01496,healthy,train,43,178,126.26,1,0.4152,2,0.6896,0,1
healthy-01497,healthy,val,49,212,101.12,0,0.2219,2,0.544,0,1
healthy-01498,healthy,train,63,110,30.0,0,0.5656,4,0.6439,0,0
healthy-01499,healthy,test,45,98,93.13,2,0.5824,3,0.8106,1,0
healthy-01500,healthy,train,66,165,92.95,2,0.7079,2,0.7757,1,1
feature_drift-00001,feature_drift,train,47,379,61.13,2,0.3515,1,0.4916,0,1
feature_drift-00002,feature_drift,train,55,155,123.1,1,0.4619,3,0.4845,0,1
feature_drift-00003,feature_drift,test,41,180,57.87,1,0.462,3,0.0,1,1
feature_drift-00004,feature_drift,val,20,810,83.22,0,0.2644,1,0.645,1,1
feature_drift-00005,feature_drift,val,51,209,51.89,3,0.3041,2,0.5016,0,1
feature_drift-00006,feature_drift,train,19,256,59.49,4,0.1866,3,0.6024,1,1
feature_drift-00007,feature_drift,train,34,198,136.88,0,0.071,2,0.3748,0,1
feature_drift-00008,feature_drift,test,66,347,53.71,1,0.0263,1,0.3746,0,1
feature_drift-00009,feature_drift,train,44,1684,100.29,0,0.4022,3,0.4675,1,0
feature_drift-00010,feature_drift,train,52,101,43.59,2,0.0878,1,0.0266,1,1
feature_drift-00011,feature_drift,train,73,429,76.2,1,0.0,0,0.4049,1,1
feature_drift-00012,feature_drift,train,31,175,44.39,2,0.2718,0,0.2501,0,1
feature_drift-00013,feature_drift,val,67,88,116.52,1,0.2639,0,0.0807,1,1
feature_drift-00014,feature_drift,train,61,1603,85.21,1,0.1656,2,0.3895,0,0
feature_drift-00015,feature_drift,train,40,378,94.61,0,0.0914,1,0.2597,0,1
feature_drift-00016,feature_drift,train,33,381,99.27,1,0.3846,5,0.5936,1,0
feature_drift-00017,feature_drift,train,33,418,79.18,2,0.0673,3,0.3388,0,1
feature_drift-00018,feature_drift,train,42,81,141.83,0,0.268,4,0.4003,1,1
feature_drift-00019,feature_drift,train,55,91,106.3,2,0.4571,3,0.3307,0,1
feature_drift-00020,feature_drift,train,44,189,66.44,1,0.2326,2,0.2955,0,1
feature_drift-00021,feature_drift,train,26,467,88.21,1,0.3694,4,0.4612,1,1
feature_drift-00022,feature_drift,train,73,335,68.01,2,0.2522,0,0.3442,1,1
feature_drift-00023,feature_drift,train,40,125,116.65,1,0.0,1,0.2538,0,1
feature_drift-00024,feature_drift,train,69,777,103.19,1,0.5842,1,0.3054,0,1
feature_drift-00025,feature_drift,train,28,1266,94.18,2,0.1547,3,0.4873,0,1
feature_drift-00026,feature_drift,train,34,17,59.0,0,0.1454,0,0.4035,0,1
feature_drift-00027,feature_drift,test,63,97,67.82,3,0.2635,0,0.4551,0,1
feature_drift-00028,feature_drift,train,34,1418,95.03,1,0.3267,0,0.4591,0,1
feature_drift-00029,feature_drift,train,69,187,64.64,0,0.2138,1,0.3487,0,1
feature_drift-00030,feature_drift,train,42,172,145.04,1,0.3213,2,0.472,0,1
feature_drift-00031,feature_drift,train,44,1104,55.85,1,0.4797,2,0.4545,0,0
feature_drift-00032,feature_drift,train,18,233,117.1,1,0.49,3,0.4948,0,1
feature_drift-00033,feature_drift,train,42,843,140.98,0,0.144,0,0.2194,0,1
feature_drift-00034,feature_drift,train,35,423,35.9,1,0.0649,4,0.6666,1,1
feature_drift-00035,feature_drift,train,49,842,81.7,0,0.2488,2,0.4144,0,1
feature_drift-00036,feature_drift,train,73,5,77.6,0,0.1646,4,0.3256,0,1
feature_drift-00037,feature_drift,val,18,24,40.98,0,0.4493,2,0.373,0,1
feature_drift-00038,feature_drift,val,66,431,54.48,3,0.2431,0,0.5432,1,1
feature_drift-00039,feature_drift,train,41,775,42.2,2,0.3691,4,0.1062,0,1
feature_drift-00040,feature_drift,train,49,619,110.59,0,0.1979,1,0.4183,0,1
feature_drift-00041,feature_drift,val,45,290,79.97,0,0.2711,3,0.8998,0,0
feature_drift-00042,feature_drift,train,46,344,22.05,3,0.3764,2,0.4891,0,1
feature_drift-00043,feature_drift,train,65,25,111.21,1,0.1353,1,0.0559,0,1
feature_drift-00044,feature_drift,train,72,2,28.59,1,0.4065,3,0.3877,0,1
feature_drift-00045,feature_drift,train,75,616,82.97,2,0.2038,2,0.712,0,0
feature_drift-00046,feature_drift,train,52,166,94.5,1,0.3108,3,0.3777,1,1
feature_drift-00047,feature_drift,test,58,949,47.82,1,0.2506,1,0.3293,0,1
feature_drift-00048,feature_drift,train,72,707,44.39,2,0.3422,1,0.1908,1,1
feature_drift-00049,feature_drift,train,72,138,104.63,1,0.1745,3,0.1043,0,1
feature_drift-00050,feature_drift,val,75,348,91.71,1,0.4333,1,0.2564,0,1
feature_drift-00051,feature_drift,train,20,81,80.41,1,0.2305,0,0.6289,0,1
feature_drift-00052,feature_drift,val,19,112,34.83,0,0.1265,4,0.341,0,1
feature_drift-00053,feature_drift,train,51,1615,130.13,0,0.5974,1,0.4993,0,0
feature_drift-00054,feature_drift,train,24,219,58.41,1,0.2947,1,0.3554,0,1
feature_drift-00055,feature_drift,train,68,848,40.02,1,0.1422,0,0.2362,1,1
feature_drift-00056,feature_drift,train,62,195,62.42,2,0.1803,2,0.3754,0,1
feature_drift-00057,feature_drift,train,25,1228,52.24,1,0.1935,2,0.1968,0,1
feature_drift-00058,feature_drift,train,25,785,69.85,0,0.3225,1,0.4602,1,1
feature_drift-00059,feature_drift,val,24,223,71.29,0,0.2236,1,0.4041,1,1
feature_drift-00060,feature_drift,train,37,345,105.13,2,0.2123,1,0.3906,0,1
feature_drift-00061,feature_drift,test,67,342,90.4,0,0.1234,0,0.3655,1,1
feature_drift-00062,feature_drift,train,35,15,37.7,0,0.1858,4,0.5727,0,1
feature_drift-00063,feature_drift,train,58,97,75.61,2,0.0,0,0.5884,0,1
feature_drift-00064,feature_drift,train,49,234,75.24,0,0.3779,1,0.0,1,1
feature_drift-00065,feature_drift,train,52,127,98.7,4,0.1257,2,0.3683,1,1
feature_drift-00066,feature_drift,val,20,67,55.76,2,0.5229,2,0.4393,1,1
feature_drift-00067,feature_drift,train,57,270,83.3,2,0.3712,4,0.4165,1,1
feature_drift-00068,feature_drift,val,44,197,51.69,0,0.4027,0,0.6659,1,1
feature_drift-00069,feature_drift,val,26,183,56.7,4,0.3567,3,0.4163,0,1
feature_drift-00070,feature_drift,train,50,715,83.2,1,0.2974,2,0.2205,0,1
feature_drift-00071,feature_drift,train,53,291,85.51,2,0.2167,1,0.6626,0,1
feature_drift-00072,feature_drift,train,24,242,57.6,2,0.1405,3,0.3172,0,1
feature_drift-00073,feature_drift,train,47,30,63.27,1,0.0,1,0.3673,0,1
feature_drift-00074,feature_drift,test,37,849,89.56,1,0.5967,0,0.291,0,1
feature_drift-00075,feature_drift,val,61,177,140.57,0,0.2367,2,0.4715,1,1
feature_drift-00076,feature_drift,train,47,406,73.73,0,0.2915,1,0.5346,0,1
feature_drift-00077,feature_drift,val,19,308,120.2,0,0.1701,1,0.1859,0,1
feature_drift-00078,feature_drift,val,35,884,79.52,2,0.0,1,0.6197,0,1
feature_drift-00079,feature_drift,train,50,174,67.3,1,0.353,3,0.3838,0,1
feature_drift-00080,feature_drift,train,42,319,70.17,2,0.3544,3,0.5325,1,1
feature_drift-00081,feature_drift,train,33,37,102.02,3,0.449,0,0.4635,0,1
feature_drift-00082,feature_drift,test,42,777,46.88,2,0.4284,2,0.2957,1,1
feature_drift-00083,feature_drift,val,37,44,87.77,0,0.3785,1,0.4546,0,1
feature_drift-00084,feature_drift,val,23,29,36.7,3,0.3384,4,0.5979,1,1
feature_drift-00085,feature_drift,train,58,603,89.07,3,0.0281,1,0.368,0,1
feature_drift-00086,feature_drift,train,52,666,117.82,1,0.3244,2,0.4744,0,1
feature_drift-00087,feature_drift,train,48,168,37.83,3,0.0825,0,0.4919,1,1
feature_drift-00088,feature_drift,train,22,232,58.4,1,0.5355,3,0.4438,1,1
feature_drift-00089,feature_drift,train,56,390,139.79,1,0.2585,1,0.2801,0,1
feature_drift-00090,feature_drift,train,51,458,127.02,3,0.243,2,0.4186,0,1
feature_drift-00091,feature_drift,val,64,692,83.25,4,0.0651,1,0.3367,1,1
feature_drift-00092,feature_drift,test,22,1425,62.44,0,0.2492,1,0.3972,1,1
feature_drift-00093,feature_drift,train,36,183,66.68,2,0.3792,3,0.5684,1,1
feature_drift-00094,feature_drift,val,49,552,102.17,0,0.1718,1,0.542,0,1
feature_drift-00095,feature_drift,val,25,308,141.37,5,0.0655,2,0.3111,0,1
feature_drift-00096,feature_drift,train,67,342,151.15,1,0.116,2,0.1999,1,1
feature_drift-00097,feature_drift,train,32,397,98.09,0,0.0915,3,0.0,0,1
feature_drift-00098,feature_drift,train,34,25,42.67,0,0.3395,3,0.034,1,1
feature_drift-00099,feature_drift,train,40,98,77.55,5,0.5357,2,0.309,0,1
feature_drift-00100,feature_drift,train,22,818,46.16,1,0.2562,2,0.6762,1,0
feature_drift-00101,feature_drift,val,28,29,87.83,1,0.083,3,0.1686,0,1
feature_drift-00102,feature_drift,train,36,83,26.57,1,0.429,2,0.4927,0,1
feature_drift-00103,feature_drift,train,29,1206,98.34,2,0.029,3,0.4014,1,1
feature_drift-00104,feature_drift,train,42,8,61.15,0,0.4243,5,0.6653,0,0
feature_drift-00105,feature_drift,train,55,333,120.65,0,0.1894,2,0.5777,1,1
feature_drift-00106,feature_drift,test,53,102,66.12,4,0.2659,3,0.5502,1,1
feature_drift-00107,feature_drift,train,68,84,158.01,0,0.0671,2,0.261,0,1
feature_drift-00108,feature_drift,train,26,30,111.37,2,0.0,1,0.7775,0,1
feature_drift-00109,feature_drift,train,55,165,69.05,0,0.1522,0,0.3045,1,1
feature_drift-00110,feature_drift,train,18,20,77.94,1,0.047,3,0.1849,0,1
feature_drift-00111,feature_drift,train,18,12,55.49,0,0.0987,1,0.4264,1,1
feature_drift-00112,feature_drift,test,66,354,126.81,1,0.1476,2,0.2028,0,1
feature_drift-00113,feature_drift,train,39,219,83.28,2,0.3718,1,0.4846,0,1
feature_drift-00114,feature_drift,val,44,144,120.82,3,0.4016,2,0.7965,1,1
feature_drift-00115,feature_drift,train,68,164,69.42,3,0.3528,1,0.3424,1,1
feature_drift-00116,feature_drift,train,51,246,134.05,2,0.1706,1,0.114,0,1
feature_drift-00117,feature_drift,train,58,13,71.38,3,0.087,2,0.6768,0,1
feature_drift-00118,feature_drift,train,64,185,41.41,4,0.1836,3,0.6365,1,1
feature_drift-00119,feature_drift,train,56,129,72.43,2,0.5691,1,0.3881,1,1
feature_drift-00120,feature_drift,train,62,1116,76.61,0,0.6312,1,0.4627,0,0
feature_drift-00121,feature_drift,test,25,812,68.54,1,0.2834,3,0.6998,1,0
feature_drift-00122,feature_drift,train,67,230,46.89,2,0.1277,5,0.5378,0,1
feature_drift-00123,feature_drift,train,42,355,15.0,2,0.3,1,0.6677,0,1
feature_drift-00124,feature_drift,train,36,838,79.12,0,0.4136,1,0.7229,1,0
feature_drift-00125,feature_drift,train,27,33,101.57,2,0.0108,0,0.2483,1,1
feature_drift-00126,feature_drift,train,29,30,71.72,2,0.1484,0,0.524,0,1
feature_drift-00127,feature_drift,train,26,743,100.87,1,0.3717,3,0.547,0,0
feature_drift-00128,feature_drift,train,18,1482,105.91,1,0.3507,1,0.3905,1,1
feature_drift-00129,feature_drift,val,34,42,100.25,3,0.2623,2,0.2657,0,1
feature_drift-00130,feature_drift,train,40,396,47.05,1,0.2052,1,0.4973,0,1
feature_drift-00131,feature_drift,train,72,26,48.36,0,0.0,1,0.4853,0,1
feature_drift-00132,feature_drift,train,53,335,108.03,2,0.4179,3,0.6767,0,0
feature_drift-00133,feature_drift,train,62,119,61.33,0,0.0771,2,0.1298,0,1
feature_drift-00134,feature_drift,train,50,94,93.23,1,0.31,3,0.73,0,1
feature_drift-00135,feature_drift,val,64,620,34.67,1,0.2127,2,0.3241,0,1
feature_drift-00136,feature_drift,train,68,152,119.92,2,0.15,3,0.0447,1,1
feature_drift-00137,feature_drift,train,70,184,92.62,1,0.3372,3,0.4504,0,1
feature_drift-00138,feature_drift,train,66,809,91.35,1,0.3836,0,0.1419,1,1
feature_drift-00139,feature_drift,train,58,69,94.93,0,0.391,4,0.335,0,1
feature_drift-00140,feature_drift,train,46,248,120.53,2,0.384,2,0.386,1,1
feature_drift-00141,feature_drift,train,27,1890,58.73,1,0.382,3,0.5362,1,0
feature_drift-00142,feature_drift,val,25,177,80.85,4,0.154,2,0.5755,0,1
feature_drift-00143,feature_drift,train,72,370,79.15,1,0.4253,1,0.5247,0,1
feature_drift-00144,feature_drift,train,47,309,120.13,2,0.3653,2,0.3912,0,1
feature_drift-00145,feature_drift,val,64,82,160.42,2,0.2467,1,0.6659,1,1
feature_drift-00146,feature_drift,train,71,978,105.87,0,0.2968,2,0.4801,1,1
feature_drift-00147,feature_drift,train,22,307,80.95,2,0.0868,3,0.4166,0,1
feature_drift-00148,feature_drift,train,69,405,148.25,2,0.3256,1,0.5084,0,1
feature_drift-00149,feature_drift,train,34,140,133.59,2,0.283,4,0.2098,1,1
feature_drift-00150,feature_drift,train,57,372,80.29,2,0.4518,2,0.1936,0,1
feature_drift-00151,feature_drift,train,44,646,142.06,2,0.0,1,0.5251,0,1
feature_drift-00152,feature_drift,train,56,17,108.85,1,0.4349,1,0.4267,0,1
feature_drift-00153,feature_drift,train,46,824,30.84,1,0.2668,3,0.336,0,1
feature_drift-00154,feature_drift,train,66,89,90.68,0,0.0876,5,0.758,0,0
feature_drift-00155,feature_drift,test,72,258,33.46,1,0.2472,4,0.7093,1,0
feature_drift-00156,feature_drift,train,57,15,74.44,5,0.0466,3,0.4713,1,1
feature_drift-00157,feature_drift,val,41,116,68.97,0,0.2369,0,0.2366,0,1
feature_drift-00158,feature_drift,train,54,754,79.58,3,0.4052,1,0.5865,1,1
feature_drift-00159,feature_drift,train,27,73,110.36,2,0.4373,1,0.3922,1,1
feature_drift-00160,feature_drift,train,41,14,75.76,3,0.2465,2,0.3959,1,1
feature_drift-00161,feature_drift,train,61,19,49.75,0,0.0,2,0.6271,1,1
feature_drift-00162,feature_drift,train,41,249,157.17,2,0.1823,2,0.7361,0,1
feature_drift-00163,feature_drift,train,75,642,47.28,2,0.1808,1,0.8401,0,1
feature_drift-00164,feature_drift,train,46,16,43.5,1,0.0,2,0.1046,0,1
feature_drift-00165,feature_drift,train,69,247,44.52,2,0.126,2,0.3057,0,1
feature_drift-00166,feature_drift,train,69,971,164.05,1,0.2912,3,0.5117,0,1
feature_drift-00167,feature_drift,train,31,78,64.16,0,0.3526,1,0.1664,0,1
feature_drift-00168,feature_drift,train,55,390,66.57,3,0.3742,1,0.6699,0,1
feature_drift-00169,feature_drift,train,73,300,30.01,1,0.3766,0,0.4162,0,1
feature_drift-00170,feature_drift,train,65,49,142.96,2,0.2765,3,0.242,1,1
feature_drift-00171,feature_drift,train,46,179,101.34,1,0.3094,3,0.5286,1,1
feature_drift-00172,feature_drift,val,47,497,39.49,1,0.187,0,0.5181,0,1
feature_drift-00173,feature_drift,val,64,842,63.58,3,0.2094,0,0.4443,0,1
feature_drift-00174,feature_drift,train,49,354,52.06,1,0.3,1,0.2414,0,1
feature_drift-00175,feature_drift,train,49,48,57.97,1,0.2529,2,0.3337,0,1
feature_drift-00176,feature_drift,val,58,951,100.95,1,0.1403,3,0.2442,1,1
feature_drift-00177,feature_drift,test,75,1416,122.14,3,0.2752,2,0.0945,1,1
feature_drift-00178,feature_drift,val,58,387,111.77,2,0.0298,3,0.3059,0,1
feature_drift-00179,feature_drift,train,47,600,70.65,1,0.2823,3,0.418,0,1
feature_drift-00180,feature_drift,train,30,335,73.6,2,0.2127,2,0.1099,1,1
feature_drift-00181,feature_drift,train,34,301,24.81,0,0.2991,2,0.5902,1,1
feature_drift-00182,feature_drift,val,71,4,127.79,2,0.4102,0,0.2664,0,1
feature_drift-00183,feature_drift,train,66,224,53.94,1,0.2021,3,0.5838,0,0
feature_drift-00184,feature_drift,test,31,311,31.11,5,0.2866,0,0.0,0,1
feature_drift-00185,feature_drift,train,38,352,158.11,2,0.2916,0,0.2268,1,1
feature_drift-00186,feature_drift,test,56,493,61.25,0,0.1678,3,0.4312,0,1
feature_drift-00187,feature_drift,train,55,576,54.85,2,0.0996,2,0.1871,1,1
feature_drift-00188,feature_drift,train,39,537,106.7,1,0.1191,1,0.3833,0,1
feature_drift-00189,feature_drift,train,58,1058,103.87,1,0.0854,0,0.5093,1,1
feature_drift-00190,feature_drift,train,34,150,53.15,2,0.2751,3,0.4361,0,1
feature_drift-00191,feature_drift,train,70,370,45.95,2,0.5129,1,0.3482,1,1
feature_drift-00192,feature_drift,train,75,1345,74.85,2,0.0,2,0.5832,0,0
feature_drift-00193,feature_drift,val,33,87,136.23,2,0.1532,4,0.5511,0,1
feature_drift-00194,feature_drift,train,57,1422,91.57,2,0.2835,2,0.6085,0,1
feature_drift-00195,feature_drift,val,50,89,96.88,1,0.2705,4,0.3177,1,1
feature_drift-00196,feature_drift,train,34,459,64.35,2,0.0669,3,0.5188,0,1
feature_drift-00197,feature_drift,val,54,113,126.6,1,0.1088,0,0.5205,0,1
feature_drift-00198,feature_drift,train,60,764,45.2,2,0.1719,2,0.5767,0,1
feature_drift-00199,feature_drift,test,47,568,120.66,1,0.1052,3,0.4173,1,1
feature_drift-00200,feature_drift,train,61,153,85.63,2,0.4177,2,0.0,1,1
feature_drift-00201,feature_drift,train,73,648,111.9,2,0.24,4,0.4892,0,0
feature_drift-00202,feature_drift,train,39,26,178.71,6,0.1926,2,0.2099,1,1
feature_drift-00203,feature_drift,test,38,32,59.05,0,0.177,3,0.7801,1,0
feature_drift-00204,feature_drift,val,72,56,66.67,0,0.2134,6,0.5508,0,0
feature_drift-00205,feature_drift,train,63,1399,113.46,1,0.2736,3,0.4526,1,0
feature_drift-00206,feature_drift,train,74,1457,39.7,2,0.4359,2,0.7291,0,0
feature_drift-00207,feature_drift,train,62,31,124.19,2,0.2113,2,0.3753,0,1
feature_drift-00208,feature_drift,train,33,3,83.74,0,0.0812,1,0.0021,0,1
feature_drift-00209,feature_drift,test,51,160,60.33,0,0.4909,6,0.7208,0,0
feature_drift-00210,feature_drift,train,60,410,95.13,1,0.225,0,0.3492,1,1
feature_drift-00211,feature_drift,train,39,197,118.77,1,0.2975,4,0.2546,0,1
feature_drift-00212,feature_drift,train,29,30,140.56,0,0.1749,1,0.4108,0,1
feature_drift-00213,feature_drift,train,60,206,63.83,3,0.3103,7,0.6007,0,0
feature_drift-00214,feature_drift,train,30,142,60.73,1,0.3635,2,0.4985,0,1
feature_drift-00215,feature_drift,train,74,540,65.39,1,0.2357,1,0.2784,0,1
feature_drift-00216,feature_drift,train,62,45,74.41,3,0.2317,1,0.4381,0,1
feature_drift-00217,feature_drift,train,64,346,59.27,1,0.0386,2,0.4792,0,1
feature_drift-00218,feature_drift,test,72,1369,56.3,2,0.2832,4,0.1128,0,1
feature_drift-00219,feature_drift,train,71,330,102.28,1,0.399,2,0.2306,1,1
feature_drift-00220,feature_drift,val,46,717,89.19,1,0.44,4,0.5134,1,1
feature_drift-00221,feature_drift,train,39,80,74.01,1,0.4781,2,0.4137,1,1
feature_drift-00222,feature_drift,train,36,56,53.07,3,0.1993,0,0.4586,0,1
feature_drift-00223,feature_drift,train,60,157,135.3,0,0.3852,0,0.4336,0,1
feature_drift-00224,feature_drift,train,34,491,94.84,2,0.1059,5,0.4152,0,1
feature_drift-00225,feature_drift,val,58,111,54.86,1,0.067,0,0.1968,1,1
feature_drift-00226,feature_drift,train,44,132,65.79,0,0.0463,3,0.3873,0,1
feature_drift-00227,feature_drift,train,31,494,41.38,2,0.1685,4,0.3874,0,1
feature_drift-00228,feature_drift,train,55,1051,124.83,0,0.0,3,0.2632,0,1
feature_drift-00229,feature_drift,test,26,686,47.35,1,0.382,4,0.3754,0,1
feature_drift-00230,feature_drift,train,71,176,63.08,1,0.2314,2,0.0106,1,1
feature_drift-00231,feature_drift,train,34,569,102.07,1,0.1844,2,0.4232,1,1
feature_drift-00232,feature_drift,train,61,41,156.39,3,0.4147,1,0.2332,1,1
feature_drift-00233,feature_drift,train,50,133,130.98,1,0.2878,4,0.359,0,1
feature_drift-00234,feature_drift,train,69,67,99.11,3,0.2608,1,0.304,0,1
feature_drift-00235,feature_drift,val,61,243,94.25,2,0.2281,2,0.3036,0,1
feature_drift-00236,feature_drift,val,62,89,130.34,1,0.0981,3,0.5228,1,1
feature_drift-00237,feature_drift,test,49,913,61.83,1,0.0,2,0.0,0,1
feature_drift-00238,feature_drift,val,42,30,75.18,0,0.0191,4,0.0891,0,1
feature_drift-00239,feature_drift,test,23,212,81.31,1,0.408,2,0.3493,1,1
feature_drift-00240,feature_drift,test,73,75,60.83,2,0.2012,3,0.5412,0,1
feature_drift-00241,feature_drift,val,50,69,70.56,0,0.4816,3,0.3503,1,1
feature_drift-00242,feature_drift,train,53,316,40.95,1,0.2573,1,0.439,0,1
feature_drift-00243,feature_drift,train,70,1083,39.55,1,0.3266,1,0.2711,0,1
feature_drift-00244,feature_drift,train,44,27,92.67,0,0.4511,1,0.4104,1,1
feature_drift-00245,feature_drift,train,20,349,28.34,0,0.2463,1,0.4728,0,1
feature_drift-00246,feature_drift,train,57,381,124.67,0,0.1607,0,0.3115,0,1
feature_drift-00247,feature_drift,train,28,939,52.32,1,0.2309,1,0.6611,1,1
feature_drift-00248,feature_drift,train,61,743,71.9,2,0.4176,2,0.321,0,1
feature_drift-00249,feature_drift,train,57,643,41.29,0,0.2243,3,0.4412,1,1
feature_drift-00250,feature_drift,train,51,1054,89.96,1,0.1262,1,0.108,0,1
feature_drift-00251,feature_drift,train,42,259,110.69,2,0.0688,3,0.3809,0,1
feature_drift-00252,feature_drift,train,46,362,102.91,0,0.174,6,0.2139,1,1
feature_drift-00253,feature_drift,test,28,626,64.79,3,0.1474,2,0.1773,0,1
feature_drift-00254,feature_drift,train,71,158,32.16,2,0.3179,2,0.1877,0,1
feature_drift-00255,feature_drift,train,33,23,58.5,0,0.365,2,0.6808,0,1
feature_drift-00256,feature_drift,train,47,35,93.88,1,0.2925,2,0.5789,0,1
feature_drift-00257,feature_drift,train,23,1376,83.98,3,0.4649,1,0.5041,0,0
feature_drift-00258,feature_drift,test,49,2308,129.52,1,0.2007,4,0.4096,1,0
feature_drift-00259,feature_drift,train,71,327,65.04,1,0.5069,2,0.2062,0,1
feature_drift-00260,feature_drift,val,72,1064,124.36,0,0.2112,1,0.2279,0,1
feature_drift-00261,feature_drift,test,51,577,68.9,0,0.3902,3,0.6044,0,0
feature_drift-00262,feature_drift,test,73,143,145.99,2,0.0,2,0.0,0,1
feature_drift-00263,feature_drift,train,21,138,39.15,2,0.2008,2,0.153,0,1
feature_drift-00264,feature_drift,train,55,514,107.61,1,0.1609,2,0.4284,1,1
feature_drift-00265,feature_drift,val,63,169,50.41,0,0.1553,1,0.5486,1,1
feature_drift-00266,feature_drift,train,42,651,54.73,4,0.2453,2,0.5302,0,1
feature_drift-00267,feature_drift,test,47,5,87.0,2,0.3235,2,0.2579,0,1
feature_drift-00268,feature_drift,test,26,202,69.51,0,0.0,1,0.0,1,1
feature_drift-00269,feature_drift,train,45,150,120.06,1,0.4502,2,0.3313,0,1
feature_drift-00270,feature_drift,train,23,585,126.82,2,0.273,2,0.3984,0,1
feature_drift-00271,feature_drift,train,67,87,121.36,1,0.1456,2,0.5931,0,1
feature_drift-00272,feature_drift,train,35,163,78.21,2,0.5311,2,0.3329,0,1
feature_drift-00273,feature_drift,train,33,818,42.62,1,0.3436,1,0.4316,1,1
feature_drift-00274,feature_drift,train,18,413,74.74,4,0.4184,2,0.5724,0,1
feature_drift-00275,feature_drift,test,20,309,126.99,2,0.2102,2,0.5052,1,1
feature_drift-00276,feature_drift,train,67,579,60.17,2,0.3964,5,0.3868,0,1
feature_drift-00277,feature_drift,train,39,430,71.63,0,0.2481,2,0.365,1,1
feature_drift-00278,feature_drift,train,30,425,71.57,1,0.1661,1,0.8062,0,1
feature_drift-00279,feature_drift,train,75,126,76.63,4,0.2888,0,0.6743,0,1
feature_drift-00280,feature_drift,test,27,493,66.23,0,0.0,2,0.1583,1,1
feature_drift-00281,feature_drift,train,23,1177,55.87,3,0.1024,3,0.249,0,1
feature_drift-00282,feature_drift,val,46,237,96.29,1,0.4157,0,0.2543,1,1
feature_drift-00283,feature_drift,val,19,404,65.99,2,0.4138,0,0.2628,0,1
feature_drift-00284,feature_drift,train,55,489,82.57,0,0.4505,0,0.4076,0,1
feature_drift-00285,feature_drift,train,26,122,130.54,1,0.1481,2,0.5108,0,1
feature_drift-00286,feature_drift,train,20,8,111.05,0,0.3657,1,0.704,0,1
feature_drift-00287,feature_drift,train,70,625,80.47,1,0.3676,1,0.0,1,1
feature_drift-00288,feature_drift,train,25,65,69.26,1,0.2751,1,0.4883,0,1
feature_drift-00289,feature_drift,train,46,202,109.19,4,0.1351,5,0.4936,1,1
feature_drift-00290,feature_drift,train,73,103,50.59,1,0.2857,0,0.0513,0,1
feature_drift-00291,feature_drift,test,74,167,75.95,1,0.334,1,0.6999,0,1
feature_drift-00292,feature_drift,train,53,637,141.26,2,0.0553,1,0.6856,0,1
feature_drift-00293,feature_drift,train,67,355,114.77,2,0.0,2,0.0,0,1
feature_drift-00294,feature_drift,train,72,96,133.37,0,0.1084,4,0.4319,0,1
feature_drift-00295,feature_drift,train,56,347,58.45,3,0.3238,3,0.4742,1,1
feature_drift-00296,feature_drift,val,30,120,99.41,0,0.504,2,0.1495,0,1
feature_drift-00297,feature_drift,train,35,656,72.08,1,0.2002,3,0.4509,0,1
feature_drift-00298,feature_drift,train,64,318,40.48,1,0.588,3,0.2728,0,1
feature_drift-00299,feature_drift,val,73,814,77.53,1,0.2141,1,0.4024,0,1
feature_drift-00300,feature_drift,test,26,602,73.86,2,0.0432,3,0.3209,0,1
feature_drift-00301,feature_drift,train,68,443,94.93,2,0.3293,3,0.5284,1,1
feature_drift-00302,feature_drift,train,54,390,54.53,2,0.0,0,0.477,1,1
feature_drift-00303,feature_drift,test,34,684,68.77,1,0.1697,1,0.4255,0,1
feature_drift-00304,feature_drift,train,64,34,55.31,3,0.1514,0,0.3573,1,1
feature_drift-00305,feature_drift,train,20,62,95.27,0,0.201,3,0.0106,0,1
feature_drift-00306,feature_drift,val,27,292,73.32,1,0.0,0,0.1178,1,1
feature_drift-00307,feature_drift,train,59,48,67.44,0,0.2256,2,0.4277,0,1
feature_drift-00308,feature_drift,test,23,218,74.07,1,0.111,2,0.4874,1,1
feature_drift-00309,feature_drift,train,63,62,41.75,1,0.2269,1,0.3117,0,1
feature_drift-00310,feature_drift,train,55,113,81.36,2,0.2768,2,0.3391,1,1
feature_drift-00311,feature_drift,train,52,7,127.51,1,0.4166,5,0.3118,0,1
feature_drift-00312,feature_drift,train,45,2147,82.21,3,0.2009,0,0.183,0,1
feature_drift-00313,feature_drift,train,38,215,83.92,1,0.4556,4,0.2427,1,1
feature_drift-00314,feature_drift,test,49,575,101.01,0,0.3251,1,0.5656,1,1
feature_drift-00315,feature_drift,train,75,16,124.31,4,0.1958,2,0.2581,0,1
feature_drift-00316,feature_drift,test,58,511,66.56,0,0.3631,4,0.5527,0,0
feature_drift-00317,feature_drift,train,63,461,67.93,2,0.42,4,0.4003,0,1
feature_drift-00318,feature_drift,train,67,178,98.14,0,0.4283,1,0.3198,0,1
feature_drift-00319,feature_drift,train,63,472,68.77,2,0.2617,3,0.6483,1,1
feature_drift-00320,feature_drift,test,54,369,36.41,4,0.1821,3,0.5571,1,1
feature_drift-00321,feature_drift,train,68,136,77.3,1,0.2918,3,0.0,0,1
feature_drift-00322,feature_drift,train,66,73,88.13,1,0.3284,1,0.4209,1,1
feature_drift-00323,feature_drift,test,38,54,63.82,1,0.0,3,0.2578,0,1
feature_drift-00324,feature_drift,val,74,194,68.29,0,0.3016,1,0.4613,0,1
feature_drift-00325,feature_drift,train,28,357,106.83,1,0.263,4,0.2564,1,1
feature_drift-00326,feature_drift,train,75,700,113.98,3,0.3425,2,0.8192,0,0
feature_drift-00327,feature_drift,test,18,585,65.45,0,0.3762,0,0.6147,0,1
feature_drift-00328,feature_drift,val,40,142,68.08,2,0.0644,1,0.0759,0,1
feature_drift-00329,feature_drift,train,60,386,70.22,1,0.0,1,0.6939,0,1
feature_drift-00330,feature_drift,train,32,1011,113.3,0,0.0935,1,0.4809,0,1
feature_drift-00331,feature_drift,train,30,320,81.81,0,0.2842,2,0.0988,0,1
feature_drift-00332,feature_drift,test,68,933,114.92,0,0.0,0,0.53,0,0
feature_drift-00333,feature_drift,train,71,44,72.94,0,0.2453,3,0.3419,0,1
feature_drift-00334,feature_drift,val,37,356,59.4,1,0.0905,2,0.6782,1,1
feature_drift-00335,feature_drift,train,34,472,111.41,1,0.3143,0,0.1896,0,1
feature_drift-00336,feature_drift,val,64,9,117.66,3,0.4286,1,0.1736,1,1
feature_drift-00337,feature_drift,train,59,1233,87.67,1,0.2283,4,0.1123,0,1
feature_drift-00338,feature_drift,train,29,582,63.67,0,0.266,3,0.0,0,1
feature_drift-00339,feature_drift,train,27,1631,45.26,2,0.5016,2,0.2722,1,1
feature_drift-00340,feature_drift,train,28,1180,82.59,0,0.4829,1,0.271,0,1
feature_drift-00341,feature_drift,train,23,78,77.31,5,0.5418,0,0.7846,0,1
feature_drift-00342,feature_drift,test,43,397,105.94,1,0.0,2,0.1836,1,1
feature_drift-00343,feature_drift,train,71,184,87.44,2,0.2057,2,0.6856,1,1
feature_drift-00344,feature_drift,train,40,493,111.67,4,0.0611,2,0.3493,1,1
feature_drift-00345,feature_drift,train,30,566,40.55,0,0.4325,1,0.1084,0,0
feature_drift-00346,feature_drift,train,22,152,127.09,1,0.2627,2,0.2237,1,1
feature_drift-00347,feature_drift,test,63,187,72.51,0,0.1332,1,0.3516,0,1
feature_drift-00348,feature_drift,val,73,214,55.45,2,0.3392,6,0.3417,0,0
feature_drift-00349,feature_drift,val,27,145,50.71,1,0.3685,0,0.5444,1,1
feature_drift-00350,feature_drift,train,36,19,106.65,1,0.5098,2,0.3454,0,1
feature_drift-00351,feature_drift,train,36,129,140.07,2,0.4328,7,0.4923,0,1
feature_drift-00352,feature_drift,train,24,501,45.36,3,0.2198,1,0.2047,0,1
feature_drift-00353,feature_drift,train,30,227,36.31,3,0.1634,0,0.3515,0,1
feature_drift-00354,feature_drift,train,32,426,69.57,2,0.5099,0,0.4663,1,1
feature_drift-00355,feature_drift,train,41,1886,131.85,0,0.0293,3,0.2592,1,0
feature_drift-00356,feature_drift,test,22,60,57.74,3,0.0227,7,0.5311,0,1
feature_drift-00357,feature_drift,train,65,196,53.19,0,0.0543,0,0.472,0,1
feature_drift-00358,feature_drift,val,50,1000,61.64,0,0.4287,0,0.1626,0,1
feature_drift-00359,feature_drift,test,58,1416,28.63,2,0.2536,4,0.3769,1,1
feature_drift-00360,feature_drift,train,64,267,105.19,2,0.1989,2,0.3277,0,1
feature_drift-00361,feature_drift,val,19,425,80.36,2,0.2668,4,0.2888,0,1
feature_drift-00362,feature_drift,val,56,61,129.53,3,0.3018,5,0.3857,0,1
feature_drift-00363,feature_drift,test,27,1975,147.3,0,0.1748,1,0.5059,0,0
feature_drift-00364,feature_drift,val,41,325,33.19,3,0.1387,3,0.5371,1,1
feature_drift-00365,feature_drift,train,72,38,67.18,3,0.058,4,0.7661,0,1
feature_drift-00366,feature_drift,train,63,1291,93.23,0,0.2415,3,0.4567,1,0
feature_drift-00367,feature_drift,train,75,364,32.71,2,0.2432,3,0.5824,1,1
feature_drift-00368,feature_drift,train,42,981,41.18,0,0.334,2,0.1298,0,0
feature_drift-00369,feature_drift,test,53,316,89.56,4,0.2194,0,0.534,0,1
feature_drift-00370,feature_drift,test,18,33,42.36,3,0.2673,1,0.1484,1,1
feature_drift-00371,feature_drift,train,41,400,100.7,3,0.1114,3,0.5918,0,1
feature_drift-00372,feature_drift,train,41,281,79.97,2,0.0867,2,0.2293,1,1
feature_drift-00373,feature_drift,train,69,970,127.77,1,0.301,4,0.2101,1,1
feature_drift-00374,feature_drift,train,24,824,75.65,2,0.0442,3,0.443,0,1
feature_drift-00375,feature_drift,train,30,351,60.29,1,0.4263,1,0.6525,0,1
feature_drift-00376,feature_drift,train,26,400,77.31,1,0.3332,2,0.3905,0,1
feature_drift-00377,feature_drift,test,42,250,61.7,0,0.2529,1,0.4805,1,1
feature_drift-00378,feature_drift,val,26,245,87.2,1,0.0733,2,0.3108,0,1
feature_drift-00379,feature_drift,train,49,328,58.82,2,0.3864,1,0.0384,0,1
feature_drift-00380,feature_drift,val,35,312,71.73,1,0.2002,3,0.5711,1,1
feature_drift-00381,feature_drift,train,47,567,58.69,2,0.1533,1,0.3849,1,1
feature_drift-00382,feature_drift,train,37,22,121.87,2,0.0,2,0.7053,0,1
feature_drift-00383,feature_drift,train,71,853,107.83,0,0.5154,1,0.2611,0,1
feature_drift-00384,feature_drift,train,51,1147,72.31,1,0.5779,1,0.3782,0,1
feature_drift-00385,feature_drift,train,40,16,58.8,2,0.503,3,0.7927,1,0
feature_drift-00386,feature_drift,train,72,104,69.59,2,0.174,3,0.4519,0,1
feature_drift-00387,feature_drift,test,39,764,52.64,5,0.2639,0,0.0243,0,1
feature_drift-00388,feature_drift,train,52,499,132.25,2,0.3794,1,0.4492,0,1
feature_drift-00389,feature_drift,test,63,173,104.52,0,0.3363,0,0.3712,0,1
feature_drift-00390,feature_drift,train,66,150,159.25,1,0.2072,2,0.2745,0,1
feature_drift-00391,feature_drift,test,67,208,120.86,5,0.3812,2,0.3992,0,1
feature_drift-00392,feature_drift,test,74,338,56.2,2,0.332,3,0.0648,1,1
feature_drift-00393,feature_drift,train,26,502,74.08,0,0.0085,3,0.2035,0,1
feature_drift-00394,feature_drift,test,48,237,95.74,1,0.2255,7,0.1128,0,1
feature_drift-00395,feature_drift,train,64,144,44.68,1,0.2649,1,0.3206,0,1
feature_drift-00396,feature_drift,val,23,494,66.65,2,0.2124,0,0.3106,1,1
feature_drift-00397,feature_drift,train,60,691,36.06,1,0.2829,1,0.5427,0,0
feature_drift-00398,feature_drift,train,20,85,96.83,1,0.1831,3,0.3659,0,1
feature_drift-00399,feature_drift,val,63,151,84.72,2,0.3137,2,0.6078,1,1
feature_drift-00400,feature_drift,test,66,616,88.37,1,0.5411,1,0.2637,0,1
feature_drift-00401,feature_drift,train,60,13,68.64,2,0.3189,0,0.6092,0,1
feature_drift-00402,feature_drift,train,54,57,94.89,0,0.3522,1,0.4155,0,1
feature_drift-00403,feature_drift,train,38,770,92.01,5,0.0,1,0.301,0,1
feature_drift-00404,feature_drift,test,46,160,61.91,0,0.3746,1,0.1887,0,1
feature_drift-00405,feature_drift,train,58,404,76.04,2,0.3434,1,0.6683,1,1
feature_drift-00406,feature_drift,test,60,756,56.96,3,0.2883,1,0.2529,0,1
feature_drift-00407,feature_drift,train,24,356,75.51,1,0.3158,0,0.4092,1,1
feature_drift-00408,feature_drift,val,18,635,74.09,0,0.0657,0,0.2125,0,1
feature_drift-00409,feature_drift,test,69,237,116.64,2,0.2785,2,0.4997,0,1
feature_drift-00410,feature_drift,train,67,373,68.65,2,0.3506,7,0.3699,0,0
feature_drift-00411,feature_drift,train,41,95,55.1,2,0.2123,1,0.5397,1,1
feature_drift-00412,feature_drift,train,59,225,71.41,0,0.5635,4,0.2275,1,0
feature_drift-00413,feature_drift,train,34,1049,40.83,1,0.3436,3,0.2756,1,1
feature_drift-00414,feature_drift,test,49,1318,121.34,1,0.3015,5,0.472,1,0
feature_drift-00415,feature_drift,train,43,136,37.17,1,0.4863,2,0.4751,0,1
feature_drift-00416,feature_drift,train,57,442,166.21,0,0.0,1,0.6078,1,1
feature_drift-00417,feature_drift,test,52,801,68.6,1,0.568,2,0.4801,1,0
feature_drift-00418,feature_drift,test,52,98,114.19,1,0.0502,1,0.729,0,1
feature_drift-00419,feature_drift,val,61,695,38.86,1,0.1812,5,0.0798,0,1
feature_drift-00420,feature_drift,train,43,87,55.3,0,0.2142,3,0.4445,0,1
feature_drift-00421,feature_drift,train,22,111,64.78,0,0.4029,2,0.2926,0,1
feature_drift-00422,feature_drift,train,46,206,93.52,1,0.3037,1,0.676,0,1
feature_drift-00423,feature_drift,val,26,89,46.08,4,0.4384,4,0.3424,0,1
feature_drift-00424,feature_drift,train,18,395,44.64,3,0.1815,3,0.2432,0,1
feature_drift-00425,feature_drift,train,27,312,133.46,2,0.2611,2,0.2425,0,1
feature_drift-00426,feature_drift,train,56,8,116.54,1,0.1235,1,0.3999,1,1
feature_drift-00427,feature_drift,train,59,1480,112.33,1,0.2491,3,0.5813,0,0
feature_drift-00428,feature_drift,train,75,14,108.68,5,0.4342,1,0.6649,1,1
feature_drift-00429,feature_drift,train,33,68,59.33,2,0.2409,2,0.1766,0,1
feature_drift-00430,feature_drift,train,43,292,60.12,4,0.2368,0,0.2923,0,1
feature_drift-00431,feature_drift,val,32,129,98.35,2,0.3682,1,0.5369,0,1
feature_drift-00432,feature_drift,train,25,640,131.08,3,0.0053,2,0.1849,0,1
feature_drift-00433,feature_drift,test,22,419,67.55,1,0.2035,1,0.0492,1,1
feature_drift-00434,feature_drift,train,54,221,51.43,1,0.5055,2,0.6284,0,0
feature_drift-00435,feature_drift,train,55,19,97.0,0,0.1771,2,0.5656,0,0
feature_drift-00436,feature_drift,train,43,323,84.21,0,0.3623,4,0.4538,1,1
feature_drift-00437,feature_drift,train,32,683,77.9,1,0.28,1,0.4142,0,1
feature_drift-00438,feature_drift,train,27,1060,65.57,4,0.4897,1,0.5867,0,1
feature_drift-00439,feature_drift,val,67,18,88.73,0,0.3539,3,0.5283,1,1
feature_drift-00440,feature_drift,train,45,319,87.43,3,0.3177,5,0.3279,1,1
feature_drift-00441,feature_drift,train,58,63,76.89,1,0.1115,2,0.4865,1,1
feature_drift-00442,feature_drift,test,26,1095,152.4,1,0.201,1,0.7176,1,1
feature_drift-00443,feature_drift,val,68,850,66.83,2,0.3711,0,0.033,1,1
feature_drift-00444,feature_drift,train,65,287,39.76,1,0.4149,0,0.5616,0,1
feature_drift-00445,feature_drift,train,19,549,123.81,1,0.278,0,0.6132,0,1
feature_drift-00446,feature_drift,val,46,301,129.59,2,0.2938,0,0.2312,1,1
feature_drift-00447,feature_drift,train,38,312,39.79,1,0.044,2,0.4706,0,1
feature_drift-00448,feature_drift,train,61,916,111.4,0,0.2439,2,0.1956,1,1
feature_drift-00449,feature_drift,val,69,491,96.27,2,0.2334,1,0.3801,1,1
feature_drift-00450,feature_drift,val,24,2,107.76,2,0.5072,2,0.5543,0,1
feature_drift-00451,feature_drift,train,18,343,71.96,0,0.2834,1,0.6577,1,1
feature_drift-00452,feature_drift,train,22,305,96.34,1,0.2752,4,0.1771,0,1
feature_drift-00453,feature_drift,train,30,195,56.25,3,0.3513,2,0.1664,1,1
feature_drift-00454,feature_drift,val,67,67,54.48,0,0.3098,2,0.0543,0,1
feature_drift-00455,feature_drift,train,38,659,152.98,3,0.1691,2,0.6391,0,1
feature_drift-00456,feature_drift,train,43,262,72.86,5,0.2387,1,0.4212,0,1
feature_drift-00457,feature_drift,val,35,372,55.83,1,0.2524,1,0.5188,0,1
feature_drift-00458,feature_drift,train,62,1194,39.49,2,0.2677,2,0.2186,1,1
feature_drift-00459,feature_drift,test,71,1173,103.51,1,0.2248,1,0.466,0,0
feature_drift-00460,feature_drift,train,23,125,141.16,1,0.3898,3,0.4352,0,1
feature_drift-00461,feature_drift,train,35,283,93.05,0,0.1478,4,0.5483,1,1
feature_drift-00462,feature_drift,test,31,143,94.55,1,0.1754,2,0.5753,1,1
feature_drift-00463,feature_drift,test,37,14,62.46,1,0.6277,2,0.2805,1,1
feature_drift-00464,feature_drift,test,70,676,62.66,2,0.1429,3,0.5221,0,1
feature_drift-00465,feature_drift,val,39,458,52.4,2,0.1709,2,0.6763,0,0
feature_drift-00466,feature_drift,train,24,461,84.24,0,0.4237,2,0.776,1,1
feature_drift-00467,feature_drift,train,41,17,43.71,3,0.0869,2,0.1458,0,1
feature_drift-00468,feature_drift,train,49,133,84.76,0,0.3422,4,0.6374,1,0
feature_drift-00469,feature_drift,train,33,320,83.53,1,0.0,1,0.5087,0,1
feature_drift-00470,feature_drift,test,34,52,87.22,0,0.1459,3,0.5412,0,1
feature_drift-00471,feature_drift,train,37,249,102.75,3,0.2097,4,0.7013,0,1
feature_drift-00472,feature_drift,train,35,310,52.58,1,0.7667,2,0.5317,0,1
feature_drift-00473,feature_drift,train,38,169,109.23,0,0.2044,1,0.3652,0,1
feature_drift-00474,feature_drift,train,20,186,169.61,0,0.2648,2,0.3382,1,1
feature_drift-00475,feature_drift,val,69,93,78.72,0,0.3334,3,0.2943,0,0
feature_drift-00476,feature_drift,train,57,27,58.15,1,0.2051,3,0.4096,1,1
feature_drift-00477,feature_drift,train,75,248,92.26,1,0.1932,3,0.4908,1,1
feature_drift-00478,feature_drift,train,20,1175,83.73,1,0.1361,2,0.3584,1,1
feature_drift-00479,feature_drift,train,18,112,62.89,1,0.516,2,0.5577,1,1
feature_drift-00480,feature_drift,train,37,169,97.7,1,0.1473,0,0.6455,0,1
feature_drift-00481,feature_drift,train,45,413,38.73,1,0.1814,4,0.4021,0,0
feature_drift-00482,feature_drift,val,49,11,171.09,3,0.6121,2,0.6514,0,1
feature_drift-00483,feature_drift,train,50,155,93.37,3,0.2444,1,0.3282,0,1
feature_drift-00484,feature_drift,train,74,324,107.79,1,0.4138,4,0.3449,0,1
feature_drift-00485,feature_drift,test,73,111,77.13,1,0.5294,3,0.2185,0,1
feature_drift-00486,feature_drift,train,67,385,57.12,2,0.1266,2,0.5662,0,1
feature_drift-00487,feature_drift,train,48,605,78.72,1,0.2493,3,0.5723,1,1
feature_drift-00488,feature_drift,val,46,43,108.44,2,0.4384,3,0.3998,1,1
feature_drift-00489,feature_drift,train,66,562,120.93,2,0.2681,2,0.3981,1,1
feature_drift-00490,feature_drift,train,65,697,96.29,3,0.2478,3,0.3094,1,1
feature_drift-00491,feature_drift,train,69,28,60.09,2,0.2887,0,0.6645,1,1
feature_drift-00492,feature_drift,test,38,125,83.63,1,0.4723,0,0.684,1,1
feature_drift-00493,feature_drift,test,68,139,62.53,0,0.1348,3,0.3033,1,1
feature_drift-00494,feature_drift,train,19,635,40.15,2,0.2606,1,0.3876,1,1
feature_drift-00495,feature_drift,val,62,2282,63.5,1,0.2873,4,0.2619,1,0
feature_drift-00496,feature_drift,test,30,25,122.28,0,0.0556,5,0.3052,1,1
feature_drift-00497,feature_drift,train,19,142,81.59,2,0.1705,2,0.2297,1,1
feature_drift-00498,feature_drift,train,21,644,75.63,2,0.3565,2,0.416,1,1
feature_drift-00499,feature_drift,train,22,125,116.59,3,0.3537,3,0.2162,1,1
feature_drift-00500,feature_drift,train,36,322,69.18,2,0.2965,7,0.2382,0,1
feature_drift-00501,feature_drift,val,54,8,81.07,1,0.3935,5,0.3298,1,1
feature_drift-00502,feature_drift,train,48,51,71.07,1,0.2558,3,0.5549,0,0
feature_drift-00503,feature_drift,train,22,116,67.87,3,0.2977,3,0.5872,1,1
feature_drift-00504,feature_drift,train,37,1031,59.21,1,0.3842,1,0.1017,0,1
feature_drift-00505,feature_drift,test,37,104,67.47,0,0.3408,2,0.1568,0,1
feature_drift-00506,feature_drift,train,48,42,62.19,0,0.1004,1,0.1189,0,1
feature_drift-00507,feature_drift,train,40,577,157.66,0,0.1003,6,0.0,0,1
feature_drift-00508,feature_drift,train,47,480,146.89,3,0.2677,2,0.7578,1,1
feature_drift-00509,feature_drift,train,40,253,79.27,1,0.1372,2,0.3561,1,1
feature_drift-00510,feature_drift,train,33,216,87.18,1,0.3896,1,0.4491,0,1
feature_drift-00511,feature_drift,train,29,230,84.24,1,0.3658,3,0.3532,0,1
feature_drift-00512,feature_drift,train,67,58,54.13,3,0.1603,3,0.3034,0,1
feature_drift-00513,feature_drift,val,52,915,58.41,2,0.4354,3,0.2424,0,0
feature_drift-00514,feature_drift,train,41,924,51.92,3,0.1197,3,0.4695,1,1
feature_drift-00515,feature_drift,val,31,135,60.04,1,0.3967,4,0.2209,0,1
feature_drift-00516,feature_drift,train,29,365,83.28,1,0.2661,5,0.5357,1,0
feature_drift-00517,feature_drift,train,56,2088,54.87,1,0.2019,2,0.542,0,0
feature_drift-00518,feature_drift,train,50,63,48.2,0,0.4223,2,0.0,1,1
feature_drift-00519,feature_drift,train,34,263,126.48,1,0.2663,1,0.3197,1,1
feature_drift-00520,feature_drift,train,52,198,130.54,2,0.244,2,0.2606,0,1
feature_drift-00521,feature_drift,test,42,540,56.33,2,0.4749,3,0.3576,1,1
feature_drift-00522,feature_drift,train,52,1064,94.98,0,0.0692,1,0.2395,1,1
feature_drift-00523,feature_drift,test,52,62,80.74,1,0.2913,2,0.324,0,1
feature_drift-00524,feature_drift,train,59,1,183.92,0,0.4035,1,0.4713,1,1
feature_drift-00525,feature_drift,train,66,630,86.95,2,0.4984,1,0.3711,1,1
feature_drift-00526,feature_drift,train,42,573,105.46,0,0.1942,2,0.6066,0,1
feature_drift-00527,feature_drift,val,68,897,64.81,2,0.2927,5,0.4123,0,1
feature_drift-00528,feature_drift,val,28,17,86.97,1,0.1629,0,0.7386,0,1
feature_drift-00529,feature_drift,train,43,790,65.25,6,0.2852,1,0.3483,0,1
feature_drift-00530,feature_drift,train,72,1898,66.41,4,0.0,0,0.2473,1,1
feature_drift-00531,feature_drift,test,66,77,97.02,1,0.0658,4,0.5227,0,1
feature_drift-00532,feature_drift,train,55,631,109.36,3,0.408,2,0.4918,0,1
feature_drift-00533,feature_drift,train,61,103,103.68,2,0.2299,4,0.3969,0,1
feature_drift-00534,feature_drift,val,25,15,97.56,1,0.3015,2,0.4463,0,1
feature_drift-00535,feature_drift,val,65,48,155.3,1,0.4709,1,0.2107,0,1
feature_drift-00536,feature_drift,test,29,16,81.2,0,0.2177,1,0.4611,0,1
feature_drift-00537,feature_drift,train,25,38,122.25,1,0.2574,2,0.5611,0,1
feature_drift-00538,feature_drift,val,41,167,35.62,3,0.2613,1,0.6253,1,1
feature_drift-00539,feature_drift,train,71,51,50.18,3,0.3101,1,0.2825,1,1
feature_drift-00540,feature_drift,test,53,541,49.08,1,0.298,1,0.1954,1,1
feature_drift-00541,feature_drift,train,34,124,89.4,2,0.122,1,0.6494,0,1
feature_drift-00542,feature_drift,train,75,481,83.28,1,0.19,0,0.5081,1,1
feature_drift-00543,feature_drift,train,72,416,109.14,0,0.0153,3,0.4024,0,1
feature_drift-00544,feature_drift,val,31,350,69.53,2,0.3139,1,0.1195,0,1
feature_drift-00545,feature_drift,train,57,3,126.08,0,0.2659,2,0.5496,1,1
feature_drift-00546,feature_drift,test,59,230,125.2,2,0.0,4,0.7361,0,0
feature_drift-00547,feature_drift,test,59,295,106.24,0,0.0535,1,0.4257,0,1
feature_drift-00548,feature_drift,train,71,807,86.1,3,0.1501,1,0.7627,1,1
feature_drift-00549,feature_drift,val,43,694,27.54,0,0.3145,3,0.2578,1,1
feature_drift-00550,feature_drift,train,40,777,114.79,1,0.2444,3,0.3404,0,1
feature_drift-00551,feature_drift,train,26,236,70.78,2,0.272,1,0.5302,0,1
feature_drift-00552,feature_drift,train,58,13,118.09,1,0.0906,1,0.46,0,1
feature_drift-00553,feature_drift,train,57,185,83.27,2,0.6851,4,0.3329,0,1
feature_drift-00554,feature_drift,test,27,1113,56.37,1,0.3682,1,0.4695,1,1
feature_drift-00555,feature_drift,train,70,62,66.32,1,0.106,2,0.2696,1,1
feature_drift-00556,feature_drift,train,42,1713,99.41,0,0.1641,2,0.322,0,1
feature_drift-00557,feature_drift,train,25,145,62.83,0,0.1629,3,0.6167,0,1
feature_drift-00558,feature_drift,train,35,466,66.92,0,0.215,6,0.359,0,0
feature_drift-00559,feature_drift,val,35,1075,47.73,2,0.3134,2,0.6474,0,0
feature_drift-00560,feature_drift,train,39,252,66.19,1,0.5046,4,0.0789,0,1
feature_drift-00561,feature_drift,test,40,580,127.56,0,0.4772,4,0.3295,1,1
feature_drift-00562,feature_drift,test,34,379,200.0,3,0.1786,1,0.1644,0,1
feature_drift-00563,feature_drift,train,63,522,78.18,2,0.0976,3,0.7648,1,0
feature_drift-00564,feature_drift,test,63,163,147.78,1,0.3137,0,0.269,0,1
feature_drift-00565,feature_drift,train,47,506,55.66,1,0.2263,1,0.4963,1,1
feature_drift-00566,feature_drift,train,50,155,82.74,0,0.3911,3,0.3768,1,1
feature_drift-00567,feature_drift,train,54,47,94.55,2,0.4786,1,0.4074,0,1
feature_drift-00568,feature_drift,train,64,63,85.54,3,0.2521,1,0.3966,0,1
feature_drift-00569,feature_drift,train,23,872,129.69,2,0.2848,2,0.4475,1,1
feature_drift-00570,feature_drift,train,39,582,79.39,2,0.3087,2,0.364,1,1
feature_drift-00571,feature_drift,train,23,68,36.71,4,0.3181,4,0.8094,0,0
feature_drift-00572,feature_drift,train,37,389,89.81,3,0.0427,2,0.4051,1,1
feature_drift-00573,feature_drift,val,55,303,105.29,2,0.4631,0,0.1542,0,1
feature_drift-00574,feature_drift,val,36,265,56.57,0,0.1898,1,0.2105,0,1
feature_drift-00575,feature_drift,val,53,533,75.73,1,0.1683,1,0.3752,1,1
feature_drift-00576,feature_drift,train,32,403,109.88,2,0.0877,2,0.567,1,1
feature_drift-00577,feature_drift,train,24,24,68.17,0,0.2086,6,0.4032,1,1
feature_drift-00578,feature_drift,train,58,20,79.42,3,0.4184,2,0.6113,0,1
feature_drift-00579,feature_drift,train,72,851,40.46,1,0.4896,2,0.4754,0,0
feature_drift-00580,feature_drift,val,69,343,46.12,1,0.0895,1,0.1968,0,1
feature_drift-00581,feature_drift,train,19,96,54.95,2,0.4653,3,0.3147,1,1
feature_drift-00582,feature_drift,train,28,51,77.58,3,0.2009,0,0.4564,1,1
feature_drift-00583,feature_drift,train,51,22,78.33,2,0.2663,3,0.114,1,1
feature_drift-00584,feature_drift,train,20,650,104.35,3,0.1304,8,0.8057,1,0
feature_drift-00585,feature_drift,test,47,682,77.11,0,0.3197,2,0.4459,0,0
feature_drift-00586,feature_drift,train,21,1311,134.0,0,0.3321,2,0.3293,0,0
feature_drift-00587,feature_drift,val,68,432,101.37,2,0.2068,4,0.0357,1,1
feature_drift-00588,feature_drift,train,20,646,58.03,2,0.2899,2,0.6877,1,1
feature_drift-00589,feature_drift,train,56,625,81.42,2,0.0505,1,0.5396,1,1
feature_drift-00590,feature_drift,train,46,141,33.48,1,0.247,1,0.6029,1,1
feature_drift-00591,feature_drift,train,49,722,109.62,0,0.4095,1,0.5976,0,1
feature_drift-00592,feature_drift,val,62,35,67.89,1,0.2395,2,0.2692,0,1
feature_drift-00593,feature_drift,test,43,612,60.79,2,0.3655,4,0.3187,1,1
feature_drift-00594,feature_drift,train,37,109,87.64,1,0.1781,0,0.5074,0,1
feature_drift-00595,feature_drift,train,38,398,90.67,0,0.1072,1,0.1835,1,1
feature_drift-00596,feature_drift,train,41,856,79.59,1,0.3054,4,0.5161,0,0
feature_drift-00597,feature_drift,val,34,84,48.06,3,0.1645,1,0.5672,0,1
feature_drift-00598,feature_drift,test,69,728,93.0,2,0.2988,3,0.4258,1,1
feature_drift-00599,feature_drift,val,57,186,84.93,1,0.3511,2,0.4461,1,1
feature_drift-00600,feature_drift,train,71,1685,62.17,2,0.415,5,0.6689,1,0
feature_drift-00601,feature_drift,test,31,281,44.24,5,0.0703,2,0.389,0,1
feature_drift-00602,feature_drift,train,22,199,64.22,2,0.0624,5,0.3072,1,1
feature_drift-00603,feature_drift,train,74,63,61.15,1,0.3733,1,0.271,0,1
feature_drift-00604,feature_drift,val,32,1467,82.75,1,0.1831,2,0.466,0,1
feature_drift-00605,feature_drift,test,44,161,48.37,1,0.3076,2,0.3316,1,1
feature_drift-00606,feature_drift,train,75,29,61.37,4,0.2729,1,0.6508,0,1
feature_drift-00607,feature_drift,train,63,154,90.58,3,0.522,3,0.5585,1,1
feature_drift-00608,feature_drift,test,64,82,115.09,4,0.196,3,0.5426,0,1
feature_drift-00609,feature_drift,val,56,139,94.3,1,0.2346,2,0.6437,0,1
feature_drift-00610,feature_drift,train,70,592,79.78,1,0.1402,4,0.7371,0,1
feature_drift-00611,feature_drift,test,30,27,53.14,2,0.3619,1,0.4926,0,1
feature_drift-00612,feature_drift,train,64,134,72.23,2,0.1018,5,0.4891,1,1
feature_drift-00613,feature_drift,train,53,479,175.87,2,0.1291,2,0.1842,0,1
feature_drift-00614,feature_drift,test,42,1311,102.24,0,0.3352,3,0.2552,0,0
feature_drift-00615,feature_drift,train,28,249,115.54,2,0.3179,4,0.1729,0,1
feature_drift-00616,feature_drift,train,48,243,95.29,1,0.2638,3,0.5762,1,1
feature_drift-00617,feature_drift,val,24,827,66.99,1,0.3674,1,0.6304,1,1
feature_drift-00618,feature_drift,test,58,869,74.45,3,0.4104,2,0.1457,0,1
feature_drift-00619,feature_drift,test,57,76,136.86,2,0.1211,2,0.3588,0,1
feature_drift-00620,feature_drift,test,58,44,49.13,1,0.2742,0,0.7298,1,1
feature_drift-00621,feature_drift,val,18,156,168.8,1,0.3851,4,0.4929,1,1
feature_drift-00622,feature_drift,train,50,454,73.75,5,0.3293,1,0.1331,0,1
feature_drift-00623,feature_drift,train,71,340,94.99,0,0.2109,2,0.6236,0,1
feature_drift-00624,feature_drift,train,18,96,91.58,1,0.0574,2,0.4606,0,1
feature_drift-00625,feature_drift,train,67,152,74.54,1,0.248,0,0.2635,0,1
feature_drift-00626,feature_drift,test,74,245,28.18,2,0.1608,1,0.5171,0,1
feature_drift-00627,feature_drift,train,37,71,87.36,1,0.0696,1,0.4265,1,1
feature_drift-00628,feature_drift,train,38,162,129.14,0,0.4529,5,0.1688,0,1
feature_drift-00629,feature_drift,train,74,75,63.53,1,0.1027,0,0.3483,0,1
feature_drift-00630,feature_drift,train,21,490,86.69,0,0.1368,2,0.2043,0,1
feature_drift-00631,feature_drift,train,56,137,46.48,3,0.1616,2,0.0556,0,1
feature_drift-00632,feature_drift,train,55,141,122.24,2,0.2076,2,0.097,1,1
feature_drift-00633,feature_drift,val,64,581,106.0,3,0.0099,5,0.4375,0,1
feature_drift-00634,feature_drift,train,50,339,157.56,1,0.0912,5,0.3202,0,1
feature_drift-00635,feature_drift,train,31,925,92.12,3,0.0989,2,0.2623,1,1
feature_drift-00636,feature_drift,train,53,729,42.06,1,0.2054,0,0.4409,0,1
feature_drift-00637,feature_drift,train,51,924,37.89,0,0.4378,2,0.7096,0,0
feature_drift-00638,feature_drift,train,63,195,32.67,3,0.43,1,0.7006,1,1
feature_drift-00639,feature_drift,train,27,96,75.31,2,0.3183,1,0.3189,0,1
feature_drift-00640,feature_drift,train,23,289,83.13,1,0.2287,2,0.3303,0,1
feature_drift-00641,feature_drift,train,27,96,28.42,0,0.1367,1,0.0413,0,1
feature_drift-00642,feature_drift,test,70,533,69.93,4,0.0759,3,0.4125,0,1
feature_drift-00643,feature_drift,test,67,775,49.51,1,0.1739,1,0.3925,1,1
feature_drift-00644,feature_drift,train,61,96,43.65,2,0.4143,0,0.5296,1,1
feature_drift-00645,feature_drift,test,25,2562,50.8,4,0.5149,1,0.1706,0,1
feature_drift-00646,feature_drift,train,32,338,73.85,4,0.2261,4,0.3437,0,1
feature_drift-00647,feature_drift,train,27,36,73.62,1,0.3304,5,0.3922,1,1
feature_drift-00648,feature_drift,train,51,15,145.97,3,0.2529,1,0.7849,0,0
feature_drift-00649,feature_drift,train,26,46,91.57,0,0.3475,4,0.2988,1,1
feature_drift-00650,feature_drift,test,70,83,49.47,0,0.3424,5,0.4287,0,1
feature_drift-00651,feature_drift,train,42,472,59.44,1,0.3976,0,0.4648,1,1
feature_drift-00652,feature_drift,train,42,175,84.28,1,0.4592,1,0.0177,0,1
feature_drift-00653,feature_drift,train,39,85,57.4,4,0.2872,2,0.2726,0,1
feature_drift-00654,feature_drift,train,58,408,88.53,2,0.1187,1,0.6287,1,1
feature_drift-00655,feature_drift,train,71,170,49.09,4,0.0667,1,0.393,0,1
feature_drift-00656,feature_drift,train,60,225,156.91,1,0.3973,1,0.5667,0,1
feature_drift-00657,feature_drift,train,22,60,96.37,0,0.1043,2,0.4269,1,1
feature_drift-00658,feature_drift,test,65,345,72.8,3,0.1192,3,0.3186,0,1
feature_drift-00659,feature_drift,train,24,765,79.68,1,0.1665,2,0.5578,0,1
feature_drift-00660,feature_drift,val,46,734,91.23,1,0.2397,1,0.5089,0,1
feature_drift-00661,feature_drift,test,18,31,76.6,3,0.3694,5,0.6681,1,1
feature_drift-00662,feature_drift,val,54,40,124.65,1,0.2435,2,0.2994,0,1
feature_drift-00663,feature_drift,train,47,120,115.03,1,0.3365,1,0.68,1,1
feature_drift-00664,feature_drift,train,49,769,67.14,2,0.2778,1,0.4127,0,1
feature_drift-00665,feature_drift,train,31,172,103.64,3,0.147,2,0.0596,1,1
feature_drift-00666,feature_drift,train,44,13,72.56,1,0.346,2,0.6612,1,1
feature_drift-00667,feature_drift,val,23,113,95.48,3,0.5097,1,0.2144,0,1
feature_drift-00668,feature_drift,train,29,662,82.89,2,0.0983,3,0.3269,0,1
feature_drift-00669,feature_drift,train,36,1431,76.27,2,0.3762,0,0.5056,0,1
feature_drift-00670,feature_drift,test,43,99,65.89,1,0.0984,3,0.5708,0,1
feature_drift-00671,feature_drift,val,32,250,70.74,0,0.0702,0,0.2253,1,1
feature_drift-00672,feature_drift,train,41,36,51.05,1,0.1983,1,0.1627,1,1
feature_drift-00673,feature_drift,val,32,104,76.04,1,0.0684,1,0.6774,1,1
feature_drift-00674,feature_drift,val,30,289,127.92,2,0.2947,2,0.3668,0,1
feature_drift-00675,feature_drift,test,18,921,42.23,1,0.3934,3,0.3994,1,0
feature_drift-00676,feature_drift,test,19,199,69.17,0,0.1436,2,0.5209,1,1
feature_drift-00677,feature_drift,train,38,1041,95.62,0,0.1664,2,0.5996,1,1
feature_drift-00678,feature_drift,train,47,110,96.76,1,0.3132,2,0.43,0,1
feature_drift-00679,feature_drift,train,75,284,68.69,1,0.4033,2,0.4227,1,1
feature_drift-00680,feature_drift,val,52,65,118.05,1,0.4469,1,0.3333,1,1
feature_drift-00681,feature_drift,val,52,447,86.44,4,0.1619,2,0.4158,1,1
feature_drift-00682,feature_drift,train,71,859,69.38,1,0.0,3,0.1969,0,1
feature_drift-00683,feature_drift,val,32,161,47.07,2,0.2129,2,0.2895,0,1
feature_drift-00684,feature_drift,val,50,376,35.06,1,0.0401,1,0.2819,0,1
feature_drift-00685,feature_drift,train,67,573,198.74,1,0.2932,4,0.1684,1,1
feature_drift-00686,feature_drift,train,40,499,87.31,3,0.3958,3,0.2404,1,1
feature_drift-00687,feature_drift,test,33,105,44.21,2,0.331,4,0.4288,1,1
feature_drift-00688,feature_drift,test,18,90,61.04,0,0.1096,1,0.5325,1,1
feature_drift-00689,feature_drift,train,52,456,64.32,1,0.0,0,0.165,0,1
feature_drift-00690,feature_drift,train,23,71,36.76,2,0.0371,3,0.5207,1,1
feature_drift-00691,feature_drift,train,65,606,82.51,2,0.2853,3,0.3056,0,1
feature_drift-00692,feature_drift,val,32,172,59.54,0,0.511,1,0.5415,0,1
feature_drift-00693,feature_drift,train,62,241,41.51,2,0.123,2,0.3975,1,1
feature_drift-00694,feature_drift,train,43,802,131.41,2,0.2648,1,0.34,1,1
feature_drift-00695,feature_drift,train,53,43,155.38,2,0.0,4,0.6782,1,1
feature_drift-00696,feature_drift,train,27,356,28.46,2,0.4466,1,0.4309,0,1
feature_drift-00697,feature_drift,train,57,221,89.05,1,0.4092,2,0.4341,1,1
feature_drift-00698,feature_drift,train,68,15,32.63,6,0.41,2,0.3275,1,1
feature_drift-00699,feature_drift,test,72,71,71.96,2,0.1497,2,0.2248,1,1
feature_drift-00700,feature_drift,val,19,111,116.71,1,0.1497,1,0.4024,0,1
feature_drift-00701,feature_drift,val,56,1174,151.96,3,0.3208,2,0.8307,0,1
feature_drift-00702,feature_drift,train,52,640,96.79,2,0.3678,2,0.5028,0,1
feature_drift-00703,feature_drift,test,43,328,62.94,3,0.4476,1,0.4943,0,1
feature_drift-00704,feature_drift,train,58,35,72.94,1,0.2895,5,0.0512,0,1
feature_drift-00705,feature_drift,train,43,379,64.81,0,0.1294,0,0.3538,0,1
feature_drift-00706,feature_drift,test,36,497,59.18,1,0.2672,2,0.4935,0,1
feature_drift-00707,feature_drift,train,33,97,117.2,0,0.3142,2,0.3758,0,1
feature_drift-00708,feature_drift,train,50,396,110.77,0,0.1567,1,0.4112,0,1
feature_drift-00709,feature_drift,train,58,18,71.55,1,0.3952,2,0.5528,0,1
feature_drift-00710,feature_drift,test,62,65,118.68,1,0.3079,2,0.2374,0,1
feature_drift-00711,feature_drift,val,65,22,115.91,2,0.1694,0,0.4304,1,1
feature_drift-00712,feature_drift,train,63,1454,119.72,1,0.4469,2,0.5121,0,1
feature_drift-00713,feature_drift,train,31,351,69.18,1,0.3419,2,0.5715,1,0
feature_drift-00714,feature_drift,train,28,1146,87.97,0,0.1367,2,0.4102,0,0
feature_drift-00715,feature_drift,test,39,92,141.62,1,0.1807,4,0.3328,0,1
feature_drift-00716,feature_drift,train,60,543,179.72,0,0.3256,1,0.1458,1,1
feature_drift-00717,feature_drift,train,41,61,83.75,0,0.417,1,0.4377,1,1
feature_drift-00718,feature_drift,train,70,192,97.83,2,0.2348,2,0.1505,1,1
feature_drift-00719,feature_drift,val,29,116,110.03,2,0.3032,2,0.4677,0,1
feature_drift-00720,feature_drift,val,23,339,43.2,2,0.2348,1,0.0164,0,1
feature_drift-00721,feature_drift,train,59,699,93.94,0,0.3372,2,0.6415,1,1
feature_drift-00722,feature_drift,train,38,346,74.87,3,0.2371,2,0.3474,0,1
feature_drift-00723,feature_drift,train,56,930,144.01,1,0.2604,2,0.6136,1,1
feature_drift-00724,feature_drift,val,68,834,46.05,0,0.3505,2,0.2132,0,1
feature_drift-00725,feature_drift,val,20,112,93.9,0,0.3259,5,0.5851,0,1
feature_drift-00726,feature_drift,train,31,343,48.14,3,0.2156,4,0.4068,0,1
feature_drift-00727,feature_drift,train,63,295,61.48,2,0.1103,4,0.1276,0,1
feature_drift-00728,feature_drift,val,29,221,93.66,1,0.3935,3,0.3128,0,1
feature_drift-00729,feature_drift,train,73,36,26.23,1,0.0448,4,0.5299,1,1
feature_drift-00730,feature_drift,train,70,204,65.41,3,0.1553,2,0.2626,1,1
feature_drift-00731,feature_drift,val,67,70,83.96,1,0.0,2,0.4207,1,1
feature_drift-00732,feature_drift,train,58,44,49.84,3,0.0,4,0.1965,0,1
feature_drift-00733,feature_drift,train,44,214,56.27,3,0.3636,0,0.3632,1,1
feature_drift-00734,feature_drift,train,39,718,74.02,1,0.3315,1,0.0729,0,1
feature_drift-00735,feature_drift,val,24,91,117.94,2,0.3834,2,0.3701,0,1
feature_drift-00736,feature_drift,train,72,120,40.82,0,0.2549,1,0.4833,0,1
feature_drift-00737,feature_drift,train,18,92,107.69,0,0.237,1,0.3852,1,1
feature_drift-00738,feature_drift,train,66,903,73.46,1,0.0564,0,1.0,0,0
feature_drift-00739,feature_drift,val,55,418,80.99,4,0.2264,2,0.2455,1,1
feature_drift-00740,feature_drift,train,50,257,123.37,1,0.1799,1,0.5088,1,1
feature_drift-00741,feature_drift,test,61,183,154.97,0,0.2972,1,0.5071,0,1
feature_drift-00742,feature_drift,train,65,112,50.94,2,0.2049,5,0.4803,1,1
feature_drift-00743,feature_drift,train,59,676,160.01,0,0.2222,5,0.341,1,1
feature_drift-00744,feature_drift,train,52,279,50.29,3,0.3885,2,0.2317,0,1
feature_drift-00745,feature_drift,test,35,137,91.5,1,0.3483,3,0.5272,0,1
feature_drift-00746,feature_drift,train,51,302,135.35,0,0.3431,2,0.1978,0,1
feature_drift-00747,feature_drift,test,21,70,107.26,3,0.22,4,0.1835,0,1
feature_drift-00748,feature_drift,train,35,323,69.73,1,0.3304,2,0.4549,1,1
feature_drift-00749,feature_drift,train,60,128,77.18,0,0.2978,6,0.4398,1,1
feature_drift-00750,feature_drift,train,53,855,61.22,2,0.4538,3,0.1663,0,1
feature_drift-00751,feature_drift,train,34,430,57.19,3,0.0929,1,0.4453,0,1
feature_drift-00752,feature_drift,train,18,829,33.25,5,0.0396,1,0.6398,0,1
feature_drift-00753,feature_drift,test,33,448,83.06,2,0.5271,1,0.6418,0,1
feature_drift-00754,feature_drift,train,60,431,42.78,0,0.0616,3,0.0342,0,1
feature_drift-00755,feature_drift,train,22,108,131.51,2,0.0779,1,0.535,1,1
feature_drift-00756,feature_drift,train,64,562,98.59,1,0.4154,4,0.3971,1,1
feature_drift-00757,feature_drift,train,63,38,87.64,3,0.1197,3,0.5319,1,1
feature_drift-00758,feature_drift,val,28,22,94.49,2,0.0516,2,0.0696,1,1
feature_drift-00759,feature_drift,train,55,159,105.86,0,0.54,2,0.5864,0,0
feature_drift-00760,feature_drift,train,35,657,15.0,0,0.1099,3,0.4936,0,1
feature_drift-00761,feature_drift,train,26,280,200.0,2,0.3632,0,0.522,0,1
feature_drift-00762,feature_drift,train,30,483,138.32,4,0.296,2,0.4594,1,1
feature_drift-00763,feature_drift,test,60,227,42.7,4,0.2996,0,0.2314,0,1
feature_drift-00764,feature_drift,test,19,759,66.24,1,0.2877,1,0.4756,0,0
feature_drift-00765,feature_drift,train,24,222,83.61,0,0.4261,4,0.2142,0,1
feature_drift-00766,feature_drift,val,37,286,94.22,0,0.2527,1,0.3734,1,1
feature_drift-00767,feature_drift,train,63,424,50.06,0,0.1837,4,0.43,1,1
feature_drift-00768,feature_drift,train,42,57,127.83,2,0.311,2,0.3948,1,1
feature_drift-00769,feature_drift,train,70,207,85.73,1,0.0799,1,0.5771,0,1
feature_drift-00770,feature_drift,train,64,87,39.0,0,0.2856,0,0.5089,0,1
feature_drift-00771,feature_drift,train,65,479,97.5,1,0.2909,2,0.6196,0,0
feature_drift-00772,feature_drift,val,64,6,113.91,2,0.168,4,0.1545,1,1
feature_drift-00773,feature_drift,train,73,23,79.19,3,0.1789,2,0.0,1,1
feature_drift-00774,feature_drift,val,51,329,74.51,3,0.3114,4,0.444,0,1
feature_drift-00775,feature_drift,train,53,154,26.16,4,0.162,1,0.3333,1,1
feature_drift-00776,feature_drift,train,31,333,127.4,2,0.0,2,0.3111,0,1
feature_drift-00777,feature_drift,train,68,27,46.16,3,0.2454,2,0.1472,1,1
feature_drift-00778,feature_drift,test,61,339,134.19,2,0.2719,4,0.6878,1,0
feature_drift-00779,feature_drift,train,26,265,61.82,2,0.1565,1,0.2805,0,1
feature_drift-00780,feature_drift,train,22,727,73.01,0,0.5349,0,0.5419,0,1
feature_drift-00781,feature_drift,train,53,169,178.63,1,0.1652,2,0.414,0,1
feature_drift-00782,feature_drift,train,62,54,37.67,2,0.3712,0,0.5074,0,1
feature_drift-00783,feature_drift,train,71,583,77.88,1,0.0372,1,0.2127,1,1
feature_drift-00784,feature_drift,train,35,31,41.41,3,0.4663,1,0.3633,0,1
feature_drift-00785,feature_drift,train,30,487,90.93,3,0.0,1,0.0177,0,1
feature_drift-00786,feature_drift,train,75,939,133.02,1,0.0,2,0.5825,1,1
feature_drift-00787,feature_drift,val,68,475,70.92,1,0.2539,2,0.3675,0,1
feature_drift-00788,feature_drift,test,34,40,48.85,1,0.2719,3,0.5388,0,1
feature_drift-00789,feature_drift,train,72,74,68.75,0,0.2545,0,0.3655,1,1
feature_drift-00790,feature_drift,val,35,302,40.19,2,0.2803,2,0.0162,0,1
feature_drift-00791,feature_drift,train,73,24,35.35,2,0.3461,2,0.5432,1,1
feature_drift-00792,feature_drift,train,68,288,65.15,3,0.1239,1,0.3969,0,1
feature_drift-00793,feature_drift,train,54,239,116.51,2,0.4155,1,0.243,1,1
feature_drift-00794,feature_drift,test,33,327,56.49,1,0.1634,0,0.4707,1,1
feature_drift-00795,feature_drift,test,55,93,80.92,0,0.0292,2,0.6445,1,1
feature_drift-00796,feature_drift,train,70,60,68.11,2,0.2553,4,0.3966,0,1
feature_drift-00797,feature_drift,train,73,18,65.53,2,0.1528,6,0.171,0,1
feature_drift-00798,feature_drift,train,19,208,59.46,2,0.2563,3,0.3606,0,1
feature_drift-00799,feature_drift,train,73,174,114.61,1,0.5254,2,0.1707,0,1
feature_drift-00800,feature_drift,val,74,350,125.91,1,0.2744,1,0.3195,0,1
feature_drift-00801,feature_drift,test,39,79,85.44,2,0.2192,2,0.321,0,1
feature_drift-00802,feature_drift,test,66,19,120.26,1,0.2833,2,0.4083,1,1
feature_drift-00803,feature_drift,train,61,483,24.54,0,0.31,2,0.3461,1,1
feature_drift-00804,feature_drift,val,41,55,52.8,1,0.1407,2,0.409,0,1
feature_drift-00805,feature_drift,train,70,778,55.8,1,0.1517,2,0.458,0,0
feature_drift-00806,feature_drift,test,65,98,67.09,0,0.4176,2,0.4441,0,1
feature_drift-00807,feature_drift,train,29,53,88.62,2,0.5325,1,0.3617,0,1
feature_drift-00808,feature_drift,train,70,1207,55.52,3,0.1811,2,0.4076,1,1
feature_drift-00809,feature_drift,train,55,1068,52.15,1,0.0,1,0.2276,0,1
feature_drift-00810,feature_drift,train,68,655,72.24,2,0.2678,1,0.2044,0,1
feature_drift-00811,feature_drift,train,73,523,57.23,3,0.2117,5,0.4921,1,0
feature_drift-00812,feature_drift,train,29,374,130.23,0,0.4143,3,0.3374,0,1
feature_drift-00813,feature_drift,train,66,130,52.83,3,0.3619,1,0.2731,1,1
feature_drift-00814,feature_drift,train,19,358,111.09,3,0.4298,2,0.4041,0,1
feature_drift-00815,feature_drift,test,35,1,48.58,3,0.2271,2,0.2917,0,1
feature_drift-00816,feature_drift,train,43,724,48.87,2,0.0595,2,0.4106,1,1
feature_drift-00817,feature_drift,train,53,1538,145.04,2,0.108,0,0.7663,0,0
feature_drift-00818,feature_drift,val,74,685,63.45,2,0.1962,0,0.544,0,0
feature_drift-00819,feature_drift,train,71,4,51.28,3,0.4047,0,0.2968,0,1
feature_drift-00820,feature_drift,val,45,109,100.44,1,0.1151,2,0.4599,0,1
feature_drift-00821,feature_drift,train,55,108,66.98,2,0.5671,3,0.3163,1,1
feature_drift-00822,feature_drift,test,42,360,54.46,1,0.3297,1,0.5233,1,1
feature_drift-00823,feature_drift,train,19,1598,177.56,1,0.0,2,0.5446,0,1
feature_drift-00824,feature_drift,train,39,55,49.39,1,0.569,0,0.5156,1,1
feature_drift-00825,feature_drift,train,25,436,55.99,3,0.2972,3,0.6148,1,1
feature_drift-00826,feature_drift,train,53,1062,53.38,1,0.4212,1,0.3906,0,1
feature_drift-00827,feature_drift,train,72,40,43.55,2,0.1674,2,0.5001,1,1
feature_drift-00828,feature_drift,test,68,304,102.94,1,0.0734,4,0.313,1,1
feature_drift-00829,feature_drift,train,35,137,28.29,1,0.2197,2,0.1677,0,1
feature_drift-00830,feature_drift,train,66,102,57.39,0,0.4535,2,0.5081,0,1
feature_drift-00831,feature_drift,train,19,358,47.82,1,0.0,0,0.116,1,1
feature_drift-00832,feature_drift,train,18,203,81.96,5,0.132,1,0.5076,0,1
feature_drift-00833,feature_drift,train,64,320,110.44,3,0.1037,5,0.4517,0,1
feature_drift-00834,feature_drift,train,40,451,55.35,1,0.3497,1,0.5146,0,1
feature_drift-00835,feature_drift,train,35,258,59.93,4,0.4175,4,0.3852,0,1
feature_drift-00836,feature_drift,val,20,878,101.87,0,0.1659,5,0.2112,1,1
feature_drift-00837,feature_drift,train,21,850,112.35,0,0.2645,2,0.3748,1,1
feature_drift-00838,feature_drift,train,38,2010,74.24,2,0.0495,2,0.4692,1,0
feature_drift-00839,feature_drift,test,63,1340,107.47,2,0.3804,2,0.3141,1,1
feature_drift-00840,feature_drift,train,25,828,56.22,2,0.0,1,0.5785,0,1
feature_drift-00841,feature_drift,train,69,200,63.24,3,0.1318,2,0.8565,1,1
feature_drift-00842,feature_drift,train,25,959,89.15,0,0.2064,0,0.5812,0,0
feature_drift-00843,feature_drift,train,69,173,171.25,2,0.2472,1,0.603,0,1
feature_drift-00844,feature_drift,val,58,369,65.15,2,0.5928,0,0.1016,1,1
feature_drift-00845,feature_drift,train,48,1357,78.63,2,0.3359,2,0.383,0,0
feature_drift-00846,feature_drift,val,35,197,90.52,2,0.2016,0,0.0571,0,1
feature_drift-00847,feature_drift,train,72,288,86.17,3,0.4594,3,0.2533,0,1
feature_drift-00848,feature_drift,test,35,142,38.23,1,0.4407,3,0.1287,1,1
feature_drift-00849,feature_drift,train,26,1087,97.97,1,0.291,3,0.4781,0,0
feature_drift-00850,feature_drift,train,53,487,55.43,1,0.2108,2,0.3011,0,1
feature_drift-00851,feature_drift,train,71,299,97.51,0,0.6071,3,0.3012,0,1
feature_drift-00852,feature_drift,train,44,85,80.18,1,0.0583,2,0.3011,0,1
feature_drift-00853,feature_drift,train,54,296,55.68,5,0.3096,4,0.3804,1,1
feature_drift-00854,feature_drift,train,30,1043,124.98,3,0.2577,4,0.227,0,1
feature_drift-00855,feature_drift,train,64,644,91.28,2,0.2045,2,0.4277,1,1
feature_drift-00856,feature_drift,train,26,486,100.22,1,0.2519,3,0.3454,0,1
feature_drift-00857,feature_drift,train,58,66,70.67,1,0.1237,2,0.1977,0,1
feature_drift-00858,feature_drift,val,21,342,163.53,2,0.1557,1,0.4175,0,1
feature_drift-00859,feature_drift,train,29,133,97.19,1,0.2271,2,0.0773,1,1
feature_drift-00860,feature_drift,train,73,599,166.22,2,0.0986,7,0.4876,0,1
feature_drift-00861,feature_drift,test,66,538,76.63,1,0.3639,1,0.2412,0,1
feature_drift-00862,feature_drift,train,46,1073,75.91,3,0.3306,2,0.6494,0,0
feature_drift-00863,feature_drift,train,42,713,103.17,3,0.1509,1,0.1165,0,1
feature_drift-00864,feature_drift,val,47,544,62.3,1,0.1174,2,0.5289,0,1
feature_drift-00865,feature_drift,test,45,146,85.78,3,0.2056,3,0.467,0,1
feature_drift-00866,feature_drift,train,48,636,30.4,2,0.0262,3,0.4735,1,1
feature_drift-00867,feature_drift,train,48,203,67.49,1,0.1831,2,0.2055,1,1
feature_drift-00868,feature_drift,train,59,636,121.92,1,0.1577,2,0.3568,0,1
feature_drift-00869,feature_drift,test,45,875,62.68,0,0.2909,2,0.334,0,1
feature_drift-00870,feature_drift,train,74,44,107.4,1,0.3862,3,0.2428,0,1
feature_drift-00871,feature_drift,train,64,50,119.46,0,0.3202,2,0.325,0,1
feature_drift-00872,feature_drift,train,32,672,59.99,3,0.3674,2,0.4189,0,1
feature_drift-00873,feature_drift,test,75,56,106.16,3,0.1099,1,0.3887,1,1
feature_drift-00874,feature_drift,train,18,246,58.92,1,0.3164,4,0.3478,0,1
feature_drift-00875,feature_drift,train,75,634,41.22,2,0.0,0,0.2692,1,1
feature_drift-00876,feature_drift,train,48,97,107.64,0,0.0801,2,0.0227,1,1
feature_drift-00877,feature_drift,train,37,383,91.84,2,0.3583,6,0.2954,0,1
feature_drift-00878,feature_drift,train,59,522,92.34,3,0.1654,3,0.4635,0,1
feature_drift-00879,feature_drift,train,37,338,42.3,1,0.0968,2,0.1853,0,1
feature_drift-00880,feature_drift,train,43,528,84.24,4,0.0771,5,0.3049,0,1
feature_drift-00881,feature_drift,train,56,19,64.58,1,0.1489,3,0.2799,0,1
feature_drift-00882,feature_drift,val,32,109,51.96,0,0.2371,4,0.5002,1,1
feature_drift-00883,feature_drift,val,26,12,89.88,1,0.4718,1,0.5244,0,1
feature_drift-00884,feature_drift,train,48,283,130.74,0,0.1096,1,0.3799,1,1
feature_drift-00885,feature_drift,train,59,539,30.03,2,0.1287,1,0.2316,0,1
feature_drift-00886,feature_drift,train,61,133,62.08,1,0.3687,2,0.6152,0,0
feature_drift-00887,feature_drift,train,28,296,98.14,2,0.1964,3,0.4516,0,1
feature_drift-00888,feature_drift,test,44,96,102.93,0,0.047,1,0.0,0,1
feature_drift-00889,feature_drift,train,67,176,56.86,3,0.3141,2,0.4191,0,1
feature_drift-00890,feature_drift,test,74,302,143.89,1,0.0,3,0.2927,0,1
feature_drift-00891,feature_drift,train,64,804,21.77,0,0.2359,2,0.1707,0,1
feature_drift-00892,feature_drift,train,52,176,70.19,1,0.1499,4,0.3032,0,1
feature_drift-00893,feature_drift,train,32,173,65.42,0,0.4775,2,0.4144,1,1
feature_drift-00894,feature_drift,train,47,19,42.6,1,0.4591,1,0.4908,0,1
feature_drift-00895,feature_drift,train,60,474,82.25,2,0.1849,4,0.3355,0,1
feature_drift-00896,feature_drift,train,23,196,122.0,1,0.0359,2,0.4781,0,1
feature_drift-00897,feature_drift,train,24,6,89.41,0,0.3852,4,0.129,0,1
feature_drift-00898,feature_drift,test,49,1978,40.17,0,0.1906,3,0.3217,1,0
feature_drift-00899,feature_drift,train,71,1377,118.6,0,0.2553,1,0.6382,0,0
feature_drift-00900,feature_drift,train,23,1028,69.96,2,0.2637,2,0.13,1,1
feature_drift-00901,feature_drift,test,26,419,76.26,4,0.0176,4,0.2891,0,1
feature_drift-00902,feature_drift,train,21,860,70.76,1,0.3983,3,0.5609,1,0
feature_drift-00903,feature_drift,train,32,649,94.56,3,0.463,6,0.2227,0,1
feature_drift-00904,feature_drift,train,65,1160,56.52,1,0.0675,1,0.5188,0,0
feature_drift-00905,feature_drift,test,40,255,160.87,0,0.2103,3,0.3197,1,1
feature_drift-00906,feature_drift,train,68,195,118.94,1,0.1626,3,0.5369,0,1
feature_drift-00907,feature_drift,train,23,89,48.58,2,0.3345,2,0.5968,1,1
feature_drift-00908,feature_drift,train,46,36,94.19,1,0.1204,5,0.4115,0,1
feature_drift-00909,feature_drift,train,33,134,73.28,1,0.2602,0,0.3906,0,1
feature_drift-00910,feature_drift,train,33,621,97.93,3,0.2431,3,0.346,1,1
feature_drift-00911,feature_drift,test,30,833,192.16,0,0.2968,0,0.2841,1,1
feature_drift-00912,feature_drift,val,32,485,73.57,0,0.3565,2,0.3967,0,1
feature_drift-00913,feature_drift,val,66,163,83.58,2,0.1606,3,0.2352,1,1
feature_drift-00914,feature_drift,train,59,372,62.06,1,0.1514,0,0.5639,0,1
feature_drift-00915,feature_drift,test,44,360,92.13,1,0.1586,0,0.4458,1,1
feature_drift-00916,feature_drift,train,18,431,89.6,1,0.2962,0,0.2905,0,1
feature_drift-00917,feature_drift,test,54,5,70.93,0,0.4932,1,0.2315,0,1
feature_drift-00918,feature_drift,val,54,167,70.62,2,0.1075,1,0.7176,1,1
feature_drift-00919,feature_drift,val,36,296,200.0,2,0.3452,0,0.6985,0,1
feature_drift-00920,feature_drift,train,44,710,79.52,2,0.5038,3,0.3536,1,1
feature_drift-00921,feature_drift,test,35,395,64.59,0,0.1281,2,0.5448,0,0
feature_drift-00922,feature_drift,train,71,86,94.14,1,0.0,0,0.3581,0,1
feature_drift-00923,feature_drift,train,68,708,96.67,2,0.3346,2,0.4063,1,1
feature_drift-00924,feature_drift,train,61,61,105.97,2,0.4672,5,0.5527,0,1
feature_drift-00925,feature_drift,train,33,123,68.57,0,0.1268,0,0.2581,1,1
feature_drift-00926,feature_drift,val,39,220,96.28,2,0.2995,2,0.2493,1,1
feature_drift-00927,feature_drift,test,39,59,70.11,2,0.3749,1,0.6227,0,1
feature_drift-00928,feature_drift,train,55,618,57.14,1,0.1792,1,0.0832,1,1
feature_drift-00929,feature_drift,train,29,51,90.02,1,0.0783,1,0.4312,0,1
feature_drift-00930,feature_drift,train,25,356,56.67,1,0.7187,2,0.4679,0,1
feature_drift-00931,feature_drift,val,22,393,67.5,4,0.0,1,0.2749,0,1
feature_drift-00932,feature_drift,train,21,62,47.35,1,0.3737,1,0.6898,1,1
feature_drift-00933,feature_drift,test,68,150,114.6,0,0.2407,0,0.5962,0,1
feature_drift-00934,feature_drift,train,61,136,49.26,3,0.1284,3,0.8792,1,1
feature_drift-00935,feature_drift,train,36,233,78.81,2,0.2738,2,0.595,0,1
feature_drift-00936,feature_drift,train,53,499,75.85,1,0.1261,1,0.7854,1,1
feature_drift-00937,feature_drift,test,73,5,99.34,2,0.2771,0,0.2036,1,1
feature_drift-00938,feature_drift,train,37,569,41.84,0,0.3669,2,0.5416,1,1
feature_drift-00939,feature_drift,train,43,25,119.75,3,0.4206,3,0.5171,1,1
feature_drift-00940,feature_drift,train,58,541,89.57,2,0.1476,0,0.7063,1,1
feature_drift-00941,feature_drift,train,27,521,125.99,0,0.3733,2,0.4849,0,1
feature_drift-00942,feature_drift,train,69,55,61.95,2,0.1506,2,0.6611,1,1
feature_drift-00943,feature_drift,train,37,147,39.52,2,0.2578,2,0.52,1,1
feature_drift-00944,feature_drift,train,29,349,77.51,4,0.0606,0,0.6637,0,1
feature_drift-00945,feature_drift,test,18,229,30.58,0,0.251,2,0.244,0,1
feature_drift-00946,feature_drift,train,46,104,57.48,1,0.0,2,0.3263,1,1
feature_drift-00947,feature_drift,train,38,96,118.18,5,0.2103,2,0.2109,0,1
feature_drift-00948,feature_drift,train,24,262,74.06,3,0.115,6,0.1791,1,1
feature_drift-00949,feature_drift,val,48,58,111.48,2,0.2498,3,0.3134,0,1
feature_drift-00950,feature_drift,train,35,168,63.84,0,0.0913,3,0.5149,0,0
feature_drift-00951,feature_drift,train,72,535,158.72,3,0.3497,2,0.3995,0,1
feature_drift-00952,feature_drift,test,33,785,151.01,2,0.4763,2,0.3215,0,1
feature_drift-00953,feature_drift,train,24,259,102.1,1,0.4269,2,0.3069,1,1
feature_drift-00954,feature_drift,train,49,217,91.19,2,0.2475,1,0.343,0,1
feature_drift-00955,feature_drift,train,36,939,57.97,3,0.1067,1,0.3657,0,1
feature_drift-00956,feature_drift,train,65,2124,34.39,1,0.2761,3,0.5029,0,0
feature_drift-00957,feature_drift,train,19,235,34.05,3,0.2115,3,0.5123,0,1
feature_drift-00958,feature_drift,val,21,168,101.38,4,0.3428,1,0.0722,0,1
feature_drift-00959,feature_drift,train,41,63,100.11,1,0.1165,1,0.5339,1,1
feature_drift-00960,feature_drift,train,36,89,88.77,0,0.4486,1,0.5191,1,1
feature_drift-00961,feature_drift,train,75,661,81.3,0,0.6211,1,0.4644,0,0
feature_drift-00962,feature_drift,train,23,341,94.15,2,0.2451,1,0.4382,0,1
feature_drift-00963,feature_drift,train,62,338,37.8,0,0.5946,2,0.6136,1,1
feature_drift-00964,feature_drift,train,22,52,74.36,1,0.2498,4,0.4086,1,1
feature_drift-00965,feature_drift,train,42,220,83.76,2,0.1364,2,0.3305,0,1
feature_drift-00966,feature_drift,train,41,80,109.96,0,0.2994,3,0.2584,0,1
feature_drift-00967,feature_drift,val,75,885,73.72,2,0.4622,2,0.3282,1,1
feature_drift-00968,feature_drift,train,32,49,52.53,1,0.5068,5,0.4672,0,1
feature_drift-00969,feature_drift,val,55,443,93.17,2,0.0,3,0.4217,1,1
feature_drift-00970,feature_drift,test,67,185,83.81,2,0.1078,0,0.3232,1,1
feature_drift-00971,feature_drift,test,51,1158,33.36,2,0.0845,2,0.1956,1,1
feature_drift-00972,feature_drift,train,46,1098,34.39,3,0.0,2,0.5065,0,1
feature_drift-00973,feature_drift,train,30,882,82.77,4,0.1175,3,0.5572,0,1
feature_drift-00974,feature_drift,val,35,462,29.5,4,0.2056,2,0.4504,0,1
feature_drift-00975,feature_drift,train,56,284,81.33,1,0.0649,1,0.0624,0,1
feature_drift-00976,feature_drift,train,47,245,35.74,2,0.1237,3,0.4292,1,1
feature_drift-00977,feature_drift,train,28,512,97.79,2,0.1335,5,0.5583,0,1
feature_drift-00978,feature_drift,train,35,89,43.48,1,0.4416,0,0.2666,1,1
feature_drift-00979,feature_drift,train,27,54,69.72,1,0.2505,1,0.2119,1,1
feature_drift-00980,feature_drift,train,64,96,66.21,0,0.1655,3,0.4974,0,1
feature_drift-00981,feature_drift,val,18,8,83.57,2,0.2174,2,0.4222,0,1
feature_drift-00982,feature_drift,val,20,686,102.29,3,0.4708,2,0.6545,1,1
feature_drift-00983,feature_drift,test,55,536,44.02,0,0.2751,0,0.6164,1,0
feature_drift-00984,feature_drift,train,53,407,42.19,2,0.4717,2,0.411,0,1
feature_drift-00985,feature_drift,train,60,1,42.43,3,0.4003,3,0.5372,0,1
feature_drift-00986,feature_drift,test,19,599,54.45,1,0.0,1,0.3071,0,1
feature_drift-00987,feature_drift,train,42,749,67.47,0,0.0857,1,0.6525,0,0
feature_drift-00988,feature_drift,train,42,330,101.02,1,0.0656,2,0.4003,1,1
feature_drift-00989,feature_drift,train,51,637,35.23,1,0.5566,5,0.3367,1,1
feature_drift-00990,feature_drift,train,48,449,137.05,2,0.1488,3,0.6216,0,1
feature_drift-00991,feature_drift,test,70,208,43.09,1,0.3358,2,0.2983,0,0
feature_drift-00992,feature_drift,train,24,315,59.6,2,0.0,3,0.029,1,1
feature_drift-00993,feature_drift,train,55,1066,116.95,3,0.2518,2,0.4382,0,1
feature_drift-00994,feature_drift,train,64,1040,36.72,2,0.5141,0,0.3444,1,1
feature_drift-00995,feature_drift,train,29,49,63.74,2,0.0,4,0.2075,0,1
feature_drift-00996,feature_drift,train,43,1060,124.14,3,0.5326,2,0.3986,0,1
feature_drift-00997,feature_drift,train,50,322,119.82,2,0.1465,4,0.6215,1,1
feature_drift-00998,feature_drift,train,63,82,42.68,0,0.2706,2,0.6816,0,0
feature_drift-00999,feature_drift,train,40,48,58.86,2,0.3648,2,0.2802,0,1
feature_drift-01000,feature_drift,train,34,125,96.29,4,0.0674,0,0.5125,0,1
feature_drift-01001,feature_drift,val,49,399,112.62,1,0.4484,0,0.3794,0,1
feature_drift-01002,feature_drift,train,45,10,61.78,1,0.0078,5,0.1947,0,1
feature_drift-01003,feature_drift,train,59,279,106.29,0,0.1293,4,0.1302,0,1
feature_drift-01004,feature_drift,test,26,26,109.91,2,0.3312,2,0.4941,0,1
feature_drift-01005,feature_drift,val,44,434,89.66,2,0.1276,4,0.1631,1,1
feature_drift-01006,feature_drift,train,56,432,103.08,1,0.5747,1,0.4743,0,1
feature_drift-01007,feature_drift,train,26,626,127.52,0,0.1767,1,0.6838,1,1
feature_drift-01008,feature_drift,test,26,119,85.24,2,0.0439,1,0.5328,1,1
feature_drift-01009,feature_drift,train,51,486,17.01,2,0.1149,4,0.4802,1,1
feature_drift-01010,feature_drift,val,50,27,77.36,0,0.2735,1,0.6398,1,1
feature_drift-01011,feature_drift,train,44,63,96.78,3,0.1095,2,0.3115,0,1
feature_drift-01012,feature_drift,train,55,415,88.82,2,0.1541,3,0.4132,1,1
feature_drift-01013,feature_drift,train,30,894,134.7,3,0.4245,1,0.5212,1,1
feature_drift-01014,feature_drift,train,42,876,110.9,3,0.1981,2,0.3921,1,1
feature_drift-01015,feature_drift,test,57,5,29.22,1,0.0036,2,0.557,1,1
feature_drift-01016,feature_drift,train,65,880,67.74,3,0.235,4,0.246,1,1
feature_drift-01017,feature_drift,train,64,40,84.75,1,0.2616,0,0.1633,0,1
feature_drift-01018,feature_drift,val,75,227,95.9,1,0.0453,3,0.3751,1,1
feature_drift-01019,feature_drift,train,75,164,163.38,0,0.1567,2,0.2626,0,1
feature_drift-01020,feature_drift,train,62,319,77.11,0,0.0,4,0.3064,1,1
feature_drift-01021,feature_drift,train,75,568,87.95,3,0.1791,3,0.3154,0,1
feature_drift-01022,feature_drift,test,27,114,65.28,3,0.0,2,0.2143,1,1
feature_drift-01023,feature_drift,test,31,299,173.33,1,0.2206,2,0.3361,0,1
feature_drift-01024,feature_drift,train,26,40,93.88,5,0.0,2,0.5457,1,1
feature_drift-01025,feature_drift,train,55,113,43.78,2,0.0,0,0.1385,1,1
feature_drift-01026,feature_drift,train,31,1814,32.99,1,0.0928,1,0.504,0,0
feature_drift-01027,feature_drift,test,40,476,89.38,2,0.2229,3,0.3073,0,1
feature_drift-01028,feature_drift,val,39,180,29.45,1,0.1748,2,0.4993,0,1
feature_drift-01029,feature_drift,train,32,896,133.34,3,0.2485,2,0.4355,0,1
feature_drift-01030,feature_drift,val,57,794,67.06,1,0.1698,4,0.6002,0,0
feature_drift-01031,feature_drift,train,64,33,113.56,1,0.197,1,0.6779,1,1
feature_drift-01032,feature_drift,train,71,408,77.05,3,0.189,1,0.5216,1,1
feature_drift-01033,feature_drift,train,35,81,71.41,2,0.2177,3,0.2638,1,1
feature_drift-01034,feature_drift,train,54,727,77.59,1,0.2696,2,0.1891,0,1
feature_drift-01035,feature_drift,train,57,16,63.0,1,0.074,4,0.0408,0,1
feature_drift-01036,feature_drift,train,75,357,96.79,1,0.3453,5,0.2983,1,1
feature_drift-01037,feature_drift,train,30,410,71.16,1,0.1841,4,0.2092,0,1
feature_drift-01038,feature_drift,train,62,367,53.86,1,0.3578,2,0.2786,1,1
feature_drift-01039,feature_drift,train,63,1125,68.27,1,0.0133,4,0.6315,0,0
feature_drift-01040,feature_drift,train,42,493,46.43,1,0.0,0,0.7374,1,1
feature_drift-01041,feature_drift,train,61,343,93.47,1,0.0,1,0.459,0,1
feature_drift-01042,feature_drift,train,19,552,35.32,0,0.4909,2,0.359,1,0
feature_drift-01043,feature_drift,train,37,1125,37.86,2,0.5566,5,0.294,0,0
feature_drift-01044,feature_drift,train,70,6,52.11,3,0.0,3,0.8345,0,1
feature_drift-01045,feature_drift,train,66,1462,84.37,0,0.1555,1,0.702,1,0
feature_drift-01046,feature_drift,train,60,397,73.0,1,0.2617,3,0.6072,1,1
feature_drift-01047,feature_drift,train,60,761,71.76,2,0.4013,1,0.3526,0,1
feature_drift-01048,feature_drift,test,28,696,116.65,4,0.4563,1,0.7561,1,1
feature_drift-01049,feature_drift,train,42,404,103.47,2,0.266,1,0.183,0,1
feature_drift-01050,feature_drift,val,28,883,43.67,0,0.3189,1,0.1873,0,1
feature_drift-01051,feature_drift,train,61,973,59.0,3,0.1223,0,0.5474,0,1
feature_drift-01052,feature_drift,train,41,8,81.16,1,0.451,3,0.3745,0,1
feature_drift-01053,feature_drift,train,51,658,38.26,0,0.2395,4,0.4091,1,0
feature_drift-01054,feature_drift,train,35,579,77.04,0,0.4502,0,0.4302,0,0
feature_drift-01055,feature_drift,train,33,399,65.34,4,0.1989,3,0.3145,1,1
feature_drift-01056,feature_drift,test,44,804,78.55,0,0.2976,1,0.2799,0,1
feature_drift-01057,feature_drift,train,65,15,128.96,1,0.1777,3,0.5877,0,1
feature_drift-01058,feature_drift,train,61,50,98.16,0,0.3267,2,0.6481,0,1
feature_drift-01059,feature_drift,val,20,71,87.15,2,0.334,1,0.4084,0,1
feature_drift-01060,feature_drift,train,39,716,79.25,2,0.1508,1,0.1608,0,1
feature_drift-01061,feature_drift,train,46,1056,83.3,3,0.0607,3,0.3788,1,1
feature_drift-01062,feature_drift,test,34,33,92.91,1,0.2716,2,0.6423,0,1
feature_drift-01063,feature_drift,train,73,1080,117.34,1,0.3611,0,0.4449,1,1
feature_drift-01064,feature_drift,train,25,1108,91.01,1,0.1991,4,0.5031,0,1
feature_drift-01065,feature_drift,test,71,296,134.81,2,0.0,1,0.6142,1,1
feature_drift-01066,feature_drift,train,48,527,115.21,2,0.1317,2,0.3086,1,1
feature_drift-01067,feature_drift,test,33,548,87.61,1,0.3086,2,0.4949,1,1
feature_drift-01068,feature_drift,test,34,554,131.66,3,0.2925,3,0.3002,1,1
feature_drift-01069,feature_drift,train,37,203,136.66,1,0.1329,3,0.5841,0,1
feature_drift-01070,feature_drift,train,25,25,22.02,0,0.3145,5,0.5892,0,1
feature_drift-01071,feature_drift,train,28,1571,49.36,5,0.3699,3,0.2232,0,1
feature_drift-01072,feature_drift,train,33,695,32.84,2,0.1937,0,0.4635,1,1
feature_drift-01073,feature_drift,train,75,187,140.57,0,0.1583,1,0.4288,0,1
feature_drift-01074,feature_drift,train,28,430,56.76,0,0.1979,0,0.0039,0,1
feature_drift-01075,feature_drift,train,27,20,68.12,1,0.2116,2,0.0027,0,1
feature_drift-01076,feature_drift,train,57,982,129.15,0,0.5297,4,0.6305,1,0
feature_drift-01077,feature_drift,train,18,20,127.76,1,0.3053,2,0.4095,0,1
feature_drift-01078,feature_drift,train,45,497,78.35,1,0.1767,2,0.6663,0,0
feature_drift-01079,feature_drift,train,39,175,39.43,2,0.13,3,0.2954,1,1
feature_drift-01080,feature_drift,train,31,76,42.03,2,0.1638,5,0.2263,0,1
feature_drift-01081,feature_drift,test,69,170,72.25,3,0.4333,3,0.4202,1,1
feature_drift-01082,feature_drift,train,74,946,113.38,3,0.2591,0,0.4065,0,1
feature_drift-01083,feature_drift,train,41,1086,94.51,3,0.4124,0,0.2098,0,1
feature_drift-01084,feature_drift,train,66,451,99.78,1,0.3172,2,0.1814,0,1
feature_drift-01085,feature_drift,train,32,994,79.88,2,0.1911,1,0.2816,0,1
feature_drift-01086,feature_drift,train,49,83,63.44,2,0.1787,3,0.0,0,1
feature_drift-01087,feature_drift,train,32,965,114.68,1,0.5017,2,0.6301,0,0
feature_drift-01088,feature_drift,train,63,876,74.21,1,0.1895,3,0.4341,0,1
feature_drift-01089,feature_drift,test,22,93,186.04,1,0.2981,1,0.3324,0,1
feature_drift-01090,feature_drift,test,66,132,34.52,0,0.1602,1,0.5661,0,1
feature_drift-01091,feature_drift,test,33,71,113.07,3,0.52,2,0.5256,1,1
feature_drift-01092,feature_drift,train,30,974,110.32,2,0.574,3,0.1293,1,1
feature_drift-01093,feature_drift,train,58,159,54.09,1,0.1876,3,0.4643,0,1
feature_drift-01094,feature_drift,train,63,1673,155.21,1,0.4681,2,0.3503,1,1
feature_drift-01095,feature_drift,train,38,617,131.26,2,0.0195,3,0.4246,0,1
feature_drift-01096,feature_drift,train,51,357,66.75,1,0.4047,3,0.5778,0,1
feature_drift-01097,feature_drift,train,52,449,60.21,0,0.5321,4,0.3743,0,0
feature_drift-01098,feature_drift,test,22,6,65.58,4,0.1715,5,0.1951,0,1
feature_drift-01099,feature_drift,test,21,707,56.75,0,0.4018,2,0.309,1,1
feature_drift-01100,feature_drift,val,22,244,76.89,1,0.2125,3,0.5689,1,1
feature_drift-01101,feature_drift,train,23,606,84.05,0,0.3297,4,0.8423,1,0
feature_drift-01102,feature_drift,train,61,399,67.79,2,0.4355,1,0.3602,0,1
feature_drift-01103,feature_drift,train,29,1261,102.42,1,0.2802,0,0.6017,0,1
feature_drift-01104,feature_drift,train,35,620,81.64,1,0.2737,3,0.2801,1,1
feature_drift-01105,feature_drift,test,75,1025,88.82,1,0.0716,1,0.2637,0,1
feature_drift-01106,feature_drift,train,67,536,93.65,1,0.4616,1,0.521,0,1
feature_drift-01107,feature_drift,train,36,291,80.03,2,0.4376,2,0.3255,1,1
feature_drift-01108,feature_drift,train,58,280,75.48,2,0.2071,5,0.2698,0,1
feature_drift-01109,feature_drift,val,54,6,88.71,1,0.2807,3,0.0146,1,1
feature_drift-01110,feature_drift,train,71,23,110.7,3,0.275,4,0.4139,0,1
feature_drift-01111,feature_drift,test,53,392,61.65,2,0.3905,3,0.2634,0,1
feature_drift-01112,feature_drift,test,49,913,113.39,0,0.1201,3,0.4948,0,0
feature_drift-01113,feature_drift,val,68,135,40.48,2,0.1599,2,0.2657,0,1
feature_drift-01114,feature_drift,train,73,1040,62.62,2,0.068,1,0.2316,1,1
feature_drift-01115,feature_drift,val,27,198,38.56,0,0.171,3,0.4065,0,1
feature_drift-01116,feature_drift,train,18,48,61.23,3,0.3,3,0.3367,0,1
feature_drift-01117,feature_drift,train,28,332,34.67,0,0.0623,1,0.2483,0,1
feature_drift-01118,feature_drift,train,57,32,87.73,2,0.5376,3,0.4012,1,1
feature_drift-01119,feature_drift,train,49,79,67.04,4,0.1392,3,0.4368,1,1
feature_drift-01120,feature_drift,test,38,858,138.13,1,0.4051,2,0.5398,1,1
feature_drift-01121,feature_drift,train,70,48,59.28,0,0.2218,2,0.5679,0,1
feature_drift-01122,feature_drift,test,46,406,62.25,2,0.4613,2,0.2824,1,1
feature_drift-01123,feature_drift,val,56,53,25.94,2,0.4137,3,0.3008,0,1
feature_drift-01124,feature_drift,train,49,56,58.61,2,0.2229,3,0.3206,0,1
feature_drift-01125,feature_drift,train,65,311,53.43,2,0.2203,3,0.0002,0,1
feature_drift-01126,feature_drift,val,55,115,106.27,0,0.3805,1,0.5587,1,1
feature_drift-01127,feature_drift,train,34,101,64.48,0,0.2363,5,0.5851,0,1
feature_drift-01128,feature_drift,train,27,1063,138.21,0,0.1769,3,0.3708,1,1
feature_drift-01129,feature_drift,train,56,281,95.43,0,0.2971,3,0.3579,1,1
feature_drift-01130,feature_drift,test,46,762,163.6,3,0.2363,1,0.5363,1,1
feature_drift-01131,feature_drift,train,34,1359,55.91,2,0.4386,3,0.3164,1,1
feature_drift-01132,feature_drift,train,58,253,54.21,0,0.4125,1,0.5164,1,1
feature_drift-01133,feature_drift,train,28,797,104.38,1,0.4056,4,0.4473,1,1
feature_drift-01134,feature_drift,train,27,221,49.08,2,0.3001,5,0.518,0,1
feature_drift-01135,feature_drift,train,32,625,74.25,1,0.2634,1,0.3409,0,1
feature_drift-01136,feature_drift,train,21,24,104.12,4,0.3255,2,0.5545,0,1
feature_drift-01137,feature_drift,test,70,262,97.14,0,0.2647,2,0.006,1,1
feature_drift-01138,feature_drift,train,65,1091,65.01,2,0.335,1,0.1461,1,1
feature_drift-01139,feature_drift,test,48,192,98.38,3,0.0937,1,0.6374,1,1
feature_drift-01140,feature_drift,train,36,719,68.12,4,0.0274,0,0.3761,1,1
feature_drift-01141,feature_drift,train,73,244,117.01,0,0.3064,3,0.1649,0,1
feature_drift-01142,feature_drift,train,31,1015,35.11,1,0.0833,3,0.2667,1,1
feature_drift-01143,feature_drift,train,66,201,79.9,1,0.1288,1,0.4506,1,1
feature_drift-01144,feature_drift,train,34,197,80.34,2,0.1775,3,0.3562,0,1
feature_drift-01145,feature_drift,train,25,329,66.77,3,0.4808,1,0.5103,1,1
feature_drift-01146,feature_drift,train,72,263,126.9,2,0.1718,4,0.2595,0,1
feature_drift-01147,feature_drift,train,34,681,77.27,2,0.2766,4,0.7197,0,0
feature_drift-01148,feature_drift,train,54,40,111.44,1,0.2753,3,0.365,0,1
feature_drift-01149,feature_drift,train,52,527,113.97,3,0.2603,2,0.1342,0,1
feature_drift-01150,feature_drift,train,72,173,57.92,3,0.1109,2,0.2878,0,1
feature_drift-01151,feature_drift,train,42,363,92.04,2,0.1766,0,0.4152,1,1
feature_drift-01152,feature_drift,val,64,1312,102.02,1,0.0298,2,0.5948,1,1
feature_drift-01153,feature_drift,val,27,17,76.0,4,0.0839,3,0.6384,1,1
feature_drift-01154,feature_drift,test,68,648,58.92,1,0.0858,1,0.2341,1,1
feature_drift-01155,feature_drift,train,43,792,35.13,2,0.2796,2,0.448,0,1
feature_drift-01156,feature_drift,test,23,156,54.2,1,0.0,3,0.1862,0,1
feature_drift-01157,feature_drift,test,19,447,112.76,3,0.3846,3,0.3687,1,1
feature_drift-01158,feature_drift,train,24,585,120.64,2,0.3595,4,0.2438,1,1
feature_drift-01159,feature_drift,train,43,61,102.11,2,0.0575,1,0.1805,0,1
feature_drift-01160,feature_drift,train,70,265,77.02,1,0.2727,2,0.1834,0,1
feature_drift-01161,feature_drift,train,46,23,69.88,1,0.0331,3,0.5482,0,1
feature_drift-01162,feature_drift,train,59,148,96.4,1,0.3465,3,0.3145,1,1
feature_drift-01163,feature_drift,val,43,232,33.85,4,0.3385,3,0.3091,0,1
feature_drift-01164,feature_drift,train,63,111,86.9,2,0.3562,3,0.5327,0,1
feature_drift-01165,feature_drift,train,26,19,78.62,0,0.1946,0,0.3914,0,1
feature_drift-01166,feature_drift,train,48,594,24.24,4,0.321,0,0.6866,0,1
feature_drift-01167,feature_drift,train,44,200,90.85,1,0.2454,3,0.223,0,1
feature_drift-01168,feature_drift,train,33,270,94.26,0,0.5186,5,0.648,0,1
feature_drift-01169,feature_drift,train,49,360,75.36,2,0.2591,3,0.342,0,1
feature_drift-01170,feature_drift,test,43,535,52.36,1,0.2214,5,0.3844,1,1
feature_drift-01171,feature_drift,train,71,345,74.64,2,0.0,2,0.1062,0,1
feature_drift-01172,feature_drift,test,73,584,67.23,1,0.3641,5,0.3486,0,1
feature_drift-01173,feature_drift,train,54,523,65.82,0,0.1464,2,0.4225,1,1
feature_drift-01174,feature_drift,train,66,151,83.96,1,0.3575,1,0.4748,1,1
feature_drift-01175,feature_drift,train,62,157,24.15,0,0.0995,1,0.0457,0,1
feature_drift-01176,feature_drift,train,38,258,153.95,2,0.1706,2,0.5777,0,1
feature_drift-01177,feature_drift,train,51,629,40.63,4,0.5236,0,0.2653,0,1
feature_drift-01178,feature_drift,train,47,203,60.64,1,0.221,4,0.103,0,1
feature_drift-01179,feature_drift,train,27,137,25.18,0,0.4278,0,0.3707,0,1
feature_drift-01180,feature_drift,train,54,2,74.76,3,0.0135,0,0.0866,1,1
feature_drift-01181,feature_drift,train,53,296,59.71,1,0.1466,2,0.0204,1,1
feature_drift-01182,feature_drift,val,47,188,91.66,0,0.252,2,0.7549,0,0
feature_drift-01183,feature_drift,train,23,28,62.8,3,0.1624,0,0.6852,1,1
feature_drift-01184,feature_drift,val,39,55,122.41,1,0.6102,2,0.5679,0,1
feature_drift-01185,feature_drift,train,37,713,114.81,1,0.3359,3,0.4847,0,1
feature_drift-01186,feature_drift,test,50,5,122.02,1,0.2723,2,0.5774,0,1
feature_drift-01187,feature_drift,train,57,250,51.51,3,0.3479,1,0.2236,0,1
feature_drift-01188,feature_drift,train,51,76,97.61,2,0.178,5,0.6193,0,0
feature_drift-01189,feature_drift,test,61,711,106.74,3,0.2434,0,0.4563,0,1
feature_drift-01190,feature_drift,train,42,120,42.69,1,0.3772,0,0.0548,1,1
feature_drift-01191,feature_drift,train,21,7,110.42,0,0.1163,3,0.1641,1,1
feature_drift-01192,feature_drift,val,23,412,108.13,2,0.3081,2,0.6416,1,1
feature_drift-01193,feature_drift,train,50,439,100.02,0,0.4121,5,0.6762,0,0
feature_drift-01194,feature_drift,train,56,168,101.91,1,0.3172,1,0.4789,0,1
feature_drift-01195,feature_drift,train,46,170,119.04,3,0.0398,0,0.596,0,1
feature_drift-01196,feature_drift,val,67,37,62.42,3,0.3874,0,0.3895,1,1
feature_drift-01197,feature_drift,train,30,243,151.42,0,0.3283,0,0.4851,1,1
feature_drift-01198,feature_drift,train,28,639,105.35,3,0.3622,4,0.3865,1,1
feature_drift-01199,feature_drift,train,30,972,62.47,2,0.0197,2,0.3166,1,1
feature_drift-01200,feature_drift,train,54,288,75.2,2,0.1957,1,0.4798,0,1
feature_drift-01201,feature_drift,train,62,144,92.39,3,0.2392,3,0.3867,0,1
feature_drift-01202,feature_drift,test,40,1460,64.03,2,0.4019,2,0.8065,0,0
feature_drift-01203,feature_drift,train,54,1142,44.58,1,0.3506,4,0.5693,0,0
feature_drift-01204,feature_drift,train,46,98,57.54,2,0.102,1,0.6603,1,1
feature_drift-01205,feature_drift,train,72,125,108.09,2,0.1572,5,0.3925,0,1
feature_drift-01206,feature_drift,train,54,255,75.53,2,0.3275,5,0.4629,0,1
feature_drift-01207,feature_drift,train,73,438,77.55,0,0.3259,2,0.711,0,0
feature_drift-01208,feature_drift,val,30,553,82.03,1,0.0,1,0.5357,1,1
feature_drift-01209,feature_drift,train,58,161,32.71,1,0.2989,2,0.3675,0,1
feature_drift-01210,feature_drift,train,37,529,91.58,1,0.3699,3,0.5506,0,0
feature_drift-01211,feature_drift,train,34,343,30.87,2,0.2907,4,0.5116,1,1
feature_drift-01212,feature_drift,test,50,68,60.96,1,0.1771,2,0.6344,0,0
feature_drift-01213,feature_drift,train,66,89,93.19,4,0.243,0,0.2452,1,1
feature_drift-01214,feature_drift,test,61,1154,131.08,2,0.4368,1,0.5062,1,1
feature_drift-01215,feature_drift,test,61,529,55.04,0,0.3435,0,0.4598,1,1
feature_drift-01216,feature_drift,train,34,296,41.88,3,0.2545,1,0.4698,1,1
feature_drift-01217,feature_drift,val,44,196,73.51,1,0.0928,3,0.4664,1,1
feature_drift-01218,feature_drift,train,42,32,107.01,2,0.0807,5,0.5713,0,1
feature_drift-01219,feature_drift,train,64,131,136.75,1,0.0915,1,0.4248,1,1
feature_drift-01220,feature_drift,test,32,351,46.37,2,0.2115,4,0.4769,0,1
feature_drift-01221,feature_drift,val,25,2050,68.03,0,0.2881,2,0.4514,1,0
feature_drift-01222,feature_drift,train,36,117,30.38,2,0.2221,4,0.375,0,1
feature_drift-01223,feature_drift,train,61,381,87.9,3,0.1904,2,0.5005,0,1
feature_drift-01224,feature_drift,val,39,69,23.05,1,0.3973,1,0.4778,0,1
feature_drift-01225,feature_drift,val,67,313,130.87,1,0.2965,4,0.5458,0,1
feature_drift-01226,feature_drift,val,45,460,82.38,1,0.116,1,0.395,1,1
feature_drift-01227,feature_drift,train,38,341,126.58,2,0.0,7,0.5764,0,1
feature_drift-01228,feature_drift,train,20,165,52.29,1,0.4026,1,0.3566,0,1
feature_drift-01229,feature_drift,train,59,363,80.67,3,0.2674,3,0.6852,0,1
feature_drift-01230,feature_drift,val,38,382,46.37,1,0.462,2,0.6094,0,1
feature_drift-01231,feature_drift,train,64,1529,78.66,1,0.4311,5,0.2169,1,0
feature_drift-01232,feature_drift,train,63,741,134.23,1,0.2449,2,0.675,1,1
feature_drift-01233,feature_drift,test,73,212,62.5,2,0.4694,1,0.4705,1,1
feature_drift-01234,feature_drift,train,35,317,39.17,1,0.0,6,0.529,0,0
feature_drift-01235,feature_drift,train,59,940,101.78,0,0.167,3,0.4751,0,0
feature_drift-01236,feature_drift,train,66,362,64.57,2,0.0497,3,0.2171,0,1
feature_drift-01237,feature_drift,train,37,303,119.17,5,0.145,1,0.5824,0,1
feature_drift-01238,feature_drift,train,36,101,72.56,1,0.272,3,0.1226,1,1
feature_drift-01239,feature_drift,test,60,67,45.96,1,0.3065,4,0.6476,1,1
feature_drift-01240,feature_drift,test,60,234,53.3,1,0.4487,2,0.3711,1,1
feature_drift-01241,feature_drift,train,34,340,62.82,1,0.2337,2,0.5553,0,1
feature_drift-01242,feature_drift,train,66,398,57.52,3,0.4243,2,0.3884,0,1
feature_drift-01243,feature_drift,train,72,208,130.62,0,0.0323,2,0.5115,1,1
feature_drift-01244,feature_drift,train,63,82,75.42,1,0.2889,2,0.5446,0,1
feature_drift-01245,feature_drift,val,74,73,84.71,1,0.3672,3,0.6435,0,1
feature_drift-01246,feature_drift,val,74,372,53.29,2,0.2187,0,0.407,0,1
feature_drift-01247,feature_drift,train,73,312,59.4,0,0.2692,6,0.2892,0,1
feature_drift-01248,feature_drift,test,59,1781,97.48,0,0.208,2,0.3502,0,1
feature_drift-01249,feature_drift,train,28,961,84.0,3,0.0509,3,0.6202,1,1
feature_drift-01250,feature_drift,val,69,30,43.72,1,0.412,0,0.7548,0,0
feature_drift-01251,feature_drift,train,57,366,116.06,2,0.2568,2,0.6004,1,1
feature_drift-01252,feature_drift,train,29,175,69.77,1,0.0605,3,0.2381,0,1
feature_drift-01253,feature_drift,train,72,108,50.75,1,0.2406,2,0.289,0,1
feature_drift-01254,feature_drift,train,75,128,112.25,1,0.3781,1,0.355,0,1
feature_drift-01255,feature_drift,val,60,371,69.61,1,0.2419,5,0.5537,1,1
feature_drift-01256,feature_drift,train,69,127,117.13,0,0.1453,2,0.2646,0,1
feature_drift-01257,feature_drift,train,73,318,114.87,2,0.1223,3,0.497,1,1
feature_drift-01258,feature_drift,train,26,652,69.85,2,0.1079,1,0.4754,0,1
feature_drift-01259,feature_drift,train,52,388,71.01,2,0.476,4,0.2516,0,1
feature_drift-01260,feature_drift,test,46,70,90.25,2,0.0044,1,0.3883,1,1
feature_drift-01261,feature_drift,test,27,455,63.65,2,0.3061,0,0.6115,1,1
feature_drift-01262,feature_drift,val,56,842,113.23,1,0.2623,1,0.3606,0,1
feature_drift-01263,feature_drift,val,69,518,68.16,2,0.2877,0,0.6158,0,1
feature_drift-01264,feature_drift,train,58,375,74.18,0,0.1563,2,0.1985,0,1
feature_drift-01265,feature_drift,train,68,33,74.13,1,0.4084,1,0.1791,1,1
feature_drift-01266,feature_drift,train,21,216,35.84,2,0.4642,2,0.3071,0,1
feature_drift-01267,feature_drift,train,32,375,83.3,1,0.162,4,0.4071,0,1
feature_drift-01268,feature_drift,train,50,120,95.14,2,0.3848,2,0.3726,0,1
feature_drift-01269,feature_drift,val,40,22,43.02,1,0.2885,3,0.2207,0,1
feature_drift-01270,feature_drift,train,42,374,83.65,2,0.357,1,0.4649,1,1
feature_drift-01271,feature_drift,train,40,215,76.97,2,0.1848,3,0.5195,0,1
feature_drift-01272,feature_drift,train,20,130,58.74,2,0.2359,1,0.5064,0,1
feature_drift-01273,feature_drift,val,56,264,49.77,0,0.2255,1,0.2529,0,1
feature_drift-01274,feature_drift,train,42,409,71.54,0,0.249,0,0.1931,1,1
feature_drift-01275,feature_drift,train,63,505,47.75,4,0.3751,1,0.4666,1,1
feature_drift-01276,feature_drift,train,63,772,65.0,1,0.2443,1,0.4733,1,1
feature_drift-01277,feature_drift,val,70,482,67.62,1,0.3566,3,0.2142,0,1
feature_drift-01278,feature_drift,train,66,138,87.84,2,0.4152,3,0.4845,0,1
feature_drift-01279,feature_drift,train,41,67,35.48,4,0.3228,3,0.3437,0,1
feature_drift-01280,feature_drift,val,75,539,50.45,0,0.1422,2,0.3448,0,1
feature_drift-01281,feature_drift,train,34,550,108.45,2,0.1311,1,0.1351,1,1
feature_drift-01282,feature_drift,test,35,1174,94.63,1,0.272,2,0.0184,0,1
feature_drift-01283,feature_drift,val,69,299,64.81,3,0.3055,0,0.1483,0,1
feature_drift-01284,feature_drift,train,20,94,64.87,0,0.3194,2,0.5568,0,1
feature_drift-01285,feature_drift,test,68,114,63.38,0,0.2223,3,0.4308,0,1
feature_drift-01286,feature_drift,train,57,2,124.58,3,0.1318,0,0.1647,0,1
feature_drift-01287,feature_drift,train,37,78,49.91,1,0.2453,3,0.4465,1,1
feature_drift-01288,feature_drift,train,53,382,76.04,1,0.177,4,0.4427,0,1
feature_drift-01289,feature_drift,train,64,152,64.24,1,0.1405,2,0.5448,1,1
feature_drift-01290,feature_drift,train,26,306,126.15,0,0.0165,3,0.555,0,1
feature_drift-01291,feature_drift,train,22,148,126.15,3,0.2557,2,0.2721,0,1
feature_drift-01292,feature_drift,train,55,172,84.98,2,0.5601,3,0.2513,0,1
feature_drift-01293,feature_drift,train,21,27,122.64,1,0.3596,1,0.0568,0,1
feature_drift-01294,feature_drift,val,50,1010,125.63,2,0.318,3,0.1311,0,1
feature_drift-01295,feature_drift,train,64,49,83.08,4,0.241,1,0.5167,0,1
feature_drift-01296,feature_drift,train,43,29,127.49,0,0.0697,2,0.3135,0,1
feature_drift-01297,feature_drift,train,46,379,77.31,2,0.386,0,0.2552,1,1
feature_drift-01298,feature_drift,val,36,435,100.69,3,0.0,0,0.2385,1,1
feature_drift-01299,feature_drift,train,28,124,112.08,1,0.3952,3,0.7319,0,0
feature_drift-01300,feature_drift,train,54,486,47.26,0,0.0,2,0.4321,0,1
feature_drift-01301,feature_drift,train,40,392,90.43,1,0.3369,1,0.2527,1,1
feature_drift-01302,feature_drift,train,37,408,83.71,1,0.1757,1,0.3916,1,1
feature_drift-01303,feature_drift,train,73,750,37.84,1,0.567,3,0.1629,0,0
feature_drift-01304,feature_drift,train,23,671,74.11,1,0.0981,1,0.6524,0,0
feature_drift-01305,feature_drift,train,62,709,41.68,0,0.0687,2,0.3724,0,1
feature_drift-01306,feature_drift,test,65,1,95.3,1,0.1206,0,0.3429,0,1
feature_drift-01307,feature_drift,train,44,467,52.23,2,0.3801,3,0.4508,0,1
feature_drift-01308,feature_drift,train,21,1307,76.8,3,0.338,2,0.4801,1,1
feature_drift-01309,feature_drift,train,69,73,41.51,2,0.1327,2,0.2393,1,1
feature_drift-01310,feature_drift,train,70,208,131.64,0,0.4836,1,0.4947,1,1
feature_drift-01311,feature_drift,train,53,335,80.97,0,0.2016,2,0.5088,1,1
feature_drift-01312,feature_drift,test,33,49,99.09,1,0.0535,3,0.5743,0,1
feature_drift-01313,feature_drift,train,37,6,63.5,0,0.2012,2,0.404,1,1
feature_drift-01314,feature_drift,train,61,429,144.78,0,0.3967,1,0.7266,0,1
feature_drift-01315,feature_drift,val,47,1476,46.64,4,0.1354,1,0.3926,0,1
feature_drift-01316,feature_drift,train,54,150,47.46,1,0.4922,3,0.3413,0,1
feature_drift-01317,feature_drift,train,71,297,96.78,3,0.3473,0,0.3819,0,1
feature_drift-01318,feature_drift,train,21,567,101.88,1,0.263,3,0.3799,1,1
feature_drift-01319,feature_drift,val,32,12,54.29,0,0.1802,1,0.4648,1,1
feature_drift-01320,feature_drift,train,40,235,65.78,0,0.3988,0,0.1199,1,1
feature_drift-01321,feature_drift,train,71,265,156.42,2,0.3131,1,0.4225,1,1
feature_drift-01322,feature_drift,train,54,1754,98.14,1,0.6008,2,0.4335,0,0
feature_drift-01323,feature_drift,train,63,162,82.08,1,0.3247,2,0.5442,1,1
feature_drift-01324,feature_drift,train,66,528,72.4,1,0.0,1,0.3765,1,1
feature_drift-01325,feature_drift,test,62,275,69.46,2,0.0,4,0.1221,1,1
feature_drift-01326,feature_drift,train,29,184,58.6,1,0.2757,3,0.2733,1,1
feature_drift-01327,feature_drift,train,38,94,139.28,1,0.2415,3,0.1883,0,1
feature_drift-01328,feature_drift,test,70,159,102.15,0,0.177,2,0.6072,0,1
feature_drift-01329,feature_drift,train,48,79,141.53,1,0.0,3,0.519,1,1
feature_drift-01330,feature_drift,val,39,626,54.77,2,0.2608,1,0.537,0,1
feature_drift-01331,feature_drift,train,19,183,30.88,2,0.0323,0,0.6979,1,1
feature_drift-01332,feature_drift,train,61,327,105.07,2,0.0,3,0.3198,1,1
feature_drift-01333,feature_drift,train,27,149,81.05,2,0.0585,1,0.5085,0,1
feature_drift-01334,feature_drift,train,24,1220,84.96,1,0.3254,2,0.6236,0,0
feature_drift-01335,feature_drift,val,21,276,79.6,0,0.2046,2,0.5452,0,1
feature_drift-01336,feature_drift,train,40,1229,90.22,2,0.2034,3,0.3914,1,0
feature_drift-01337,feature_drift,train,52,506,30.93,2,0.1492,2,0.1449,1,1
feature_drift-01338,feature_drift,train,67,639,57.1,1,0.1123,0,0.4641,0,1
feature_drift-01339,feature_drift,test,35,365,71.94,0,0.4761,0,0.463,1,1
feature_drift-01340,feature_drift,train,48,276,75.49,3,0.3391,3,0.5104,0,1
feature_drift-01341,feature_drift,train,36,316,50.07,1,0.2016,1,0.5075,0,1
feature_drift-01342,feature_drift,train,62,419,98.12,4,0.0469,3,0.1388,0,1
feature_drift-01343,feature_drift,val,60,677,107.54,1,0.0907,1,0.3522,0,1
feature_drift-01344,feature_drift,train,19,336,67.96,1,0.1368,2,0.3844,0,1
feature_drift-01345,feature_drift,test,25,425,71.29,0,0.3612,4,0.6513,0,0
feature_drift-01346,feature_drift,train,25,1293,111.29,0,0.4715,1,0.6983,0,0
feature_drift-01347,feature_drift,train,18,207,50.05,0,0.1239,2,0.5308,0,1
feature_drift-01348,feature_drift,val,24,36,108.71,0,0.3382,2,0.3277,0,1
feature_drift-01349,feature_drift,train,55,345,68.28,0,0.2784,3,0.3212,0,1
feature_drift-01350,feature_drift,train,60,517,72.31,2,0.3045,2,0.1299,1,1
feature_drift-01351,feature_drift,train,69,299,95.78,0,0.2998,3,0.3484,0,1
feature_drift-01352,feature_drift,val,68,1,67.72,1,0.0458,3,0.6081,0,1
feature_drift-01353,feature_drift,test,59,886,41.8,1,0.274,2,0.7581,0,0
feature_drift-01354,feature_drift,val,55,400,84.84,1,0.1175,1,0.6526,0,1
feature_drift-01355,feature_drift,test,42,74,63.73,2,0.3645,2,0.4347,1,1
feature_drift-01356,feature_drift,train,33,1409,83.03,3,0.26,2,0.4688,0,1
feature_drift-01357,feature_drift,train,51,163,73.32,1,0.1858,2,0.5729,0,1
feature_drift-01358,feature_drift,train,42,938,96.2,0,0.4019,2,0.3511,0,1
feature_drift-01359,feature_drift,train,64,436,46.85,0,0.0963,4,0.3366,1,1
feature_drift-01360,feature_drift,val,30,75,101.18,1,0.107,4,0.3795,0,1
feature_drift-01361,feature_drift,val,33,10,140.07,4,0.3274,3,0.4216,0,1
feature_drift-01362,feature_drift,train,64,158,36.73,1,0.1739,3,0.1446,0,1
feature_drift-01363,feature_drift,train,39,21,97.77,1,0.0,4,0.4577,0,1
feature_drift-01364,feature_drift,train,45,241,113.32,5,0.1274,1,0.1753,1,1
feature_drift-01365,feature_drift,val,60,471,52.68,0,0.2979,1,0.7214,0,0
feature_drift-01366,feature_drift,train,74,446,75.07,4,0.3308,2,0.1441,0,1
feature_drift-01367,feature_drift,train,75,784,61.29,0,0.343,1,0.2285,0,1
feature_drift-01368,feature_drift,train,41,120,102.5,0,0.18,0,0.2259,1,1
feature_drift-01369,feature_drift,train,58,80,135.26,2,0.0577,2,0.3355,0,1
feature_drift-01370,feature_drift,train,41,130,71.26,3,0.0,5,0.2455,1,1
feature_drift-01371,feature_drift,val,62,301,131.45,1,0.1945,2,0.3635,0,1
feature_drift-01372,feature_drift,train,73,58,64.86,1,0.3461,2,0.5495,1,1
feature_drift-01373,feature_drift,test,25,328,55.62,1,0.3865,0,0.4397,0,1
feature_drift-01374,feature_drift,test,60,2345,160.84,1,0.0,2,0.0712,0,1
feature_drift-01375,feature_drift,train,47,45,148.56,1,0.4613,3,0.3006,0,1
feature_drift-01376,feature_drift,train,31,288,52.86,2,0.4159,2,0.2682,0,1
feature_drift-01377,feature_drift,val,46,631,82.12,1,0.2662,1,0.4165,0,1
feature_drift-01378,feature_drift,train,50,79,70.71,0,0.2167,3,0.5177,0,1
feature_drift-01379,feature_drift,val,40,374,128.39,3,0.3839,0,0.5564,0,1
feature_drift-01380,feature_drift,train,28,1641,64.61,1,0.1616,1,0.6038,0,0
feature_drift-01381,feature_drift,val,75,291,59.29,1,0.4989,0,0.4194,0,1
feature_drift-01382,feature_drift,train,39,148,151.62,4,0.3394,3,0.6199,1,1
feature_drift-01383,feature_drift,val,29,464,63.37,1,0.4271,1,0.5967,1,1
feature_drift-01384,feature_drift,val,36,659,73.55,4,0.1321,1,0.5222,0,1
feature_drift-01385,feature_drift,train,70,20,98.27,5,0.308,2,0.3229,0,1
feature_drift-01386,feature_drift,train,22,258,84.28,2,0.5746,3,0.3404,1,1
feature_drift-01387,feature_drift,train,36,24,57.08,1,0.0542,1,0.3142,1,1
feature_drift-01388,feature_drift,train,27,36,59.33,1,0.242,1,0.6412,0,1
feature_drift-01389,feature_drift,val,57,401,94.98,1,0.4743,4,0.0036,0,1
feature_drift-01390,feature_drift,train,55,295,143.65,2,0.3132,0,0.7809,1,1
feature_drift-01391,feature_drift,train,57,269,78.02,3,0.2679,2,0.2819,0,1
feature_drift-01392,feature_drift,test,55,216,87.12,1,0.1842,2,0.6244,1,1
feature_drift-01393,feature_drift,val,25,534,77.08,3,0.3783,1,0.5006,1,1
feature_drift-01394,feature_drift,train,53,51,78.86,2,0.4492,0,0.5488,0,1
feature_drift-01395,feature_drift,test,63,233,77.42,0,0.4043,2,0.2313,1,1
feature_drift-01396,feature_drift,train,27,439,83.76,3,0.3039,1,0.3342,0,1
feature_drift-01397,feature_drift,train,36,796,42.48,1,0.4021,1,0.5583,1,1
feature_drift-01398,feature_drift,train,59,18,62.41,1,0.207,1,0.5688,0,1
feature_drift-01399,feature_drift,train,43,1218,74.38,1,0.3286,1,0.2816,0,1
feature_drift-01400,feature_drift,train,27,259,103.86,1,0.2758,1,0.0682,0,1
feature_drift-01401,feature_drift,train,39,872,48.24,1,0.723,1,0.267,0,1
feature_drift-01402,feature_drift,train,22,595,58.8,3,0.4784,2,0.3262,1,1
feature_drift-01403,feature_drift,test,67,199,65.34,2,0.2027,0,0.5218,1,1
feature_drift-01404,feature_drift,train,60,74,74.26,0,0.4115,1,0.5793,0,0
feature_drift-01405,feature_drift,val,38,26,74.15,0,0.1856,3,0.7585,0,0
feature_drift-01406,feature_drift,train,60,100,84.28,3,0.4364,5,0.4735,1,1
feature_drift-01407,feature_drift,train,58,303,194.54,1,0.3396,0,0.6332,0,1
feature_drift-01408,feature_drift,train,33,587,65.77,5,0.2561,1,0.1111,0,1
feature_drift-01409,feature_drift,train,54,97,52.5,4,0.2645,2,0.6459,0,1
feature_drift-01410,feature_drift,val,58,66,136.37,4,0.3503,1,0.3349,0,1
feature_drift-01411,feature_drift,train,69,187,73.33,0,0.425,3,0.4125,0,1
feature_drift-01412,feature_drift,train,36,14,20.53,2,0.0172,2,0.512,1,1
feature_drift-01413,feature_drift,test,68,836,89.6,3,0.0202,3,0.2017,1,1
feature_drift-01414,feature_drift,train,45,259,42.03,2,0.0783,0,0.243,0,1
feature_drift-01415,feature_drift,test,33,34,44.45,1,0.1486,2,0.2552,0,1
feature_drift-01416,feature_drift,train,21,674,58.24,3,0.1217,4,0.1931,0,1
feature_drift-01417,feature_drift,train,18,340,64.58,2,0.3656,3,0.3448,1,1
feature_drift-01418,feature_drift,test,52,558,109.67,1,0.2269,1,0.4643,1,1
feature_drift-01419,feature_drift,val,19,237,100.23,2,0.4361,2,0.1264,0,1
feature_drift-01420,feature_drift,train,33,795,84.52,1,0.3294,2,0.6013,0,0
feature_drift-01421,feature_drift,train,70,363,87.72,3,0.0943,0,0.3517,1,1
feature_drift-01422,feature_drift,train,45,343,35.06,2,0.1503,2,0.3767,0,1
feature_drift-01423,feature_drift,test,31,521,200.0,2,0.0,0,0.3332,0,1
feature_drift-01424,feature_drift,train,73,102,89.7,0,0.1715,4,0.4785,1,1
feature_drift-01425,feature_drift,train,47,7,116.51,1,0.2174,2,0.361,1,1
feature_drift-01426,feature_drift,train,37,73,90.14,2,0.5083,2,0.6631,1,1
feature_drift-01427,feature_drift,test,52,237,94.94,2,0.3239,1,0.1658,0,1
feature_drift-01428,feature_drift,train,72,167,115.23,2,0.3013,1,0.4246,1,1
feature_drift-01429,feature_drift,val,18,408,55.78,3,0.2011,2,0.4606,1,1
feature_drift-01430,feature_drift,train,75,738,49.51,1,0.2443,2,0.4725,0,0
feature_drift-01431,feature_drift,train,43,5,116.47,1,0.2619,2,0.3864,0,1
feature_drift-01432,feature_drift,train,38,682,77.8,1,0.3588,2,0.762,0,0
feature_drift-01433,feature_drift,train,48,733,95.94,5,0.2202,1,0.3047,0,1
feature_drift-01434,feature_drift,train,71,315,99.9,1,0.1969,1,0.6239,0,1
feature_drift-01435,feature_drift,train,20,1096,107.08,1,0.3901,2,0.294,1,1
feature_drift-01436,feature_drift,train,47,24,113.95,2,0.2175,3,0.431,0,1
feature_drift-01437,feature_drift,val,46,525,49.92,1,0.4424,1,0.4617,1,1
feature_drift-01438,feature_drift,train,57,803,82.07,1,0.6149,2,0.5104,1,1
feature_drift-01439,feature_drift,train,36,257,66.67,2,0.4621,3,0.3176,0,1
feature_drift-01440,feature_drift,train,59,65,116.63,1,0.3144,2,0.5832,1,1
feature_drift-01441,feature_drift,test,74,31,104.52,1,0.3565,0,0.181,1,1
feature_drift-01442,feature_drift,train,22,136,82.66,3,0.0,4,0.3141,0,1
feature_drift-01443,feature_drift,test,46,576,29.79,3,0.1768,2,0.1796,0,1
feature_drift-01444,feature_drift,train,62,134,51.84,4,0.2398,4,0.367,0,1
feature_drift-01445,feature_drift,val,34,456,93.51,0,0.3586,1,0.6044,1,0
feature_drift-01446,feature_drift,train,36,59,91.21,0,0.1228,1,0.272,0,1
feature_drift-01447,feature_drift,test,25,1215,117.52,3,0.197,0,0.5626,0,1
feature_drift-01448,feature_drift,train,19,10,87.62,2,0.4328,1,0.5033,1,1
feature_drift-01449,feature_drift,train,20,14,21.12,2,0.3475,1,0.5901,0,1
feature_drift-01450,feature_drift,val,38,34,44.33,0,0.289,3,0.2909,0,1
feature_drift-01451,feature_drift,train,66,422,68.7,0,0.2327,5,0.3244,1,1
feature_drift-01452,feature_drift,train,20,302,133.15,4,0.3418,3,0.4894,1,1
feature_drift-01453,feature_drift,train,66,628,24.04,2,0.5681,4,0.658,0,0
feature_drift-01454,feature_drift,train,45,75,60.31,0,0.239,4,0.2586,1,1
feature_drift-01455,feature_drift,train,56,701,117.66,4,0.3123,0,0.6322,0,1
feature_drift-01456,feature_drift,train,39,43,47.62,0,0.4856,1,0.409,0,1
feature_drift-01457,feature_drift,train,37,1418,79.63,1,0.2075,1,0.6349,1,1
feature_drift-01458,feature_drift,train,73,201,108.47,3,0.2545,2,0.4753,0,1
feature_drift-01459,feature_drift,test,63,81,96.07,1,0.1884,3,0.0759,1,1
feature_drift-01460,feature_drift,train,58,46,44.55,2,0.0,3,0.5896,1,1
feature_drift-01461,feature_drift,train,66,107,136.58,4,0.3299,4,0.3535,1,1
feature_drift-01462,feature_drift,train,67,775,48.02,0,0.5659,1,0.4334,0,0
feature_drift-01463,feature_drift,train,18,362,78.51,1,0.146,4,0.4294,0,1
feature_drift-01464,feature_drift,train,75,226,71.07,0,0.3412,1,0.649,1,0
feature_drift-01465,feature_drift,train,57,268,15.0,3,0.2675,1,0.3983,0,1
feature_drift-01466,feature_drift,val,65,70,72.36,2,0.2381,2,0.6805,0,1
feature_drift-01467,feature_drift,train,54,492,33.4,2,0.2686,1,0.3617,1,1
feature_drift-01468,feature_drift,train,75,151,68.62,1,0.3431,1,0.514,1,1
feature_drift-01469,feature_drift,train,67,629,39.24,1,0.0374,4,0.2052,0,1
feature_drift-01470,feature_drift,train,21,14,32.33,0,0.3877,2,0.3479,1,1
feature_drift-01471,feature_drift,val,21,22,132.96,1,0.391,3,0.2947,1,1
feature_drift-01472,feature_drift,train,63,11,56.2,3,0.3035,1,0.5759,0,1
feature_drift-01473,feature_drift,train,67,39,193.84,4,0.3563,5,0.438,0,1
feature_drift-01474,feature_drift,train,29,24,78.79,1,0.206,2,0.3902,0,1
feature_drift-01475,feature_drift,test,30,292,24.28,0,0.3302,3,0.3878,0,1
feature_drift-01476,feature_drift,train,51,281,73.26,2,0.1733,1,0.6609,1,1
feature_drift-01477,feature_drift,train,53,463,130.15,2,0.2595,1,0.1934,0,1
feature_drift-01478,feature_drift,train,52,579,81.41,3,0.2053,1,0.626,1,1
feature_drift-01479,feature_drift,train,53,68,82.87,1,0.2127,2,0.3634,0,1
feature_drift-01480,feature_drift,train,68,7,64.21,4,0.2253,4,0.4076,0,1
feature_drift-01481,feature_drift,val,67,296,200.0,1,0.2308,4,0.6313,0,1
feature_drift-01482,feature_drift,train,36,181,39.53,2,0.4049,0,0.5842,0,0
feature_drift-01483,feature_drift,train,34,1161,93.83,2,0.0133,3,0.319,1,1
feature_drift-01484,feature_drift,test,47,452,47.93,0,0.0332,2,0.5477,0,1
feature_drift-01485,feature_drift,train,46,31,68.85,1,0.2875,3,0.1679,0,1
feature_drift-01486,feature_drift,train,61,336,81.32,1,0.3983,0,0.3531,1,1
feature_drift-01487,feature_drift,test,36,150,50.79,0,0.2754,0,0.307,1,1
feature_drift-01488,feature_drift,train,56,823,75.92,1,0.2137,3,0.2323,0,1
feature_drift-01489,feature_drift,train,21,477,123.18,1,0.5603,0,0.1684,0,1
feature_drift-01490,feature_drift,train,39,7,90.89,1,0.267,0,0.4009,0,1
feature_drift-01491,feature_drift,train,74,254,107.16,2,0.1231,1,0.3789,1,1
feature_drift-01492,feature_drift,train,37,1198,99.14,1,0.2218,2,0.27,0,1
feature_drift-01493,feature_drift,train,38,1024,138.19,1,0.3732,0,0.1055,0,1
feature_drift-01494,feature_drift,train,44,181,79.28,2,0.2449,1,0.4351,1,1
feature_drift-01495,feature_drift,train,63,1227,196.24,4,0.1229,0,0.6167,0,1
feature_drift-01496,feature_drift,train,54,125,75.84,3,0.3845,2,0.4915,0,1
feature_drift-01497,feature_drift,train,71,549,93.12,1,0.2912,4,0.6671,0,0
feature_drift-01498,feature_drift,train,34,416,133.28,4,0.3959,1,0.3154,0,1
feature_drift-01499,feature_drift,train,23,26,153.32,1,0.2445,1,0.5893,0,1
feature_drift-01500,feature_drift,test,41,817,137.07,2,0.1253,0,0.4524,0,1
volume_anomaly-00001,volume_anomaly,train,56,187,78.87,2,0.7828,2,0.4784,1,1
volume_anomaly-00002,volume_anomaly,train,25,19,37.53,0,0.6311,0,0.7345,1,0
volume_anomaly-00003,volume_anomaly,train,65,225,97.14,2,0.8927,4,0.7312,0,0
volume_anomaly-00004,volume_anomaly,test,32,524,103.89,2,0.6157,0,0.908,1,0
volume_anomaly-00005,volume_anomaly,test,56,286,80.37,0,0.5063,1,0.5723,0,0
volume_anomaly-00006,volume_anomaly,train,41,377,40.2,3,0.3891,3,0.6497,0,1
volume_anomaly-00007,volume_anomaly,train,23,1196,83.47,2,0.4637,4,0.6722,1,0
volume_anomaly-00008,volume_anomaly,train,74,83,64.22,3,0.7259,3,0.6713,0,0
volume_anomaly-00009,volume_anomaly,train,49,451,22.78,0,0.4807,4,0.6099,0,0
volume_anomaly-00010,volume_anomaly,train,27,148,189.08,0,0.5925,2,0.9023,1,1
volume_anomaly-00011,volume_anomaly,test,75,190,58.42,3,0.7271,4,0.569,1,1
volume_anomaly-00012,volume_anomaly,val,67,189,108.95,2,0.8193,3,0.6211,0,1
volume_anomaly-00013,volume_anomaly,test,19,1427,109.17,1,0.3652,0,0.5536,0,0
volume_anomaly-00014,volume_anomaly,test,27,386,83.4,3,0.5205,2,0.6577,1,1
volume_anomaly-00015,volume_anomaly,train,23,67,94.57,3,0.3311,1,0.8561,1,1
volume_anomaly-00016,volume_anomaly,train,37,436,100.41,3,0.6018,4,0.7268,1,1
volume_anomaly-00017,volume_anomaly,test,41,329,41.26,0,0.5576,1,0.8112,0,0
volume_anomaly-00018,volume_anomaly,train,57,62,149.28,1,0.605,3,0.7878,0,0
volume_anomaly-00019,volume_anomaly,train,60,255,77.32,2,0.3223,0,0.6726,0,1
volume_anomaly-00020,volume_anomaly,train,53,103,62.48,2,0.4799,3,0.4287,0,1
volume_anomaly-00021,volume_anomaly,train,43,653,48.98,0,0.2372,1,0.7292,0,0
volume_anomaly-00022,volume_anomaly,val,73,29,54.03,0,0.684,4,0.6938,1,0
volume_anomaly-00023,volume_anomaly,train,39,739,141.04,2,0.4644,1,0.6622,0,0
volume_anomaly-00024,volume_anomaly,train,41,744,155.76,0,0.4348,1,0.6309,0,0
volume_anomaly-00025,volume_anomaly,train,41,112,115.07,1,0.6167,1,0.6658,0,1
volume_anomaly-00026,volume_anomaly,test,72,374,36.24,0,0.6914,1,0.5926,0,0
volume_anomaly-00027,volume_anomaly,train,75,647,49.56,2,0.4562,5,0.5803,0,0
volume_anomaly-00028,volume_anomaly,val,71,1216,112.8,1,0.5649,3,0.6033,1,0
volume_anomaly-00029,volume_anomaly,test,52,262,30.43,2,0.6124,0,0.7321,0,1
volume_anomaly-00030,volume_anomaly,train,59,163,93.11,3,0.4991,1,0.9546,1,1
volume_anomaly-00031,volume_anomaly,train,41,357,70.04,0,0.3751,3,0.7931,0,0
volume_anomaly-00032,volume_anomaly,test,19,89,92.45,0,0.4207,0,0.4155,1,1
volume_anomaly-00033,volume_anomaly,train,52,490,60.92,0,0.698,0,0.722,1,0
volume_anomaly-00034,volume_anomaly,train,64,92,139.23,2,0.5921,1,0.779,1,1
volume_anomaly-00035,volume_anomaly,train,24,368,200.0,1,0.3332,3,0.827,0,0
volume_anomaly-00036,volume_anomaly,train,70,306,85.77,1,0.4566,0,0.6152,0,1
volume_anomaly-00037,volume_anomaly,train,49,610,89.74,0,0.6803,4,0.4675,0,0
volume_anomaly-00038,volume_anomaly,train,48,601,67.89,4,0.5521,2,0.8273,0,1
volume_anomaly-00039,volume_anomaly,val,67,650,34.96,1,0.3967,3,0.6348,1,0
volume_anomaly-00040,volume_anomaly,train,29,805,48.12,0,0.3231,4,0.9803,0,0
volume_anomaly-00041,volume_anomaly,train,74,147,122.29,1,0.5816,2,0.5288,0,1
volume_anomaly-00042,volume_anomaly,val,28,399,53.11,1,0.868,2,1.0,0,0
volume_anomaly-00043,volume_anomaly,train,61,549,44.22,1,0.5144,5,0.5237,0,0
volume_anomaly-00044,volume_anomaly,train,67,364,137.18,0,0.3832,2,0.9944,0,0
volume_anomaly-00045,volume_anomaly,train,55,51,126.74,0,0.3773,2,0.7374,0,0
volume_anomaly-00046,volume_anomaly,test,23,1239,124.29,0,0.7352,2,0.8526,1,0
volume_anomaly-00047,volume_anomaly,val,58,847,54.07,1,0.1645,0,0.7972,0,1
volume_anomaly-00048,volume_anomaly,val,49,210,47.37,0,0.4461,1,0.8754,1,0
volume_anomaly-00049,volume_anomaly,train,75,257,120.72,3,0.5246,6,0.7626,1,1
volume_anomaly-00050,volume_anomaly,train,29,183,90.09,1,0.4199,1,0.8407,0,0
volume_anomaly-00051,volume_anomaly,train,30,59,31.97,1,0.9339,0,0.5434,0,1
volume_anomaly-00052,volume_anomaly,train,35,626,46.64,0,0.5796,4,0.7019,0,0
volume_anomaly-00053,volume_anomaly,train,66,68,35.34,0,0.5672,4,0.5283,1,1
volume_anomaly-00054,volume_anomaly,train,74,161,135.31,3,0.7382,1,0.7059,0,1
volume_anomaly-00055,volume_anomaly,test,74,171,144.3,2,0.5307,2,0.7495,1,1
volume_anomaly-00056,volume_anomaly,train,34,781,49.49,1,0.214,3,0.7009,0,0
volume_anomaly-00057,volume_anomaly,test,59,757,52.2,1,0.5863,2,0.8779,1,0
volume_anomaly-00058,volume_anomaly,train,57,508,75.11,1,0.4463,2,0.8422,0,0
volume_anomaly-00059,volume_anomaly,train,36,430,139.05,4,0.4293,4,0.8113,0,0
volume_anomaly-00060,volume_anomaly,train,62,591,115.86,2,0.7792,0,0.8614,0,0
volume_anomaly-00061,volume_anomaly,test,56,111,104.33,2,0.3736,0,0.94,1,1
volume_anomaly-00062,volume_anomaly,train,34,206,52.66,0,0.5461,2,0.5991,1,0
volume_anomaly-00063,volume_anomaly,train,37,146,61.87,2,0.5409,3,0.6615,0,0
volume_anomaly-00064,volume_anomaly,train,26,95,105.49,1,0.5983,2,0.7246,0,1
volume_anomaly-00065,volume_anomaly,train,41,556,101.38,2,0.9375,1,0.571,1,1
volume_anomaly-00066,volume_anomaly,val,62,953,151.04,2,0.3717,4,0.6402,0,0
volume_anomaly-00067,volume_anomaly,train,52,9,69.68,2,0.5313,3,0.4823,0,1
volume_anomaly-00068,volume_anomaly,train,44,1396,75.01,0,0.7521,5,0.5326,1,0
volume_anomaly-00069,volume_anomaly,train,66,88,142.09,1,0.5515,1,0.9158,0,1
volume_anomaly-00070,volume_anomaly,train,34,231,71.26,0,0.4045,0,0.6729,0,1
volume_anomaly-00071,volume_anomaly,train,28,1,82.14,1,0.4521,5,0.4237,0,1
volume_anomaly-00072,volume_anomaly,train,30,70,115.88,1,0.7622,3,0.7458,0,0
volume_anomaly-00073,volume_anomaly,train,43,497,21.21,0,0.2999,1,0.6499,1,0
volume_anomaly-00074,volume_anomaly,train,75,468,91.21,3,0.8702,1,0.4154,0,1
volume_anomaly-00075,volume_anomaly,val,50,67,82.13,2,0.8905,8,0.5897,1,0
volume_anomaly-00076,volume_anomaly,val,55,312,108.48,2,0.5643,3,0.6604,0,0
volume_anomaly-00077,volume_anomaly,train,66,18,81.31,2,0.6191,3,0.7376,0,1
volume_anomaly-00078,volume_anomaly,train,48,469,74.65,0,0.6354,0,0.6138,1,0
volume_anomaly-00079,volume_anomaly,val,51,116,112.76,2,0.4851,3,0.8724,0,0
volume_anomaly-00080,volume_anomaly,train,24,129,84.33,2,0.6146,1,0.6685,1,1
volume_anomaly-00081,volume_anomaly,train,35,45,115.84,1,0.1487,2,1.0,0,0
volume_anomaly-00082,volume_anomaly,test,70,576,71.69,2,0.228,3,0.8506,1,1
volume_anomaly-00083,volume_anomaly,train,60,1093,67.48,2,0.3697,3,0.9293,0,0
volume_anomaly-00084,volume_anomaly,train,37,585,151.54,4,0.4087,4,0.9012,0,0
volume_anomaly-00085,volume_anomaly,train,52,249,44.84,0,0.6392,0,0.523,0,1
volume_anomaly-00086,volume_anomaly,train,63,355,117.73,2,0.5814,2,0.8989,0,0
volume_anomaly-00087,volume_anomaly,train,21,381,107.85,2,0.6947,1,1.0,1,0
volume_anomaly-00088,volume_anomaly,train,70,371,55.99,2,0.5437,2,0.9707,1,0
volume_anomaly-00089,volume_anomaly,test,33,21,132.37,1,0.5458,3,0.7626,0,0
volume_anomaly-00090,volume_anomaly,train,29,33,137.34,1,0.6309,2,0.553,0,1
volume_anomaly-00091,volume_anomaly,train,70,37,57.23,0,0.3881,3,0.8794,0,0
volume_anomaly-00092,volume_anomaly,test,74,976,42.27,2,0.3737,2,0.6386,1,0
volume_anomaly-00093,volume_anomaly,train,27,172,40.16,1,0.4261,2,0.7487,0,0
volume_anomaly-00094,volume_anomaly,train,69,238,69.17,3,0.276,2,0.8461,0,0
volume_anomaly-00095,volume_anomaly,train,49,186,64.34,3,0.4423,2,0.8833,0,1
volume_anomaly-00096,volume_anomaly,test,50,784,69.95,2,0.4956,5,0.5861,0,1
volume_anomaly-00097,volume_anomaly,train,45,855,86.19,1,0.3421,3,0.8537,0,0
volume_anomaly-00098,volume_anomaly,train,60,1015,63.57,1,0.376,2,0.7877,1,0
volume_anomaly-00099,volume_anomaly,val,52,1442,92.93,1,0.4253,1,0.6676,0,0
volume_anomaly-00100,volume_anomaly,train,34,111,145.37,0,0.7507,2,0.6619,0,1
volume_anomaly-00101,volume_anomaly,val,25,97,150.6,1,0.7925,5,0.7673,0,1
volume_anomaly-00102,volume_anomaly,val,59,78,117.99,1,0.3856,3,0.9657,1,0
volume_anomaly-00103,volume_anomaly,test,39,497,56.84,0,0.7429,4,0.6519,0,0
volume_anomaly-00104,volume_anomaly,train,43,118,62.52,0,0.5271,5,0.8455,0,0
volume_anomaly-00105,volume_anomaly,val,74,283,60.42,0,0.3447,0,0.5848,1,1
volume_anomaly-00106,volume_anomaly,train,36,239,60.88,1,0.4913,3,0.6295,0,1
volume_anomaly-00107,volume_anomaly,train,23,534,91.26,0,0.4025,3,0.7027,1,0
volume_anomaly-00108,volume_anomaly,test,58,240,71.87,3,0.3935,1,0.6896,1,1
volume_anomaly-00109,volume_anomaly,train,64,52,76.21,2,0.2723,0,0.6864,0,1
volume_anomaly-00110,volume_anomaly,train,40,168,41.27,1,0.5598,2,0.5937,1,1
volume_anomaly-00111,volume_anomaly,train,68,54,114.21,1,0.2378,0,0.6124,1,1
volume_anomaly-00112,volume_anomaly,train,58,191,63.08,2,0.407,1,0.6424,0,1
volume_anomaly-00113,volume_anomaly,test,31,1439,89.7,2,0.6306,2,0.8039,1,0
volume_anomaly-00114,volume_anomaly,train,67,381,63.84,2,0.8604,4,0.7574,0,0
volume_anomaly-00115,volume_anomaly,train,47,211,104.29,1,0.5041,2,0.821,1,1
volume_anomaly-00116,volume_anomaly,train,33,407,96.1,1,0.5449,1,0.876,0,0
volume_anomaly-00117,volume_anomaly,val,57,8,46.24,3,0.6653,0,0.6943,1,1
volume_anomaly-00118,volume_anomaly,train,29,709,72.31,0,0.493,4,0.6064,1,0
volume_anomaly-00119,volume_anomaly,train,37,6,91.54,1,0.7717,6,0.5937,0,0
volume_anomaly-00120,volume_anomaly,test,36,475,81.07,1,0.0946,0,0.9474,0,0
volume_anomaly-00121,volume_anomaly,train,31,186,58.73,2,0.585,1,0.8363,0,0
volume_anomaly-00122,volume_anomaly,val,42,5,114.13,2,0.3593,2,0.9324,0,0
volume_anomaly-00123,volume_anomaly,train,75,357,105.54,1,0.5483,3,0.8789,0,0
volume_anomaly-00124,volume_anomaly,train,60,527,50.79,1,0.7639,5,0.6846,0,0
volume_anomaly-00125,volume_anomaly,train,56,15,66.65,0,0.5254,1,0.7826,1,1
volume_anomaly-00126,volume_anomaly,train,43,548,51.71,0,0.4364,2,0.7249,0,0
volume_anomaly-00127,volume_anomaly,val,55,78,84.68,1,0.5343,2,1.0,1,0
volume_anomaly-00128,volume_anomaly,test,58,90,123.29,1,0.432,4,0.7922,1,1
volume_anomaly-00129,volume_anomaly,train,28,257,63.47,1,0.5329,1,0.9444,0,0
volume_anomaly-00130,volume_anomaly,val,75,51,112.19,2,0.4418,1,0.7257,0,1
volume_anomaly-00131,volume_anomaly,train,27,587,88.91,0,0.3721,2,0.9047,1,0
volume_anomaly-00132,volume_anomaly,val,31,147,48.04,1,0.2535,0,0.7472,1,1
volume_anomaly-00133,volume_anomaly,train,40,1378,90.53,2,0.6224,1,0.616,0,0
volume_anomaly-00134,volume_anomaly,val,61,159,94.37,1,0.451,4,0.9065,0,0
volume_anomaly-00135,volume_anomaly,test,27,194,69.91,0,0.2671,1,0.6049,0,1
volume_anomaly-00136,volume_anomaly,train,45,126,46.19,2,0.2799,1,0.6681,0,1
volume_anomaly-00137,volume_anomaly,val,71,397,87.79,0,0.5219,3,0.8259,1,0
volume_anomaly-00138,volume_anomaly,train,42,845,82.08,0,0.3429,3,0.7699,0,0
volume_anomaly-00139,volume_anomaly,train,69,30,176.18,2,0.5418,6,0.6489,1,1
volume_anomaly-00140,volume_anomaly,train,52,23,110.11,0,0.713,4,0.7181,0,0
volume_anomaly-00141,volume_anomaly,train,64,467,82.93,0,1.0,0,0.9086,1,0
volume_anomaly-00142,volume_anomaly,val,24,83,139.3,3,0.5742,5,0.6045,0,1
volume_anomaly-00143,volume_anomaly,train,40,501,108.7,1,0.8052,4,0.3284,0,1
volume_anomaly-00144,volume_anomaly,train,36,97,128.98,3,0.2182,4,0.8665,0,1
volume_anomaly-00145,volume_anomaly,train,42,133,95.73,2,0.3896,2,0.6317,0,1
volume_anomaly-00146,volume_anomaly,train,33,96,61.57,2,0.5453,3,0.6621,0,0
volume_anomaly-00147,volume_anomaly,val,40,558,102.35,1,0.594,2,0.8238,1,0
volume_anomaly-00148,volume_anomaly,val,53,323,123.49,2,0.2202,0,0.6412,0,1
volume_anomaly-00149,volume_anomaly,val,45,657,53.83,1,0.7055,4,0.6737,1,0
volume_anomaly-00150,volume_anomaly,train,31,222,152.09,2,0.616,1,0.8767,0,0
volume_anomaly-00151,volume_anomaly,train,32,53,34.55,3,0.5794,3,0.8035,1,0
volume_anomaly-00152,volume_anomaly,train,20,65,77.68,3,0.6009,2,0.6987,0,1
volume_anomaly-00153,volume_anomaly,train,18,786,124.11,1,0.4178,2,0.5823,1,1
volume_anomaly-00154,volume_anomaly,train,20,539,77.47,0,0.6983,2,0.5624,1,1
volume_anomaly-00155,volume_anomaly,train,33,179,59.78,0,0.5499,3,0.8441,0,0
volume_anomaly-00156,volume_anomaly,train,62,142,102.11,1,0.448,0,0.792,0,1
volume_anomaly-00157,volume_anomaly,train,73,115,73.45,0,0.6142,1,0.5628,0,1
volume_anomaly-00158,volume_anomaly,train,57,347,54.39,2,0.316,3,0.7426,0,0
volume_anomaly-00159,volume_anomaly,train,29,142,75.96,0,0.4356,1,0.3896,1,1
volume_anomaly-00160,volume_anomaly,val,67,37,111.9,2,0.4334,2,0.8036,0,1
volume_anomaly-00161,volume_anomaly,train,26,48,109.44,0,0.5556,0,0.7461,0,0
volume_anomaly-00162,volume_anomaly,train,57,228,96.78,1,0.4476,3,0.5935,0,1
volume_anomaly-00163,volume_anomaly,train,23,54,108.83,1,0.552,1,0.8714,0,1
volume_anomaly-00164,volume_anomaly,train,21,25,45.05,2,0.2633,4,0.7586,1,0
volume_anomaly-00165,volume_anomaly,train,37,618,113.87,1,0.2875,3,0.6518,1,1
volume_anomaly-00166,volume_anomaly,test,58,87,88.25,1,0.5992,3,0.6501,0,0
volume_anomaly-00167,volume_anomaly,train,53,972,112.41,2,0.5087,1,0.657,0,0
volume_anomaly-00168,volume_anomaly,train,49,316,64.56,1,0.3751,1,0.8242,0,0
volume_anomaly-00169,volume_anomaly,test,27,530,43.97,1,0.5666,2,0.7935,1,0
volume_anomaly-00170,volume_anomaly,train,73,1126,54.76,2,0.5779,3,0.6339,1,1
volume_anomaly-00171,volume_anomaly,train,67,176,79.09,2,0.7055,1,0.5169,1,1
volume_anomaly-00172,volume_anomaly,train,31,414,83.34,0,0.5997,1,0.6658,0,0
volume_anomaly-00173,volume_anomaly,train,64,41,116.46,0,0.3828,0,0.7544,0,1
volume_anomaly-00174,volume_anomaly,val,22,2,105.85,3,0.5345,3,0.5757,1,1
volume_anomaly-00175,volume_anomaly,train,29,174,99.67,2,0.7198,1,0.5812,1,1
volume_anomaly-00176,volume_anomaly,train,66,93,47.71,1,0.6334,2,0.6724,1,0
volume_anomaly-00177,volume_anomaly,train,62,405,88.18,3,0.4082,0,0.744,0,1
volume_anomaly-00178,volume_anomaly,test,42,7,134.7,1,0.7469,0,0.7931,1,1
volume_anomaly-00179,volume_anomaly,train,38,72,98.95,0,0.3922,1,0.8588,0,0
volume_anomaly-00180,volume_anomaly,test,45,765,78.1,1,0.4891,2,0.4233,1,1
label_imbalance-00001,label_imbalance,train,32,19,44.09,1,0.7404,4,0.735,0,0
label_imbalance-00002,label_imbalance,train,60,168,91.93,0,0.4051,3,0.7915,1,0
label_imbalance-00003,label_imbalance,test,45,50,117.1,1,0.375,3,0.746,0,0
label_imbalance-00004,label_imbalance,train,47,83,54.12,2,0.8666,2,0.8807,0,0
label_imbalance-00005,label_imbalance,train,54,406,45.08,1,0.2814,4,0.7925,1,0
label_imbalance-00006,label_imbalance,train,38,56,50.57,1,0.6298,4,0.9032,1,0
label_imbalance-00007,label_imbalance,train,58,273,87.15,2,0.0,4,0.755,1,0
label_imbalance-00008,label_imbalance,test,20,580,112.05,0,0.4936,2,0.817,1,0
label_imbalance-00009,label_imbalance,train,18,155,42.22,3,0.6386,3,0.514,0,0
label_imbalance-00010,label_imbalance,train,51,735,87.84,2,0.7932,4,0.6843,1,0
label_imbalance-00011,label_imbalance,train,53,1011,141.26,1,0.2878,3,0.4208,0,1
label_imbalance-00012,label_imbalance,train,63,529,79.11,2,0.3938,2,0.7748,1,0
label_imbalance-00013,label_imbalance,test,73,338,100.84,1,0.7497,3,0.6468,0,0
label_imbalance-00014,label_imbalance,train,63,776,32.23,3,0.6962,2,0.8272,0,0
label_imbalance-00015,label_imbalance,train,41,105,53.51,3,0.7419,1,1.0,0,0
label_imbalance-00016,label_imbalance,test,55,252,103.74,2,0.4355,1,0.7339,0,0
label_imbalance-00017,label_imbalance,train,56,117,139.01,1,0.7028,3,0.812,0,0
label_imbalance-00018,label_imbalance,train,31,288,69.39,3,0.5946,4,0.8895,1,0
label_imbalance-00019,label_imbalance,train,61,132,87.98,3,0.6478,4,0.8156,0,0
label_imbalance-00020,label_imbalance,train,46,472,42.7,4,0.62,4,0.658,1,0
label_imbalance-00021,label_imbalance,train,73,212,97.27,1,0.5687,2,0.7788,0,0
label_imbalance-00022,label_imbalance,train,51,60,39.83,3,0.5925,1,0.653,0,0
label_imbalance-00023,label_imbalance,train,66,826,81.25,4,0.2941,1,0.691,0,0
label_imbalance-00024,label_imbalance,train,70,1557,55.52,1,0.8125,0,0.2868,0,0
label_imbalance-00025,label_imbalance,val,30,268,93.83,0,0.3795,2,0.8666,0,0
label_imbalance-00026,label_imbalance,train,21,1033,115.43,0,0.7974,4,0.793,0,0
label_imbalance-00027,label_imbalance,val,64,792,78.34,2,0.3634,3,0.7427,0,0
label_imbalance-00028,label_imbalance,train,43,41,88.93,2,0.6139,0,0.9799,0,0
label_imbalance-00029,label_imbalance,train,74,45,75.67,1,0.8654,1,0.7609,0,0
label_imbalance-00030,label_imbalance,val,39,50,42.49,2,0.7511,2,0.9341,0,0
label_imbalance-00031,label_imbalance,train,47,14,101.9,1,0.5303,5,0.6931,1,0
label_imbalance-00032,label_imbalance,train,18,487,30.07,2,0.5304,1,0.9871,1,0
label_imbalance-00033,label_imbalance,train,36,577,60.61,1,0.6058,1,0.8946,0,0
label_imbalance-00034,label_imbalance,test,36,97,56.13,0,0.4576,1,0.9045,0,0
label_imbalance-00035,label_imbalance,test,42,922,55.36,0,0.2222,2,0.7629,0,0
label_imbalance-00036,label_imbalance,train,65,1542,121.05,1,0.2797,2,0.7406,1,0
label_imbalance-00037,label_imbalance,train,63,66,56.59,2,0.5412,3,0.6612,0,0
label_imbalance-00038,label_imbalance,train,44,237,69.29,2,0.6287,3,0.7123,1,1
label_imbalance-00039,label_imbalance,train,56,850,52.84,1,0.4566,5,0.9291,1,0
label_imbalance-00040,label_imbalance,val,60,168,91.93,0,0.4051,3,0.7915,1,0
label_imbalance-00041,label_imbalance,train,64,384,102.81,1,0.7805,3,0.6532,0,0
label_imbalance-00042,label_imbalance,train,64,353,74.23,2,0.388,4,0.7398,0,0
label_imbalance-00043,label_imbalance,train,32,739,40.88,2,0.488,0,0.5385,0,1
label_imbalance-00044,label_imbalance,train,40,676,86.04,2,0.4942,3,0.4879,0,0
label_imbalance-00045,label_imbalance,test,63,21,50.94,1,0.4348,2,0.9466,0,0
label_imbalance-00046,label_imbalance,train,74,87,43.67,0,0.5656,2,0.415,0,0
label_imbalance-00047,label_imbalance,train,66,189,47.64,1,0.995,1,0.784,1,0
label_imbalance-00048,label_imbalance,val,49,1422,84.59,1,0.6221,2,0.7731,1,0
label_imbalance-00049,label_imbalance,val,63,280,130.72,1,0.729,1,0.826,0,0
label_imbalance-00050,label_imbalance,train,70,477,74.13,2,0.5897,1,0.7843,1,0
label_imbalance-00051,label_imbalance,val,74,132,114.77,3,0.4293,3,0.6999,0,0
label_imbalance-00052,label_imbalance,train,70,1360,179.71,0,0.4547,3,0.7619,0,0
label_imbalance-00053,label_imbalance,train,39,302,67.37,1,0.582,3,0.5412,1,0
label_imbalance-00054,label_imbalance,test,19,688,90.74,1,0.6886,2,0.7029,1,0
label_imbalance-00055,label_imbalance,train,19,569,70.48,1,0.4203,3,1.0,0,0
label_imbalance-00056,label_imbalance,train,72,876,115.05,1,0.6711,1,0.6114,0,0
label_imbalance-00057,label_imbalance,train,69,1303,49.82,0,0.7561,2,0.6041,1,0
label_imbalance-00058,label_imbalance,val,69,1567,67.21,1,0.2704,5,0.9135,0,0
label_imbalance-00059,label_imbalance,train,31,84,61.65,2,0.8985,1,0.8504,1,0
label_imbalance-00060,label_imbalance,train,28,151,89.8,3,0.9151,2,0.8359,1,0
label_imbalance-00061,label_imbalance,test,32,19,44.09,1,0.7404,4,0.735,0,0
label_imbalance-00062,label_imbalance,train,40,676,86.04,2,0.4942,3,0.4879,0,0
label_imbalance-00063,label_imbalance,train,20,1325,84.66,2,0.827,1,0.7263,0,0
label_imbalance-00064,label_imbalance,train,63,2443,72.79,0,0.2812,1,0.7778,0,0
label_imbalance-00065,label_imbalance,train,72,748,113.39,0,0.6351,3,0.7323,1,0
label_imbalance-00066,label_imbalance,val,60,1209,102.86,5,0.5761,1,0.8636,1,0
label_imbalance-00067,label_imbalance,val,65,1240,71.25,1,0.4989,2,0.5008,0,0
label_imbalance-00068,label_imbalance,train,50,62,62.83,1,0.7018,1,0.7509,1,0
label_imbalance-00069,label_imbalance,train,74,1654,129.52,2,0.1619,2,0.5577,1,0
label_imbalance-00070,label_imbalance,train,20,151,47.14,0,0.4114,0,0.7166,1,0
label_imbalance-00071,label_imbalance,val,73,147,54.26,1,0.6012,2,0.8928,0,0
label_imbalance-00072,label_imbalance,train,44,451,107.78,0,0.5108,6,0.9429,0,0
label_imbalance-00073,label_imbalance,train,44,823,128.15,3,0.5853,3,0.6338,0,0
label_imbalance-00074,label_imbalance,test,29,1053,51.65,1,0.4991,3,0.6351,0,0
label_imbalance-00075,label_imbalance,train,60,901,61.32,1,0.2281,3,0.719,0,0
label_imbalance-00076,label_imbalance,train,20,1056,98.16,0,0.373,1,0.6959,0,0
label_imbalance-00077,label_imbalance,train,38,73,62.81,1,0.3564,4,0.8513,1,0
label_imbalance-00078,label_imbalance,test,49,23,79.32,1,0.8116,4,0.958,0,0
label_imbalance-00079,label_imbalance,train,57,405,96.6,1,0.763,1,0.8545,0,0
label_imbalance-00080,label_imbalance,test,72,872,56.0,4,0.6144,2,0.8034,0,0
label_imbalance-00081,label_imbalance,val,23,295,62.24,1,0.4623,1,0.586,0,0
label_imbalance-00082,label_imbalance,train,35,191,65.48,2,0.3816,4,0.7966,0,0
label_imbalance-00083,label_imbalance,test,19,325,126.88,0,0.5553,9,0.4674,1,0
label_imbalance-00084,label_imbalance,val,72,1304,114.19,1,0.6636,0,0.6469,0,0
label_imbalance-00085,label_imbalance,train,65,944,112.93,0,0.7401,1,0.8529,0,0
label_imbalance-00086,label_imbalance,train,63,21,50.94,1,0.4348,2,0.9466,0,0
label_imbalance-00087,label_imbalance,train,64,278,114.68,3,0.7911,3,0.7171,0,0
label_imbalance-00088,label_imbalance,train,49,1593,74.49,1,0.5146,2,0.6102,1,0
label_imbalance-00089,label_imbalance,train,46,464,21.08,1,0.5544,2,0.665,0,0
label_imbalance-00090,label_imbalance,train,71,127,57.63,0,0.9205,2,0.6248,1,0
label_imbalance-00091,label_imbalance,train,22,387,95.28,2,0.6593,1,0.8845,0,0
label_imbalance-00092,label_imbalance,train,20,34,73.13,2,0.4735,3,0.9177,1,0
label_imbalance-00093,label_imbalance,test,51,34,74.96,1,0.4451,2,1.0,1,0
label_imbalance-00094,label_imbalance,train,44,349,29.36,4,0.4221,7,0.788,1,0
label_imbalance-00095,label_imbalance,train,52,114,74.8,1,0.5394,1,0.7417,1,0
label_imbalance-00096,label_imbalance,val,64,95,115.06,0,0.5063,4,0.7123,0,0
label_imbalance-00097,label_imbalance,train,52,413,69.52,0,0.6692,0,0.7615,0,0
label_imbalance-00098,label_imbalance,train,58,393,32.82,1,0.6521,4,0.5613,0,0
label_imbalance-00099,label_imbalance,train,39,3,49.58,1,0.549,2,0.932,0,0
label_imbalance-00100,label_imbalance,train,66,826,81.25,4,0.2941,1,0.691,0,0
label_imbalance-00101,label_imbalance,val,65,607,82.86,1,0.6053,5,0.6288,0,0
label_imbalance-00102,label_imbalance,train,31,54,95.01,1,0.3836,2,0.4375,0,1
label_imbalance-00103,label_imbalance,train,64,923,64.26,1,0.3987,2,0.8606,1,0
label_imbalance-00104,label_imbalance,train,33,401,138.81,1,0.4678,3,0.721,0,0
label_imbalance-00105,label_imbalance,train,57,678,42.83,0,0.5514,0,0.7022,0,0
label_imbalance-00106,label_imbalance,train,32,67,110.67,0,0.8519,3,0.7451,0,0
label_imbalance-00107,label_imbalance,train,23,445,81.69,1,0.6107,2,0.6338,0,0
label_imbalance-00108,label_imbalance,train,46,730,88.41,3,0.8101,1,0.7953,0,0
label_imbalance-00109,label_imbalance,train,70,114,96.84,1,0.3426,3,0.742,0,0
label_imbalance-00110,label_imbalance,train,46,946,101.73,0,0.6109,4,0.7039,0,0
label_imbalance-00111,label_imbalance,train,44,881,78.6,0,0.4175,3,0.8479,0,0
label_imbalance-00112,label_imbalance,test,45,895,102.17,1,0.6637,1,0.6808,1,0
label_imbalance-00113,label_imbalance,train,72,56,117.54,0,0.7525,2,0.8506,0,0
label_imbalance-00114,label_imbalance,train,31,902,79.93,1,0.9446,0,0.6226,0,0
label_imbalance-00115,label_imbalance,val,65,607,82.86,1,0.6053,5,0.6288,0,0
label_imbalance-00116,label_imbalance,train,35,11,74.8,0,0.3723,1,0.89,1,0
label_imbalance-00117,label_imbalance,train,27,4,58.72,3,0.6076,2,0.8006,0,0
label_imbalance-00118,label_imbalance,val,46,770,97.28,1,0.7801,1,0.6247,0,0
label_imbalance-00119,label_imbalance,train,48,44,56.92,2,0.6013,2,0.6927,0,0
label_imbalance-00120,label_imbalance,train,71,416,144.5,0,0.5988,3,0.7971,0,0
label_imbalance-00121,label_imbalance,val,34,704,94.75,0,0.5515,4,0.4983,1,1
label_imbalance-00122,label_imbalance,train,54,6,76.27,1,0.6122,1,0.7224,0,0
label_imbalance-00123,label_imbalance,train,75,174,72.68,0,0.2704,3,0.6792,1,0
label_imbalance-00124,label_imbalance,test,39,478,64.36,2,0.4337,2,0.7444,0,0
label_imbalance-00125,label_imbalance,val,53,1789,115.11,1,0.4102,1,0.6858,0,0
label_imbalance-00126,label_imbalance,train,29,2600,104.91,1,0.7708,5,0.6066,0,0
label_imbalance-00127,label_imbalance,train,28,24,67.73,1,0.8552,0,0.7221,0,0
label_imbalance-00128,label_imbalance,train,49,1593,74.49,1,0.5146,2,0.6102,1,0
label_imbalance-00129,label_imbalance,train,56,593,60.52,0,0.8204,0,0.5265,1,0
label_imbalance-00130,label_imbalance,test,38,524,64.49,2,0.8128,2,0.5705,0,0
label_imbalance-00131,label_imbalance,val,40,1079,95.54,2,0.8081,0,0.7137,1,0
label_imbalance-00132,label_imbalance,val,59,59,90.18,2,0.9054,1,0.7886,1,0
label_imbalance-00133,label_imbalance,train,23,147,62.78,0,0.6992,1,0.7301,0,0
label_imbalance-00134,label_imbalance,train,56,1061,87.64,5,0.6725,3,0.8772,1,0
label_imbalance-00135,label_imbalance,train,69,411,139.33,1,0.5818,4,0.731,0,0
label_imbalance-00136,label_imbalance,train,64,22,42.96,0,0.6297,2,0.7781,0,0
label_imbalance-00137,label_imbalance,test,75,17,44.45,3,0.7995,2,0.6477,0,0
label_imbalance-00138,label_imbalance,val,25,677,178.03,2,0.789,1,0.8536,1,0
label_imbalance-00139,label_imbalance,train,62,1598,105.26,0,0.3787,2,0.5593,0,0
label_imbalance-00140,label_imbalance,train,51,387,68.78,1,0.345,0,0.7602,0,0
label_imbalance-00141,label_imbalance,train,44,823,128.15,3,0.5853,3,0.6338,0,0
label_imbalance-00142,label_imbalance,train,58,134,83.0,1,0.8765,1,0.8467,1,0
label_imbalance-00143,label_imbalance,train,44,146,56.16,2,0.6832,2,0.8263,0,0
label_imbalance-00144,label_imbalance,val,59,580,45.32,1,0.6556,3,0.7409,0,0
label_imbalance-00145,label_imbalance,train,29,200,96.34,0,0.1635,2,0.9613,0,0
label_imbalance-00146,label_imbalance,train,51,107,93.19,0,0.6085,4,0.5672,0,0
label_imbalance-00147,label_imbalance,train,58,212,82.52,2,0.6598,1,0.7183,0,0
label_imbalance-00148,label_imbalance,val,30,250,98.45,0,0.0942,4,0.8766,0,0
label_imbalance-00149,label_imbalance,train,72,1026,53.54,1,0.4237,0,0.7672,0,0
label_imbalance-00150,label_imbalance,val,75,819,90.52,2,0.6605,0,0.6952,0,0
label_imbalance-00151,label_imbalance,train,22,1094,34.53,2,0.8339,2,0.8292,0,0
label_imbalance-00152,label_imbalance,train,60,33,61.76,0,0.4536,3,0.7784,0,0
label_imbalance-00153,label_imbalance,train,20,879,34.62,0,0.7689,1,0.8864,0,0
label_imbalance-00154,label_imbalance,train,63,237,31.51,0,0.4408,2,0.4292,0,0
label_imbalance-00155,label_imbalance,train,34,144,66.42,1,0.5447,4,0.6501,1,0
label_imbalance-00156,label_imbalance,train,56,495,103.7,1,0.7048,2,0.7828,0,0
label_imbalance-00157,label_imbalance,train,44,249,34.64,0,0.4034,2,1.0,0,0
label_imbalance-00158,label_imbalance,train,49,1,50.27,0,0.5583,2,0.9926,0,0
label_imbalance-00159,label_imbalance,test,36,268,61.99,2,0.3252,1,0.9856,0,0
label_imbalance-00160,label_imbalance,val,50,319,128.52,2,0.5764,4,1.0,0,0
label_imbalance-00161,label_imbalance,train,74,793,103.72,0,0.8392,1,0.84,1,0
label_imbalance-00162,label_imbalance,train,26,146,91.05,2,0.5727,2,1.0,0,0
label_imbalance-00163,label_imbalance,train,23,103,200.0,1,0.7391,2,0.6496,0,1
label_imbalance-00164,label_imbalance,train,70,93,33.28,0,0.2871,2,0.7692,0,0
label_imbalance-00165,label_imbalance,test,75,819,90.52,2,0.6605,0,0.6952,0,0
label_imbalance-00166,label_imbalance,train,32,569,39.38,5,0.7779,3,1.0,0,0
label_imbalance-00167,label_imbalance,test,63,280,130.72,1,0.729,1,0.826,0,0
label_imbalance-00168,label_imbalance,test,69,923,64.92,1,0.8049,1,0.6276,1,0
label_imbalance-00169,label_imbalance,train,67,258,58.15,1,0.5774,0,0.6301,0,0
label_imbalance-00170,label_imbalance,train,68,1744,107.31,3,0.6915,2,1.0,1,0
label_imbalance-00171,label_imbalance,val,42,129,72.16,2,0.6417,2,0.6793,1,0
label_imbalance-00172,label_imbalance,train,25,37,49.71,3,0.4736,1,0.7471,0,1
label_imbalance-00173,label_imbalance,train,53,302,56.23,2,0.5741,2,0.6701,0,0
label_imbalance-00174,label_imbalance,train,55,321,83.13,1,0.4591,2,1.0,1,0
label_imbalance-00175,label_imbalance,train,44,836,60.01,1,0.7499,2,0.7666,0,0
label_imbalance-00176,label_imbalance,train,31,265,51.86,0,0.511,4,0.6907,0,0
label_imbalance-00177,label_imbalance,train,43,1776,44.98,0,0.2679,1,0.7534,0,0
label_imbalance-00178,label_imbalance,train,69,291,67.71,2,0.6829,0,0.8465,1,0
label_imbalance-00179,label_imbalance,train,56,94,57.43,1,0.6122,0,0.837,0,0
label_imbalance-00180,label_imbalance,train,27,182,68.54,2,0.7086,3,0.8822,1,0
label_imbalance-00181,label_imbalance,train,22,54,34.52,1,0.5197,2,0.9019,0,0
label_imbalance-00182,label_imbalance,train,66,902,72.29,1,0.515,0,0.7335,0,0
label_imbalance-00183,label_imbalance,test,71,1133,31.37,3,0.7461,3,0.8287,1,0
label_imbalance-00184,label_imbalance,train,72,524,99.75,1,0.4255,1,0.9549,1,0
label_imbalance-00185,label_imbalance,val,40,197,145.99,2,0.5749,1,1.0,0,0
label_imbalance-00186,label_imbalance,train,50,14,97.87,2,0.7437,3,0.933,0,0
label_imbalance-00187,label_imbalance,val,65,1542,121.05,1,0.2797,2,0.7406,1,0
label_imbalance-00188,label_imbalance,test,59,467,39.52,1,0.664,4,0.7185,0,0
label_imbalance-00189,label_imbalance,val,46,312,66.95,1,0.5583,4,0.5394,1,0
label_imbalance-00190,label_imbalance,test,39,1317,164.41,2,0.3888,4,0.7912,0,0
label_imbalance-00191,label_imbalance,train,23,147,62.78,0,0.6992,1,0.7301,0,0
label_imbalance-00192,label_imbalance,test,48,523,101.33,0,0.7377,5,1.0,0,0
label_imbalance-00193,label_imbalance,train,21,1033,115.43,0,0.7974,4,0.793,0,0
label_imbalance-00194,label_imbalance,train,45,516,19.41,1,0.3626,1,1.0,0,0
label_imbalance-00195,label_imbalance,train,24,136,39.68,1,0.6219,3,0.8161,1,0
label_imbalance-00196,label_imbalance,train,27,1478,88.15,0,0.7218,4,0.6463,0,0
label_imbalance-00197,label_imbalance,train,72,67,62.54,2,0.4219,3,0.6165,0,0
label_imbalance-00198,label_imbalance,train,67,200,74.65,2,0.5573,2,0.8804,0,0
label_imbalance-00199,label_imbalance,train,71,416,144.5,0,0.5988,3,0.7971,0,0
label_imbalance-00200,label_imbalance,train,42,686,67.62,1,0.4579,0,0.6383,0,0
label_imbalance-00201,label_imbalance,test,26,251,113.77,1,0.4128,6,0.6257,0,0
label_imbalance-00202,label_imbalance,train,43,351,153.37,0,1.0,4,0.6704,0,0
label_imbalance-00203,label_imbalance,train,35,183,35.55,3,0.4228,3,0.8085,1,0
label_imbalance-00204,label_imbalance,train,37,333,91.74,1,0.707,2,0.9528,1,0
label_imbalance-00205,label_imbalance,train,40,73,70.44,0,0.4872,2,1.0,0,0
label_imbalance-00206,label_imbalance,train,49,1039,62.68,0,0.6307,1,0.7887,0,0
label_imbalance-00207,label_imbalance,train,53,143,78.05,1,0.9449,1,0.7538,0,0
label_imbalance-00208,label_imbalance,val,53,259,99.29,1,0.6733,2,0.6987,1,0
label_imbalance-00209,label_imbalance,val,44,349,29.36,4,0.4221,7,0.788,1,0
label_imbalance-00210,label_imbalance,train,40,318,51.22,1,0.4393,5,0.6896,0,0
label_imbalance-00211,label_imbalance,train,44,182,106.84,0,0.7813,3,0.7976,0,0
label_imbalance-00212,label_imbalance,train,36,11,55.65,0,0.7272,6,0.6547,1,0
label_imbalance-00213,label_imbalance,train,58,594,79.3,0,0.4943,3,0.7381,0,0
label_imbalance-00214,label_imbalance,test,53,375,104.95,0,0.6125,6,0.8719,1,0
label_imbalance-00215,label_imbalance,val,64,715,134.7,4,0.4591,3,0.9593,0,0
label_imbalance-00216,label_imbalance,train,30,212,50.88,1,0.304,1,0.9352,0,0
label_imbalance-00217,label_imbalance,train,55,232,64.07,1,0.4507,1,0.8765,0,0
label_imbalance-00218,label_imbalance,train,53,784,46.29,0,0.8989,0,0.7453,0,0
label_imbalance-00219,label_imbalance,val,44,505,101.51,0,0.4132,3,0.6849,0,0
label_imbalance-00220,label_imbalance,val,25,338,61.55,0,0.5959,2,0.5408,0,0
label_imbalance-00221,label_imbalance,train,50,319,128.52,2,0.5764,4,1.0,0,0
label_imbalance-00222,label_imbalance,train,63,398,96.12,0,0.4381,1,0.8679,1,0
label_imbalance-00223,label_imbalance,train,39,1884,89.92,0,1.0,0,0.7559,1,0
label_imbalance-00224,label_imbalance,train,38,166,72.83,3,0.5679,2,0.8474,0,0
label_imbalance-00225,label_imbalance,test,68,492,123.06,1,0.6452,3,0.8453,1,0
label_imbalance-00226,label_imbalance,test,55,650,73.91,1,0.6292,1,0.6762,1,0
label_imbalance-00227,label_imbalance,val,19,189,113.09,0,0.5569,6,0.6633,1,0
label_imbalance-00228,label_imbalance,train,42,314,70.49,1,0.4521,3,0.9405,1,0
label_imbalance-00229,label_imbalance,val,47,14,18.03,0,0.5218,1,0.6753,0,0
label_imbalance-00230,label_imbalance,train,68,379,69.92,2,0.4302,2,0.6811,0,0
label_imbalance-00231,label_imbalance,train,75,97,120.19,1,0.6977,3,0.7342,0,0
label_imbalance-00232,label_imbalance,val,19,210,101.92,0,0.2354,2,0.9004,0,0
label_imbalance-00233,label_imbalance,train,44,147,69.45,0,0.5398,3,0.772,0,0
label_imbalance-00234,label_imbalance,train,31,148,70.03,0,0.798,3,0.8986,1,0
label_imbalance-00235,label_imbalance,train,38,111,80.76,1,0.3796,2,0.898,0,0
label_imbalance-00236,label_imbalance,test,64,353,74.23,2,0.388,4,0.7398,0,0
label_imbalance-00237,label_imbalance,train,42,274,71.75,0,0.5409,2,0.9159,0,0
label_imbalance-00238,label_imbalance,train,20,1217,132.52,2,0.7161,1,0.793,0,0
label_imbalance-00239,label_imbalance,test,48,924,126.51,2,0.5262,2,0.7841,0,0
label_imbalance-00240,label_imbalance,val,39,662,61.61,1,0.4256,1,0.9994,0,0
label_imbalance-00241,label_imbalance,test,67,551,46.61,3,0.4569,2,0.9746,1,0
label_imbalance-00242,label_imbalance,test,31,148,70.03,0,0.798,3,0.8986,1,0
label_imbalance-00243,label_imbalance,train,35,194,51.27,1,0.6891,2,0.7356,1,0
label_imbalance-00244,label_imbalance,val,75,297,29.9,2,0.4135,1,0.7788,1,0
label_imbalance-00245,label_imbalance,train,54,1029,30.89,0,0.5755,3,0.9543,1,0
label_imbalance-00246,label_imbalance,train,22,1394,108.08,0,0.718,0,0.3674,0,1
label_imbalance-00247,label_imbalance,train,49,843,144.24,0,0.9267,2,0.9577,1,0
label_imbalance-00248,label_imbalance,train,56,395,108.13,1,0.6964,2,1.0,0,0
label_imbalance-00249,label_imbalance,val,22,54,34.52,1,0.5197,2,0.9019,0,0
label_imbalance-00250,label_imbalance,train,32,122,36.02,3,0.9003,1,0.8937,1,0
label_imbalance-00251,label_imbalance,test,73,475,31.98,3,0.8539,1,0.9024,0,0
label_imbalance-00252,label_imbalance,train,48,630,41.94,1,0.3769,4,0.732,0,0
label_imbalance-00253,label_imbalance,train,33,401,138.81,1,0.4678,3,0.721,0,0
label_imbalance-00254,label_imbalance,train,52,100,109.08,0,0.7192,2,0.6362,0,0
label_imbalance-00255,label_imbalance,train,38,874,63.51,1,0.1979,4,0.7982,0,0
label_imbalance-00256,label_imbalance,val,41,873,59.68,2,0.4463,3,0.9756,0,0
label_imbalance-00257,label_imbalance,train,33,420,80.36,0,0.8201,0,0.7745,0,0
label_imbalance-00258,label_imbalance,train,53,565,54.15,0,0.5271,1,0.6629,0,0
label_imbalance-00259,label_imbalance,test,55,229,80.08,0,0.6974,1,0.7477,0,0
label_imbalance-00260,label_imbalance,train,40,60,61.27,1,0.5792,4,0.8255,0,0
label_imbalance-00261,label_imbalance,train,30,236,43.15,0,0.7378,0,0.6049,0,0
label_imbalance-00262,label_imbalance,test,41,266,71.72,1,0.4321,4,0.577,0,0
label_imbalance-00263,label_imbalance,test,64,22,42.96,0,0.6297,2,0.7781,0,0
label_imbalance-00264,label_imbalance,val,67,200,74.65,2,0.5573,2,0.8804,0,0
label_imbalance-00265,label_imbalance,train,63,465,132.23,2,0.5638,0,0.9001,0,0
label_imbalance-00266,label_imbalance,train,46,946,101.73,0,0.6109,4,0.7039,0,0
label_imbalance-00267,label_imbalance,test,42,83,74.08,0,0.7318,4,0.7333,1,0
label_imbalance-00268,label_imbalance,val,57,678,42.83,0,0.5514,0,0.7022,0,0
label_imbalance-00269,label_imbalance,test,29,60,127.59,3,0.5709,5,0.845,0,0
label_imbalance-00270,label_imbalance,train,26,674,55.25,3,0.5934,4,0.753,0,0
label_imbalance-00271,label_imbalance,val,34,249,97.41,0,0.6299,2,0.6559,0,0
label_imbalance-00272,label_imbalance,test,49,23,79.32,1,0.8116,4,0.958,0,0
label_imbalance-00273,label_imbalance,train,75,128,71.25,1,0.3874,6,0.6215,1,1
label_imbalance-00274,label_imbalance,test,23,700,142.36,3,1.0,4,0.9393,0,0
label_imbalance-00275,label_imbalance,train,75,134,85.06,0,0.7059,2,1.0,0,0
label_imbalance-00276,label_imbalance,test,35,585,59.65,2,0.5712,1,0.5965,0,0
label_imbalance-00277,label_imbalance,train,63,1555,129.19,1,0.477,3,0.7291,0,0
label_imbalance-00278,label_imbalance,val,65,165,116.48,1,0.69,4,0.7206,1,0
label_imbalance-00279,label_imbalance,train,64,715,134.7,4,0.4591,3,0.9593,0,0
label_imbalance-00280,label_imbalance,train,48,16,123.7,1,0.6516,2,0.8418,1,0
label_imbalance-00281,label_imbalance,val,46,419,51.89,2,0.8973,0,0.8164,0,0
label_imbalance-00282,label_imbalance,val,74,1651,66.29,2,0.6475,1,0.7071,0,0
label_imbalance-00283,label_imbalance,train,51,429,62.62,0,0.7125,1,0.7271,1,0
label_imbalance-00284,label_imbalance,train,68,860,70.22,1,0.5841,1,0.8801,0,0
label_imbalance-00285,label_imbalance,test,18,487,30.07,2,0.5304,1,0.9871,1,0
label_imbalance-00286,label_imbalance,val,19,91,53.8,0,0.6278,3,0.6993,0,0
label_imbalance-00287,label_imbalance,train,65,117,119.31,0,0.4817,2,0.7991,0,0
label_imbalance-00288,label_imbalance,train,39,1715,132.42,2,0.7566,2,0.6962,1,0
label_imbalance-00289,label_imbalance,val,68,50,44.83,0,0.7137,3,0.7611,1,0
label_imbalance-00290,label_imbalance,train,69,188,34.24,2,0.7373,2,0.6957,0,0
label_imbalance-00291,label_imbalance,train,51,574,88.06,2,0.8151,3,0.7595,0,0
label_imbalance-00292,label_imbalance,train,47,841,42.19,1,0.6908,2,0.6056,1,0
label_imbalance-00293,label_imbalance,train,29,92,67.27,1,0.6492,2,0.764,0,0
label_imbalance-00294,label_imbalance,train,55,205,63.95,0,0.9435,1,0.8375,1,0
label_imbalance-00295,label_imbalance,test,40,1079,95.54,2,0.8081,0,0.7137,1,0
label_imbalance-00296,label_imbalance,train,37,520,97.08,0,0.5944,2,0.8388,1,0
label_imbalance-00297,label_imbalance,train,63,254,62.37,2,0.5335,1,0.7275,1,1
label_imbalance-00298,label_imbalance,train,21,272,73.96,2,0.597,2,0.818,0,0
label_imbalance-00299,label_imbalance,val,46,419,51.89,2,0.8973,0,0.8164,0,0
label_imbalance-00300,label_imbalance,train,61,1366,32.7,1,0.4157,2,0.585,1,0
label_imbalance-00301,label_imbalance,test,48,924,126.51,2,0.5262,2,0.7841,0,0
label_imbalance-00302,label_imbalance,train,52,493,70.44,1,0.6436,1,0.8108,0,0
label_imbalance-00303,label_imbalance,train,18,84,84.41,2,0.7241,0,0.7143,0,0
label_imbalance-00304,label_imbalance,train,64,306,72.22,1,0.4784,4,0.7463,0,0
label_imbalance-00305,label_imbalance,train,52,851,68.25,1,0.4818,4,0.6683,0,0
label_imbalance-00306,label_imbalance,train,45,467,87.82,2,0.2645,5,0.7939,0,0
label_imbalance-00307,label_imbalance,val,57,609,98.22,1,0.7884,2,0.7339,1,0
label_imbalance-00308,label_imbalance,test,21,539,49.56,3,0.7279,3,0.5724,0,0
label_imbalance-00309,label_imbalance,test,54,406,45.08,1,0.2814,4,0.7925,1,0
label_imbalance-00310,label_imbalance,train,26,146,91.05,2,0.5727,2,1.0,0,0
label_imbalance-00311,label_imbalance,train,71,106,86.86,2,0.3859,5,0.7178,1,0
label_imbalance-00312,label_imbalance,train,35,88,101.13,1,0.9451,0,0.8173,0,0
label_imbalance-00313,label_imbalance,train,27,234,37.98,0,0.7083,2,0.6848,1,0
label_imbalance-00314,label_imbalance,train,73,18,80.55,2,0.5654,0,0.8898,0,0
label_imbalance-00315,label_imbalance,val,40,197,145.99,2,0.5749,1,1.0,0,0
label_imbalance-00316,label_imbalance,train,21,607,80.89,0,0.657,3,0.6908,0,0
label_imbalance-00317,label_imbalance,test,33,34,96.13,0,0.4757,2,0.8367,0,0
label_imbalance-00318,label_imbalance,train,70,495,67.21,0,0.5681,2,0.6016,0,0
label_imbalance-00319,label_imbalance,test,21,763,103.97,1,0.7627,5,0.7234,0,0
label_imbalance-00320,label_imbalance,train,65,288,120.2,2,0.6696,1,0.9403,0,0
label_imbalance-00321,label_imbalance,train,30,416,110.38,2,0.5421,2,0.6967,0,0
label_imbalance-00322,label_imbalance,train,73,860,64.04,1,0.869,0,0.6755,0,0
label_imbalance-00323,label_imbalance,train,42,818,74.17,0,0.5362,3,0.3482,0,0
label_imbalance-00324,label_imbalance,val,67,551,46.61,3,0.4569,2,0.9746,1,0
label_imbalance-00325,label_imbalance,val,22,16,60.8,0,0.4776,1,1.0,0,0
label_imbalance-00326,label_imbalance,train,37,418,111.01,3,0.5283,6,0.6926,1,0
label_imbalance-00327,label_imbalance,val,19,154,43.16,0,0.3875,2,0.7482,1,0
label_imbalance-00328,label_imbalance,train,23,297,68.32,0,0.7082,2,0.492,0,0
label_imbalance-00329,label_imbalance,train,36,164,84.93,2,1.0,3,0.6087,0,0
label_imbalance-00330,label_imbalance,test,55,205,63.95,0,0.9435,1,0.8375,1,0
label_imbalance-00331,label_imbalance,train,29,398,52.26,3,1.0,4,0.522,0,0
label_imbalance-00332,label_imbalance,train,40,967,46.25,1,0.3867,5,0.8895,1,0
label_imbalance-00333,label_imbalance,train,22,25,67.25,1,0.8995,1,0.9823,0,0
label_imbalance-00334,label_imbalance,train,71,1798,85.64,2,0.727,1,0.4509,0,0
label_imbalance-00335,label_imbalance,train,35,1757,65.5,1,0.4904,1,0.8257,1,0
label_imbalance-00336,label_imbalance,test,31,2,36.59,2,0.4659,3,0.7581,0,0
label_imbalance-00337,label_imbalance,train,30,477,82.16,1,0.3966,4,0.6484,0,0
label_imbalance-00338,label_imbalance,train,23,79,47.04,1,0.4856,1,0.643,0,0
label_imbalance-00339,label_imbalance,train,29,287,100.13,2,0.7408,1,0.8739,0,0
label_imbalance-00340,label_imbalance,train,65,944,112.93,0,0.7401,1,0.8529,0,0
label_imbalance-00341,label_imbalance,val,40,73,70.44,0,0.4872,2,1.0,0,0
label_imbalance-00342,label_imbalance,train,59,336,129.16,0,0.7722,2,0.6477,0,0
label_imbalance-00343,label_imbalance,train,23,1478,90.57,0,0.7133,3,0.7574,0,0
label_imbalance-00344,label_imbalance,test,75,32,67.77,1,0.5085,1,0.7786,1,0
label_imbalance-00345,label_imbalance,val,31,1184,62.27,1,0.4724,1,0.5032,0,0
label_imbalance-00346,label_imbalance,train,42,1218,26.62,1,0.6452,1,0.7803,0,0
label_imbalance-00347,label_imbalance,test,60,693,68.76,1,0.6168,1,0.7485,1,0
label_imbalance-00348,label_imbalance,train,46,73,122.01,1,0.7493,2,0.7892,0,0
label_imbalance-00349,label_imbalance,train,22,739,91.42,2,0.6226,2,0.7223,0,0
label_imbalance-00350,label_imbalance,val,57,163,63.51,0,0.6385,2,0.7126,0,0
label_imbalance-00351,label_imbalance,train,74,1651,66.29,2,0.6475,1,0.7071,0,0
label_imbalance-00352,label_imbalance,train,26,317,124.26,5,1.0,4,0.7779,0,0
label_imbalance-00353,label_imbalance,train,70,188,126.97,1,0.5769,1,0.9662,0,0
label_imbalance-00354,label_imbalance,train,68,748,91.05,0,0.389,1,0.8986,0,0
label_imbalance-00355,label_imbalance,train,67,258,58.15,1,0.5774,0,0.6301,0,0
label_imbalance-00356,label_imbalance,train,41,266,71.72,1,0.4321,4,0.577,0,0
label_imbalance-00357,label_imbalance,train,44,351,39.5,2,0.8338,2,0.6664,0,0
label_imbalance-00358,label_imbalance,train,51,2600,91.44,1,0.2002,3,0.4569,0,0
label_imbalance-00359,label_imbalance,test,36,255,122.75,2,0.5504,6,0.7247,0,0
label_imbalance-00360,label_imbalance,val,36,364,81.2,2,1.0,1,0.7569,0,0
label_imbalance-00361,label_imbalance,train,62,464,37.58,0,0.504,1,0.7738,1,0
label_imbalance-00362,label_imbalance,train,70,196,106.7,0,0.8425,1,0.4513,0,0
label_imbalance-00363,label_imbalance,train,29,145,115.19,2,0.7616,3,0.8143,0,0
label_imbalance-00364,label_imbalance,train,71,538,154.57,2,0.7464,1,0.7629,0,0
label_imbalance-00365,label_imbalance,train,60,1435,173.98,1,0.3438,0,0.6882,0,0
label_imbalance-00366,label_imbalance,test,72,1304,114.19,1,0.6636,0,0.6469,0,0
label_imbalance-00367,label_imbalance,train,25,787,61.05,2,0.7787,0,0.9853,0,0
label_imbalance-00368,label_imbalance,train,63,59,45.79,1,0.3824,2,0.6993,0,0
label_imbalance-00369,label_imbalance,train,63,167,42.04,2,0.5592,3,0.5875,1,0
label_imbalance-00370,label_imbalance,train,41,1120,40.59,0,0.7359,1,0.6871,1,0
label_imbalance-00371,label_imbalance,train,50,318,56.77,1,0.2294,8,0.4845,0,0
label_imbalance-00372,label_imbalance,train,36,104,15.0,0,0.6875,1,0.79,0,0
label_imbalance-00373,label_imbalance,train,62,1598,105.26,0,0.3787,2,0.5593,0,0
label_imbalance-00374,label_imbalance,train,30,293,136.69,0,0.3634,5,0.6692,1,0
label_imbalance-00375,label_imbalance,train,45,1033,88.21,2,0.6263,1,0.93,1,0
label_imbalance-00376,label_imbalance,val,57,111,70.5,2,0.9421,4,0.4662,0,0
label_imbalance-00377,label_imbalance,test,43,88,136.95,0,0.7041,3,1.0,0,0
label_imbalance-00378,label_imbalance,train,38,2,74.74,3,0.4447,2,0.8973,1,0
label_imbalance-00379,label_imbalance,train,63,790,131.44,1,0.7592,0,0.634,0,0
label_imbalance-00380,label_imbalance,train,37,483,137.85,2,0.7254,4,0.6232,0,0
label_imbalance-00381,label_imbalance,test,69,323,51.18,0,0.3319,1,0.7188,0,0
label_imbalance-00382,label_imbalance,test,53,338,29.89,2,0.3575,2,0.7115,1,0
label_imbalance-00383,label_imbalance,train,66,796,31.76,1,0.1888,1,0.6785,0,0
label_imbalance-00384,label_imbalance,val,20,377,74.77,1,0.6338,0,0.743,0,0
label_imbalance-00385,label_imbalance,train,56,460,96.51,2,0.6109,3,0.9682,1,0
label_imbalance-00386,label_imbalance,train,71,65,28.74,0,0.5899,2,0.6037,1,0
label_imbalance-00387,label_imbalance,train,58,458,59.12,0,0.4362,1,0.9304,1,0
label_imbalance-00388,label_imbalance,test,46,378,63.13,4,0.4309,3,0.7615,1,0
label_imbalance-00389,label_imbalance,val,34,398,57.47,2,1.0,0,0.7787,1,0
label_imbalance-00390,label_imbalance,train,44,209,74.66,0,0.6295,5,0.7933,0,0
label_imbalance-00391,label_imbalance,test,57,609,98.22,1,0.7884,2,0.7339,1,0
label_imbalance-00392,label_imbalance,val,51,2600,91.44,1,0.2002,3,0.4569,0,0
label_imbalance-00393,label_imbalance,train,20,64,66.68,1,0.4118,4,0.671,0,0
label_imbalance-00394,label_imbalance,test,35,1300,54.32,3,0.5299,1,0.6925,0,0
label_imbalance-00395,label_imbalance,train,65,820,61.97,1,0.642,2,0.6519,1,0
label_imbalance-00396,label_imbalance,train,36,851,94.44,1,0.3928,8,0.5068,1,0
label_imbalance-00397,label_imbalance,train,67,821,77.21,2,0.593,1,0.9685,0,0
label_imbalance-00398,label_imbalance,val,55,502,67.78,0,0.5059,1,0.8246,0,0
label_imbalance-00399,label_imbalance,train,18,33,29.48,2,0.8183,2,0.8097,0,0
label_imbalance-00400,label_imbalance,val,42,1889,17.28,2,0.5875,4,0.4675,0,0
label_imbalance-00401,label_imbalance,train,71,30,61.57,2,0.2781,2,0.5602,0,0
label_imbalance-00402,label_imbalance,train,22,54,34.52,1,0.5197,2,0.9019,0,0
label_imbalance-00403,label_imbalance,val,29,1,53.62,0,0.4326,0,0.8149,1,0
label_imbalance-00404,label_imbalance,train,67,204,33.47,0,0.7925,2,0.5494,0,0
label_imbalance-00405,label_imbalance,test,41,971,50.9,2,0.4003,1,0.7261,0,0
label_imbalance-00406,label_imbalance,train,68,860,70.22,1,0.5841,1,0.8801,0,0
label_imbalance-00407,label_imbalance,test,66,953,66.29,2,0.4604,2,0.5974,1,0
label_imbalance-00408,label_imbalance,train,75,134,85.06,0,0.7059,2,1.0,0,0
label_imbalance-00409,label_imbalance,val,50,1006,61.17,2,0.848,2,0.653,1,0
label_imbalance-00410,label_imbalance,train,73,341,62.54,1,0.2011,4,0.6436,0,0
label_imbalance-00411,label_imbalance,train,30,72,67.34,0,0.5155,2,0.7149,0,0
label_imbalance-00412,label_imbalance,test,69,137,54.5,0,0.7857,3,0.657,0,0
label_imbalance-00413,label_imbalance,train,33,1,137.6,0,1.0,0,0.5692,0,0
label_imbalance-00414,label_imbalance,train,68,404,56.85,2,0.7548,0,0.6852,0,0
label_imbalance-00415,label_imbalance,train,69,455,68.69,1,0.3854,1,0.7604,0,0
label_imbalance-00416,label_imbalance,train,63,351,61.03,1,0.4706,1,0.7318,0,0
label_imbalance-00417,label_imbalance,val,59,2,58.61,1,0.4824,0,0.6144,1,0
label_imbalance-00418,label_imbalance,train,63,816,61.12,2,0.4885,2,0.7192,0,0
label_imbalance-00419,label_imbalance,train,28,1097,77.13,3,0.5355,2,0.8583,0,0
label_imbalance-00420,label_imbalance,train,65,288,120.2,2,0.6696,1,0.9403,0,0
label_imbalance-00421,label_imbalance,train,68,331,95.73,1,0.6148,2,0.6787,0,0
label_imbalance-00422,label_imbalance,train,50,1006,61.17,2,0.848,2,0.653,1,0
label_imbalance-00423,label_imbalance,train,42,344,120.29,2,0.825,3,0.7696,0,0
label_imbalance-00424,label_imbalance,val,41,76,53.84,2,0.6274,2,0.9916,0,0
label_imbalance-00425,label_imbalance,test,51,34,74.96,1,0.4451,2,1.0,1,0
label_imbalance-00426,label_imbalance,val,73,475,31.98,3,0.8539,1,0.9024,0,0
label_imbalance-00427,label_imbalance,val,73,212,97.27,1,0.5687,2,0.7788,0,0
label_imbalance-00428,label_imbalance,val,56,593,60.52,0,0.8204,0,0.5265,1,0
label_imbalance-00429,label_imbalance,train,29,536,72.82,2,0.1584,3,0.6889,0,0
label_imbalance-00430,label_imbalance,train,69,411,94.4,2,0.6234,1,0.7771,1,0
label_imbalance-00431,label_imbalance,train,28,100,68.95,1,0.8702,3,0.6875,0,0
label_imbalance-00432,label_imbalance,train,71,694,66.91,6,0.412,2,0.8443,1,0
label_imbalance-00433,label_imbalance,train,56,94,57.43,1,0.6122,0,0.837,0,0
label_imbalance-00434,label_imbalance,train,52,791,55.78,1,0.8756,1,0.9105,0,0
label_imbalance-00435,label_imbalance,train,46,529,105.55,1,0.6147,2,0.8614,0,0
label_imbalance-00436,label_imbalance,train,19,832,89.63,1,0.3629,1,0.8061,1,0
label_imbalance-00437,label_imbalance,train,74,29,39.04,1,0.2232,3,0.7009,0,0
label_imbalance-00438,label_imbalance,test,31,49,44.77,0,0.3762,2,0.8025,1,0
label_imbalance-00439,label_imbalance,train,67,551,46.61,3,0.4569,2,0.9746,1,0
label_imbalance-00440,label_imbalance,train,28,3,114.93,2,0.7261,4,0.8519,0,0
label_imbalance-00441,label_imbalance,test,72,269,110.79,1,0.503,3,1.0,0,0
label_imbalance-00442,label_imbalance,train,39,561,26.41,1,0.6395,3,0.5227,0,0
label_imbalance-00443,label_imbalance,train,50,51,82.03,2,0.8859,1,0.9142,0,0
label_imbalance-00444,label_imbalance,train,33,187,88.61,1,0.4767,2,0.7149,0,0
label_imbalance-00445,label_imbalance,val,47,395,57.99,0,0.2576,1,0.9369,1,0
label_imbalance-00446,label_imbalance,val,55,6,100.43,1,1.0,2,0.8536,0,0
label_imbalance-00447,label_imbalance,train,25,255,63.48,0,0.5211,2,0.7123,0,0
label_imbalance-00448,label_imbalance,train,44,1638,42.29,1,0.5336,0,0.7584,0,0
label_imbalance-00449,label_imbalance,test,38,524,64.49,2,0.8128,2,0.5705,0,0
label_imbalance-00450,label_imbalance,train,38,2,74.74,3,0.4447,2,0.8973,1,0
label_imbalance-00451,label_imbalance,train,63,66,56.59,2,0.5412,3,0.6612,0,0
label_imbalance-00452,label_imbalance,train,27,4,58.72,3,0.6076,2,0.8006,0,0
label_imbalance-00453,label_imbalance,train,63,280,130.72,1,0.729,1,0.826,0,0
label_imbalance-00454,label_imbalance,test,22,453,101.64,1,0.56,1,0.6819,0,0
label_imbalance-00455,label_imbalance,val,65,422,48.73,1,0.6746,4,0.5331,0,0
label_imbalance-00456,label_imbalance,train,42,344,120.29,2,0.825,3,0.7696,0,0
label_imbalance-00457,label_imbalance,train,64,586,60.67,1,0.5774,2,0.7115,1,0
label_imbalance-00458,label_imbalance,train,52,413,69.52,0,0.6692,0,0.7615,0,0
label_imbalance-00459,label_imbalance,train,65,288,120.2,2,0.6696,1,0.9403,0,0
label_imbalance-00460,label_imbalance,train,57,1294,92.99,1,0.6644,2,0.4361,1,0
label_imbalance-00461,label_imbalance,train,66,73,118.9,3,0.989,0,0.6049,1,1
label_imbalance-00462,label_imbalance,train,70,114,96.84,1,0.3426,3,0.742,0,0
label_imbalance-00463,label_imbalance,train,68,860,70.22,1,0.5841,1,0.8801,0,0
label_imbalance-00464,label_imbalance,train,42,551,91.07,1,0.6023,2,0.9176,0,0
label_imbalance-00465,label_imbalance,train,63,35,100.34,0,0.6295,2,0.6929,0,0
label_imbalance-00466,label_imbalance,train,62,618,89.2,1,0.5673,5,0.9336,0,0
label_imbalance-00467,label_imbalance,test,62,321,75.17,2,0.4052,3,0.6837,0,0
label_imbalance-00468,label_imbalance,train,50,564,154.2,3,1.0,2,0.7082,0,0
label_imbalance-00469,label_imbalance,train,22,316,102.13,0,0.611,2,0.6585,1,0
label_imbalance-00470,label_imbalance,train,37,813,38.07,0,0.3957,2,0.6185,0,0
label_imbalance-00471,label_imbalance,val,46,830,55.71,3,0.4921,4,0.8232,1,0
label_imbalance-00472,label_imbalance,train,68,404,56.85,2,0.7548,0,0.6852,0,0
label_imbalance-00473,label_imbalance,train,74,786,76.82,0,0.6159,1,0.6946,0,0
label_imbalance-00474,label_imbalance,train,49,1593,74.49,1,0.5146,2,0.6102,1,0
label_imbalance-00475,label_imbalance,val,31,288,69.39,3,0.5946,4,0.8895,1,0
label_imbalance-00476,label_imbalance,val,46,529,105.55,1,0.6147,2,0.8614,0,0
label_imbalance-00477,label_imbalance,train,74,360,42.44,1,0.6213,4,0.6298,1,0
label_imbalance-00478,label_imbalance,train,56,1061,87.64,5,0.6725,3,0.8772,1,0
label_imbalance-00479,label_imbalance,val,69,188,34.24,2,0.7373,2,0.6957,0,0
label_imbalance-00480,label_imbalance,train,70,558,60.42,1,0.6252,2,0.6745,0,0
label_imbalance-00481,label_imbalance,train,47,177,121.01,3,0.6656,5,0.916,0,0
label_imbalance-00482,label_imbalance,test,67,8,85.21,1,0.8246,4,0.5875,1,0
label_imbalance-00483,label_imbalance,train,27,182,68.54,2,0.7086,3,0.8822,1,0
label_imbalance-00484,label_imbalance,test,50,252,60.63,0,0.3386,5,0.5359,1,0
label_imbalance-00485,label_imbalance,train,22,453,101.64,1,0.56,1,0.6819,0,0
label_imbalance-00486,label_imbalance,train,54,287,43.24,1,0.4728,1,0.8229,0,0
label_imbalance-00487,label_imbalance,train,29,227,82.85,1,0.7495,3,0.769,0,0
label_imbalance-00488,label_imbalance,test,60,1004,79.99,0,0.4684,3,0.8077,0,0
label_imbalance-00489,label_imbalance,test,55,70,47.97,2,0.434,4,0.9172,0,0
label_imbalance-00490,label_imbalance,train,26,206,117.01,2,0.8249,4,0.8396,1,0
label_imbalance-00491,label_imbalance,train,24,1117,90.04,3,0.4569,1,1.0,1,0
label_imbalance-00492,label_imbalance,train,72,859,53.49,0,0.7294,0,0.8471,0,0
label_imbalance-00493,label_imbalance,val,18,1567,89.27,3,0.856,7,0.7068,0,0
label_imbalance-00494,label_imbalance,test,21,272,73.96,2,0.597,2,0.818,0,0
label_imbalance-00495,label_imbalance,train,45,131,61.65,1,0.3717,4,0.5924,0,0
label_imbalance-00496,label_imbalance,train,57,163,63.51,0,0.6385,2,0.7126,0,0
label_imbalance-00497,label_imbalance,train,65,165,116.48,1,0.69,4,0.7206,1,0
label_imbalance-00498,label_imbalance,train,33,401,138.81,1,0.4678,3,0.721,0,0
label_imbalance-00499,label_imbalance,val,53,338,29.89,2,0.3575,2,0.7115,1,0
label_imbalance-00500,label_imbalance,train,47,14,18.03,0,0.5218,1,0.6753,0,0
label_imbalance-00501,label_imbalance,train,28,151,89.8,3,0.9151,2,0.8359,1,0
label_imbalance-00502,label_imbalance,val,38,56,50.57,1,0.6298,4,0.9032,1,0
label_imbalance-00503,label_imbalance,train,35,194,51.27,1,0.6891,2,0.7356,1,0
label_imbalance-00504,label_imbalance,train,52,493,70.44,1,0.6436,1,0.8108,0,0
label_imbalance-00505,label_imbalance,train,22,351,177.66,1,0.5718,2,0.9517,1,0
label_imbalance-00506,label_imbalance,train,24,191,50.52,4,0.8636,3,0.7957,1,0
label_imbalance-00507,label_imbalance,val,28,1097,77.13,3,0.5355,2,0.8583,0,0
label_imbalance-00508,label_imbalance,train,48,320,74.63,0,0.3352,0,0.861,0,0
label_imbalance-00509,label_imbalance,test,68,331,95.73,1,0.6148,2,0.6787,0,0
label_imbalance-00510,label_imbalance,val,66,8,50.54,0,0.5936,4,0.9411,0,0
label_imbalance-00511,label_imbalance,val,20,1414,87.77,3,0.9099,1,0.9134,0,0
label_imbalance-00512,label_imbalance,train,58,2183,70.72,2,0.6809,3,0.9021,1,0
label_imbalance-00513,label_imbalance,train,63,167,42.04,2,0.5592,3,0.5875,1,0
label_imbalance-00514,label_imbalance,train,66,805,23.15,0,0.7182,1,0.8727,0,0
label_imbalance-00515,label_imbalance,val,46,529,105.55,1,0.6147,2,0.8614,0,0
label_imbalance-00516,label_imbalance,train,58,273,87.15,2,0.0,4,0.755,1,0
label_imbalance-00517,label_imbalance,train,61,1366,32.7,1,0.4157,2,0.585,1,0
label_imbalance-00518,label_imbalance,train,44,270,58.1,0,0.2806,1,0.8707,0,0
label_imbalance-00519,label_imbalance,val,20,1325,84.66,2,0.827,1,0.7263,0,0
label_imbalance-00520,label_imbalance,train,24,519,93.73,0,0.5751,1,0.8796,0,0
label_imbalance-00521,label_imbalance,train,27,521,56.76,2,0.6554,2,0.7247,0,0
label_imbalance-00522,label_imbalance,train,28,91,83.9,0,0.3416,4,0.7836,1,0
label_imbalance-00523,label_imbalance,test,64,171,56.15,1,0.766,1,0.5957,1,0
label_imbalance-00524,label_imbalance,train,34,223,61.26,0,0.368,2,0.8078,1,0
label_imbalance-00525,label_imbalance,test,24,519,93.73,0,0.5751,1,0.8796,0,0
label_imbalance-00526,label_imbalance,train,55,1524,60.3,0,0.6348,5,0.8436,0,0
label_imbalance-00527,label_imbalance,train,50,318,56.77,1,0.2294,8,0.4845,0,0
label_imbalance-00528,label_imbalance,train,59,1001,82.55,1,0.4862,3,0.6593,0,0
label_imbalance-00529,label_imbalance,train,61,132,50.94,0,0.7765,2,0.6576,0,0
label_imbalance-00530,label_imbalance,train,58,33,145.6,0,0.682,4,0.7272,0,0
label_imbalance-00531,label_imbalance,val,61,778,40.98,1,0.5337,1,0.612,0,0
label_imbalance-00532,label_imbalance,train,65,163,56.12,1,0.3243,1,0.8318,0,0
label_imbalance-00533,label_imbalance,train,41,873,59.68,2,0.4463,3,0.9756,0,0
label_imbalance-00534,label_imbalance,train,65,1240,71.25,1,0.4989,2,0.5008,0,0
label_imbalance-00535,label_imbalance,train,70,1008,73.2,0,0.4511,1,0.7487,0,0
label_imbalance-00536,label_imbalance,train,47,622,107.76,0,0.4951,0,0.8386,1,0
label_imbalance-00537,label_imbalance,train,30,416,110.38,2,0.5421,2,0.6967,0,0
label_imbalance-00538,label_imbalance,train,42,119,41.04,2,0.869,1,0.6751,1,0
label_imbalance-00539,label_imbalance,train,23,79,47.04,1,0.4856,1,0.643,0,0
label_imbalance-00540,label_imbalance,train,50,318,56.77,1,0.2294,8,0.4845,0,0
label_imbalance-00541,label_imbalance,train,30,250,98.45,0,0.0942,4,0.8766,0,0
label_imbalance-00542,label_imbalance,train,32,569,39.38,5,0.7779,3,1.0,0,0
label_imbalance-00543,label_imbalance,train,70,114,96.84,1,0.3426,3,0.742,0,0
label_imbalance-00544,label_imbalance,train,63,131,87.85,1,0.6235,3,0.6683,0,1
label_imbalance-00545,label_imbalance,train,22,16,60.8,0,0.4776,1,1.0,0,0
label_imbalance-00546,label_imbalance,test,64,792,78.34,2,0.3634,3,0.7427,0,0
label_imbalance-00547,label_imbalance,train,47,1346,200.0,1,0.3587,1,0.6858,0,0
label_imbalance-00548,label_imbalance,train,22,113,81.6,2,0.4151,2,0.8264,1,0
label_imbalance-00549,label_imbalance,train,31,527,89.43,1,0.5124,3,0.8162,1,0
label_imbalance-00550,label_imbalance,train,21,440,15.0,0,0.7183,1,0.6853,1,0
label_imbalance-00551,label_imbalance,train,68,538,43.85,1,0.9854,1,0.8245,0,0
label_imbalance-00552,label_imbalance,train,58,328,133.43,2,1.0,1,0.7918,0,0
label_imbalance-00553,label_imbalance,train,50,1006,61.17,2,0.848,2,0.653,1,0
label_imbalance-00554,label_imbalance,test,63,1430,90.23,0,0.8006,1,0.7671,1,0
label_imbalance-00555,label_imbalance,train,38,56,50.57,1,0.6298,4,0.9032,1,0
label_imbalance-00556,label_imbalance,train,70,93,33.28,0,0.2871,2,0.7692,0,0
label_imbalance-00557,label_imbalance,val,69,1303,49.82,0,0.7561,2,0.6041,1,0
label_imbalance-00558,label_imbalance,train,55,202,57.5,1,0.3231,2,0.9732,1,0
label_imbalance-00559,label_imbalance,train,31,148,70.03,0,0.798,3,0.8986,1,0
label_imbalance-00560,label_imbalance,test,58,212,82.52,2,0.6598,1,0.7183,0,0
label_imbalance-00561,label_imbalance,test,62,582,71.69,2,0.5829,1,0.7086,1,0
label_imbalance-00562,label_imbalance,val,73,392,86.93,2,0.4876,4,0.6529,0,0
label_imbalance-00563,label_imbalance,train,63,544,57.24,0,0.3234,3,0.8325,0,0
label_imbalance-00564,label_imbalance,val,54,700,46.09,1,0.9534,0,0.7927,1,0
label_imbalance-00565,label_imbalance,train,21,646,66.68,0,0.607,2,0.8583,1,0
label_imbalance-00566,label_imbalance,train,35,6,113.21,0,0.5994,0,0.8125,0,0
label_imbalance-00567,label_imbalance,train,46,63,44.88,1,0.8392,3,0.6386,0,0
label_imbalance-00568,label_imbalance,val,71,106,86.86,2,0.3859,5,0.7178,1,0
label_imbalance-00569,label_imbalance,train,48,16,123.7,1,0.6516,2,0.8418,1,0
label_imbalance-00570,label_imbalance,train,42,708,119.09,3,0.3285,3,0.4213,1,1
label_imbalance-00571,label_imbalance,val,60,1004,79.99,0,0.4684,3,0.8077,0,0
label_imbalance-00572,label_imbalance,train,63,1555,129.19,1,0.477,3,0.7291,0,0
label_imbalance-00573,label_imbalance,test,27,105,66.23,3,0.3945,3,0.8317,0,0
label_imbalance-00574,label_imbalance,train,54,1287,71.51,5,0.6105,4,0.7153,1,0
label_imbalance-00575,label_imbalance,train,75,17,44.45,3,0.7995,2,0.6477,0,0
label_imbalance-00576,label_imbalance,train,57,757,35.57,0,0.6323,5,0.6102,0,0
label_imbalance-00577,label_imbalance,train,51,429,62.62,0,0.7125,1,0.7271,1,0
label_imbalance-00578,label_imbalance,val,49,957,121.91,1,0.3595,1,0.8872,0,0
label_imbalance-00579,label_imbalance,train,37,333,91.74,1,0.707,2,0.9528,1,0
label_imbalance-00580,label_imbalance,val,41,1867,107.41,2,0.7624,1,0.7111,0,0
label_imbalance-00581,label_imbalance,train,20,377,74.77,1,0.6338,0,0.743,0,0
label_imbalance-00582,label_imbalance,test,62,385,71.68,3,0.5967,3,0.6424,0,0
label_imbalance-00583,label_imbalance,train,20,377,74.77,1,0.6338,0,0.743,0,0
label_imbalance-00584,label_imbalance,train,18,553,78.96,0,0.7029,1,0.8111,1,0
label_imbalance-00585,label_imbalance,train,57,609,98.22,1,0.7884,2,0.7339,1,0
label_imbalance-00586,label_imbalance,train,39,561,26.41,1,0.6395,3,0.5227,0,0
label_imbalance-00587,label_imbalance,val,36,1228,169.72,1,0.6175,2,1.0,1,0
label_imbalance-00588,label_imbalance,train,49,1422,84.59,1,0.6221,2,0.7731,1,0
label_imbalance-00589,label_imbalance,val,70,226,89.77,4,0.3905,2,0.9883,0,0
label_imbalance-00590,label_imbalance,train,41,105,53.51,3,0.7419,1,1.0,0,0
label_imbalance-00591,label_imbalance,train,58,659,76.42,0,0.507,1,0.6291,0,0
label_imbalance-00592,label_imbalance,train,29,60,127.59,3,0.5709,5,0.845,0,0
label_imbalance-00593,label_imbalance,val,28,91,83.9,0,0.3416,4,0.7836,1,0
label_imbalance-00594,label_imbalance,val,46,472,42.7,4,0.62,4,0.658,1,0
label_imbalance-00595,label_imbalance,train,18,838,79.28,1,0.464,3,0.6939,0,0
label_imbalance-00596,label_imbalance,test,71,453,70.11,2,0.4414,3,0.7154,0,0
label_imbalance-00597,label_imbalance,val,64,684,65.24,1,0.8347,2,0.7214,0,0
label_imbalance-00598,label_imbalance,test,20,815,73.36,2,0.4701,3,0.7032,0,0
label_imbalance-00599,label_imbalance,val,30,416,110.38,2,0.5421,2,0.6967,0,0
label_imbalance-00600,label_imbalance,train,49,497,74.1,1,0.7065,0,0.5994,0,0
label_imbalance-00601,label_imbalance,train,40,60,61.27,1,0.5792,4,0.8255,0,0
label_imbalance-00602,label_imbalance,train,71,1133,31.37,3,0.7461,3,0.8287,1,0
label_imbalance-00603,label_imbalance,test,42,1218,26.62,1,0.6452,1,0.7803,0,0
label_imbalance-00604,label_imbalance,val,44,428,131.75,2,0.755,2,0.6654,0,0
label_imbalance-00605,label_imbalance,train,59,467,39.52,1,0.664,4,0.7185,0,0
label_imbalance-00606,label_imbalance,train,24,418,95.41,1,0.8351,7,0.7204,0,0
label_imbalance-00607,label_imbalance,train,21,607,80.89,0,0.657,3,0.6908,0,0
label_imbalance-00608,label_imbalance,test,19,23,137.6,1,0.4858,3,0.7078,0,0
label_imbalance-00609,label_imbalance,train,18,84,84.41,2,0.7241,0,0.7143,0,0
label_imbalance-00610,label_imbalance,train,58,393,32.82,1,0.6521,4,0.5613,0,0
label_imbalance-00611,label_imbalance,train,53,594,118.56,2,0.6439,3,0.7924,0,0
label_imbalance-00612,label_imbalance,train,42,11,47.01,4,0.4844,2,0.7213,0,0
label_imbalance-00613,label_imbalance,train,31,2,36.59,2,0.4659,3,0.7581,0,0
label_imbalance-00614,label_imbalance,test,43,4,66.18,0,0.4965,4,0.6648,0,0
label_imbalance-00615,label_imbalance,train,71,106,86.86,2,0.3859,5,0.7178,1,0
label_imbalance-00616,label_imbalance,train,18,113,79.69,1,0.4718,2,1.0,1,0
label_imbalance-00617,label_imbalance,train,63,35,100.34,0,0.6295,2,0.6929,0,0
label_imbalance-00618,label_imbalance,test,20,88,65.9,1,0.5405,3,0.7121,0,1
label_imbalance-00619,label_imbalance,train,38,320,66.56,2,0.6602,4,0.7254,1,0
label_imbalance-00620,label_imbalance,val,61,828,49.42,1,0.351,2,0.8003,1,0
label_imbalance-00621,label_imbalance,train,63,465,132.23,2,0.5638,0,0.9001,0,0
label_imbalance-00622,label_imbalance,train,64,278,114.68,3,0.7911,3,0.7171,0,0
label_imbalance-00623,label_imbalance,test,70,477,74.13,2,0.5897,1,0.7843,1,0
label_imbalance-00624,label_imbalance,train,50,51,82.03,2,0.8859,1,0.9142,0,0
label_imbalance-00625,label_imbalance,train,70,187,45.31,2,0.5172,0,0.9574,0,0
label_imbalance-00626,label_imbalance,val,45,895,82.82,1,0.3547,2,0.5004,0,0
label_imbalance-00627,label_imbalance,train,22,225,64.96,2,0.5387,3,0.8124,0,0
label_imbalance-00628,label_imbalance,val,70,114,96.84,1,0.3426,3,0.742,0,0
label_imbalance-00629,label_imbalance,train,19,832,89.63,1,0.3629,1,0.8061,1,0
label_imbalance-00630,label_imbalance,train,75,1608,83.72,2,0.7098,2,0.8299,0,0
label_imbalance-00631,label_imbalance,val,68,1744,107.31,3,0.6915,2,1.0,1,0
label_imbalance-00632,label_imbalance,train,57,122,48.01,0,0.4077,2,0.6855,0,0
label_imbalance-00633,label_imbalance,train,22,156,57.75,3,0.6681,1,0.8617,0,0
label_imbalance-00634,label_imbalance,test,32,19,44.09,1,0.7404,4,0.735,0,0
label_imbalance-00635,label_imbalance,test,35,419,90.14,1,0.1937,1,0.7609,0,0
label_imbalance-00636,label_imbalance,test,27,401,123.46,1,0.5006,1,0.7355,0,0
label_imbalance-00637,label_imbalance,train,46,529,105.55,1,0.6147,2,0.8614,0,0
label_imbalance-00638,label_imbalance,train,24,1117,90.04,3,0.4569,1,1.0,1,0
label_imbalance-00639,label_imbalance,train,72,232,77.9,0,0.9454,0,0.6925,0,0
label_imbalance-00640,label_imbalance,test,45,50,117.1,1,0.375,3,0.746,0,0
label_imbalance-00641,label_imbalance,train,26,33,15.0,2,0.495,3,0.9639,1,0
label_imbalance-00642,label_imbalance,train,26,144,94.62,0,0.4544,7,0.8949,0,0
label_imbalance-00643,label_imbalance,train,55,1524,60.3,0,0.6348,5,0.8436,0,0
label_imbalance-00644,label_imbalance,train,39,344,135.13,2,0.5108,2,0.8698,1,0
label_imbalance-00645,label_imbalance,train,31,759,85.16,3,0.5427,2,0.5674,1,0
label_imbalance-00646,label_imbalance,train,64,95,115.06,0,0.5063,4,0.7123,0,0
label_imbalance-00647,label_imbalance,test,20,1511,46.01,0,0.6818,1,0.7157,0,0
label_imbalance-00648,label_imbalance,test,56,460,96.51,2,0.6109,3,0.9682,1,0
label_imbalance-00649,label_imbalance,train,47,405,123.62,2,0.5204,2,0.6698,0,0
label_imbalance-00650,label_imbalance,train,64,538,148.04,1,0.3313,4,0.8372,1,0
label_imbalance-00651,label_imbalance,train,59,345,81.82,1,0.4051,1,0.7551,0,0
label_imbalance-00652,label_imbalance,train,42,673,46.38,1,0.6346,1,0.5129,0,0
label_imbalance-00653,label_imbalance,train,29,248,100.29,0,0.8615,0,0.6462,0,0
label_imbalance-00654,label_imbalance,train,29,60,127.59,3,0.5709,5,0.845,0,0
label_imbalance-00655,label_imbalance,train,64,22,42.96,0,0.6297,2,0.7781,0,0
label_imbalance-00656,label_imbalance,test,19,688,93.23,1,0.5969,5,0.2723,0,0
label_imbalance-00657,label_imbalance,val,51,315,114.09,0,0.7497,2,1.0,1,0
label_imbalance-00658,label_imbalance,train,46,312,66.95,1,0.5583,4,0.5394,1,0
label_imbalance-00659,label_imbalance,train,56,5,55.59,2,0.8533,1,0.773,0,0
label_imbalance-00660,label_imbalance,test,18,612,86.45,0,0.6432,5,1.0,0,0
label_imbalance-00661,label_imbalance,train,64,95,115.06,0,0.5063,4,0.7123,0,0
label_imbalance-00662,label_imbalance,train,58,768,40.76,3,0.6493,2,0.6752,0,0
label_imbalance-00663,label_imbalance,train,27,105,66.23,3,0.3945,3,0.8317,0,0
label_imbalance-00664,label_imbalance,test,28,913,80.2,1,0.598,2,0.7637,0,0
label_imbalance-00665,label_imbalance,train,31,425,55.91,2,0.8011,2,0.6365,1,0
label_imbalance-00666,label_imbalance,val,20,433,48.64,0,0.626,2,0.7334,1,0
label_imbalance-00667,label_imbalance,train,22,1094,34.53,2,0.8339,2,0.8292,0,0
label_imbalance-00668,label_imbalance,test,42,686,67.62,1,0.4579,0,0.6383,0,0
label_imbalance-00669,label_imbalance,train,47,434,33.31,3,0.3684,3,0.8155,1,0
label_imbalance-00670,label_imbalance,train,19,215,32.22,1,0.5279,0,0.7347,0,0
label_imbalance-00671,label_imbalance,train,18,875,99.97,2,0.9315,3,0.8893,0,0
label_imbalance-00672,label_imbalance,test,54,1341,81.95,2,0.7572,3,0.494,0,0
label_imbalance-00673,label_imbalance,train,62,464,37.58,0,0.504,1,0.7738,1,0
label_imbalance-00674,label_imbalance,train,48,544,38.22,1,0.3439,4,0.9717,1,0
label_imbalance-00675,label_imbalance,train,72,524,99.75,1,0.4255,1,0.9549,1,0
label_imbalance-00676,label_imbalance,test,44,836,60.01,1,0.7499,2,0.7666,0,0
label_imbalance-00677,label_imbalance,train,72,56,117.54,0,0.7525,2,0.8506,0,0
label_imbalance-00678,label_imbalance,train,49,509,82.31,4,0.6212,5,0.8019,0,0
label_imbalance-00679,label_imbalance,train,21,539,49.56,3,0.7279,3,0.5724,0,0
label_imbalance-00680,label_imbalance,val,74,479,136.44,2,0.7031,4,0.9619,0,0
label_imbalance-00681,label_imbalance,train,72,748,113.39,0,0.6351,3,0.7323,1,0
label_imbalance-00682,label_imbalance,train,65,453,94.34,1,0.7375,3,0.8559,1,0
label_imbalance-00683,label_imbalance,train,23,905,115.25,1,0.415,1,0.6122,0,0
label_imbalance-00684,label_imbalance,val,62,750,49.52,3,0.7846,3,0.7538,1,0
label_imbalance-00685,label_imbalance,val,56,186,78.88,0,0.5886,3,0.8523,0,0
label_imbalance-00686,label_imbalance,val,48,176,152.24,0,0.831,6,0.7535,1,0
label_imbalance-00687,label_imbalance,test,59,467,39.52,1,0.664,4,0.7185,0,0
label_imbalance-00688,label_imbalance,train,56,116,77.04,1,0.2341,2,0.8023,0,0
label_imbalance-00689,label_imbalance,train,39,646,95.23,2,0.6166,1,0.6807,1,0
label_imbalance-00690,label_imbalance,train,51,387,68.78,1,0.345,0,0.7602,0,0
label_imbalance-00691,label_imbalance,train,57,246,85.99,1,0.5652,2,0.7814,0,0
label_imbalance-00692,label_imbalance,train,50,119,137.12,1,0.4844,3,0.7874,0,0
label_imbalance-00693,label_imbalance,train,63,3,168.25,0,0.4309,1,1.0,1,0
label_imbalance-00694,label_imbalance,train,47,622,107.76,0,0.4951,0,0.8386,1,0
label_imbalance-00695,label_imbalance,train,18,49,74.7,2,1.0,0,0.8343,0,0
label_imbalance-00696,label_imbalance,test,33,1,137.6,0,1.0,0,0.5692,0,0
label_imbalance-00697,label_imbalance,train,61,828,49.42,1,0.351,2,0.8003,1,0
label_imbalance-00698,label_imbalance,train,49,941,114.27,0,0.5227,2,0.4294,0,0
label_imbalance-00699,label_imbalance,train,67,666,86.1,1,0.3885,4,0.7072,0,0
label_imbalance-00700,label_imbalance,test,36,851,94.44,1,0.3928,8,0.5068,1,0
label_imbalance-00701,label_imbalance,train,45,50,117.1,1,0.375,3,0.746,0,0
label_imbalance-00702,label_imbalance,test,57,59,80.98,1,0.4142,2,0.981,0,0
label_imbalance-00703,label_imbalance,train,43,672,93.49,2,0.645,4,1.0,0,0
label_imbalance-00704,label_imbalance,train,50,119,137.12,1,0.4844,3,0.7874,0,0
label_imbalance-00705,label_imbalance,train,59,403,82.34,0,0.6682,1,0.7474,1,0
label_imbalance-00706,label_imbalance,train,21,607,80.89,0,0.657,3,0.6908,0,0
label_imbalance-00707,label_imbalance,train,36,104,15.0,0,0.6875,1,0.79,0,0
label_imbalance-00708,label_imbalance,train,61,828,49.42,1,0.351,2,0.8003,1,0
label_imbalance-00709,label_imbalance,train,68,477,72.02,3,0.5166,4,0.6269,0,0
label_imbalance-00710,label_imbalance,train,69,364,111.31,1,0.4368,2,0.8003,0,0
label_imbalance-00711,label_imbalance,train,43,4,66.18,0,0.4965,4,0.6648,0,0
label_imbalance-00712,label_imbalance,val,35,1758,97.44,1,0.5922,2,0.5949,0,0
label_imbalance-00713,label_imbalance,train,19,657,93.01,1,0.6412,4,0.8063,0,0
label_imbalance-00714,label_imbalance,train,63,816,61.12,2,0.4885,2,0.7192,0,0
label_imbalance-00715,label_imbalance,train,61,85,82.01,0,0.8618,0,0.7195,0,0
label_imbalance-00716,label_imbalance,train,61,828,49.42,1,0.351,2,0.8003,1,0
label_imbalance-00717,label_imbalance,train,37,475,49.79,0,0.3836,6,0.8475,1,0
label_imbalance-00718,label_imbalance,train,42,11,47.01,4,0.4844,2,0.7213,0,0
label_imbalance-00719,label_imbalance,train,69,730,98.04,1,0.3977,1,0.7577,1,0
label_imbalance-00720,label_imbalance,train,35,183,35.55,3,0.4228,3,0.8085,1,0
label_imbalance-00721,label_imbalance,train,51,735,87.84,2,0.7932,4,0.6843,1,0
label_imbalance-00722,label_imbalance,test,63,529,79.11,2,0.3938,2,0.7748,1,0
label_imbalance-00723,label_imbalance,train,60,1209,102.86,5,0.5761,1,0.8636,1,0
label_imbalance-00724,label_imbalance,train,64,95,115.06,0,0.5063,4,0.7123,0,0
label_imbalance-00725,label_imbalance,train,45,131,61.65,1,0.3717,4,0.5924,0,0
label_imbalance-00726,label_imbalance,train,52,685,91.11,0,0.4986,0,0.6915,0,0
label_imbalance-00727,label_imbalance,train,74,45,75.67,1,0.8654,1,0.7609,0,0
label_imbalance-00728,label_imbalance,test,35,1758,97.44,1,0.5922,2,0.5949,0,0
label_imbalance-00729,label_imbalance,train,34,413,52.72,1,0.4909,3,0.9683,0,0
label_imbalance-00730,label_imbalance,train,69,1567,67.21,1,0.2704,5,0.9135,0,0
label_imbalance-00731,label_imbalance,train,30,236,43.15,0,0.7378,0,0.6049,0,0
label_imbalance-00732,label_imbalance,train,38,216,72.05,0,0.7577,2,0.8057,0,0
label_imbalance-00733,label_imbalance,train,64,210,79.82,0,0.3335,1,0.764,0,0
label_imbalance-00734,label_imbalance,test,56,5,55.59,2,0.8533,1,0.773,0,0
label_imbalance-00735,label_imbalance,train,19,985,74.74,0,0.6776,3,0.6108,1,0
label_imbalance-00736,label_imbalance,val,37,47,68.93,2,0.4299,2,0.9438,1,0
label_imbalance-00737,label_imbalance,train,46,255,110.67,3,0.7564,3,0.631,0,0
label_imbalance-00738,label_imbalance,test,31,1296,74.31,2,0.7537,2,0.7406,1,0
label_imbalance-00739,label_imbalance,train,38,216,72.05,0,0.7577,2,0.8057,0,0
label_imbalance-00740,label_imbalance,val,38,216,72.05,0,0.7577,2,0.8057,0,0
label_imbalance-00741,label_imbalance,test,19,330,84.86,1,0.9014,2,0.863,1,0
label_imbalance-00742,label_imbalance,val,44,756,101.0,2,0.55,3,0.7029,0,0
label_imbalance-00743,label_imbalance,train,52,235,87.89,1,0.8185,1,0.937,0,0
label_imbalance-00744,label_imbalance,test,61,9,68.23,1,0.773,0,1.0,1,0
label_imbalance-00745,label_imbalance,val,53,268,66.21,1,0.5652,8,0.7106,0,0
label_imbalance-00746,label_imbalance,train,43,827,106.78,0,0.4025,0,0.6012,0,0
label_imbalance-00747,label_imbalance,train,51,32,47.15,3,0.806,4,0.8512,1,0
label_imbalance-00748,label_imbalance,train,70,196,106.7,0,0.8425,1,0.4513,0,0
label_imbalance-00749,label_imbalance,test,53,395,91.02,0,0.5927,2,0.9081,1,0
label_imbalance-00750,label_imbalance,train,75,612,62.7,1,0.4721,0,0.7905,0,0
label_imbalance-00751,label_imbalance,train,33,401,138.81,1,0.4678,3,0.721,0,0
label_imbalance-00752,label_imbalance,train,53,302,56.23,2,0.5741,2,0.6701,0,0
label_imbalance-00753,label_imbalance,train,49,342,70.3,0,0.7825,1,0.7757,1,0
label_imbalance-00754,label_imbalance,train,58,131,86.68,2,0.8765,1,0.8105,0,0
label_imbalance-00755,label_imbalance,train,20,433,48.64,0,0.626,2,0.7334,1,0
label_imbalance-00756,label_imbalance,train,48,176,152.24,0,0.831,6,0.7535,1,0
label_imbalance-00757,label_imbalance,train,44,11,77.21,3,0.7436,1,0.7467,0,0
label_imbalance-00758,label_imbalance,test,65,117,119.31,0,0.4817,2,0.7991,0,0
label_imbalance-00759,label_imbalance,train,65,101,71.6,1,0.5219,4,0.6608,1,0
label_imbalance-00760,label_imbalance,train,56,1061,87.64,5,0.6725,3,0.8772,1,0
label_imbalance-00761,label_imbalance,train,62,43,48.72,1,0.6524,2,0.7108,0,0
label_imbalance-00762,label_imbalance,train,23,35,98.33,0,0.5566,2,0.7906,1,0
label_imbalance-00763,label_imbalance,train,46,540,56.43,1,0.615,1,0.6513,0,0
label_imbalance-00764,label_imbalance,test,58,71,116.55,0,0.4725,3,0.8292,0,0
label_imbalance-00765,label_imbalance,train,38,216,72.05,0,0.7577,2,0.8057,0,0
label_imbalance-00766,label_imbalance,test,18,509,121.07,0,0.3279,1,1.0,0,0
label_imbalance-00767,label_imbalance,train,54,588,71.03,0,0.2403,1,0.9713,1,0
label_imbalance-00768,label_imbalance,train,57,163,63.51,0,0.6385,2,0.7126,0,0
label_imbalance-00769,label_imbalance,train,56,116,77.04,1,0.2341,2,0.8023,0,0
label_imbalance-00770,label_imbalance,val,39,622,69.37,2,0.9322,2,0.627,1,0
label_imbalance-00771,label_imbalance,train,75,180,123.31,1,0.2694,5,0.6035,1,1
label_imbalance-00772,label_imbalance,train,44,505,101.51,0,0.4132,3,0.6849,0,0
label_imbalance-00773,label_imbalance,train,47,62,25.4,0,0.5206,1,0.6707,0,0
label_imbalance-00774,label_imbalance,train,19,418,103.94,1,0.3219,4,0.7568,0,0
label_imbalance-00775,label_imbalance,train,43,41,88.93,2,0.6139,0,0.9799,0,0
label_imbalance-00776,label_imbalance,train,42,129,72.16,2,0.6417,2,0.6793,1,0
label_imbalance-00777,label_imbalance,train,42,922,55.36,0,0.2222,2,0.7629,0,0
label_imbalance-00778,label_imbalance,val,27,53,71.02,4,0.5879,1,0.5583,0,1
label_imbalance-00779,label_imbalance,train,24,287,85.54,2,0.6558,4,0.7692,1,0
label_imbalance-00780,label_imbalance,val,74,97,103.97,2,0.5612,0,0.6465,0,0
label_imbalance-00781,label_imbalance,train,60,901,61.32,1,0.2281,3,0.719,0,0
label_imbalance-00782,label_imbalance,train,41,356,57.38,0,0.4977,2,0.82,1,0
label_imbalance-00783,label_imbalance,val,73,714,70.01,2,0.424,5,0.6682,0,0
label_imbalance-00784,label_imbalance,val,20,417,75.51,1,0.6611,0,0.5457,1,1
label_imbalance-00785,label_imbalance,test,44,881,78.6,0,0.4175,3,0.8479,0,0
label_imbalance-00786,label_imbalance,train,59,345,81.82,1,0.4051,1,0.7551,0,0
label_imbalance-00787,label_imbalance,train,34,1642,61.67,0,0.4343,3,0.502,1,0
label_imbalance-00788,label_imbalance,train,30,72,67.34,0,0.5155,2,0.7149,0,0
label_imbalance-00789,label_imbalance,test,26,144,94.62,0,0.4544,7,0.8949,0,0
label_imbalance-00790,label_imbalance,test,39,646,95.23,2,0.6166,1,0.6807,1,0
label_imbalance-00791,label_imbalance,train,66,796,31.76,1,0.1888,1,0.6785,0,0
label_imbalance-00792,label_imbalance,train,35,258,139.23,1,0.5737,2,0.7981,0,0
label_imbalance-00793,label_imbalance,val,23,70,45.57,1,0.5362,5,0.736,0,0
label_imbalance-00794,label_imbalance,train,67,204,33.47,0,0.7925,2,0.5494,0,0
label_imbalance-00795,label_imbalance,val,28,848,76.76,0,0.0805,1,0.637,0,0
label_imbalance-00796,label_imbalance,train,25,631,50.3,4,0.2391,3,0.9386,1,0
label_imbalance-00797,label_imbalance,train,65,288,120.2,2,0.6696,1,0.9403,0,0
label_imbalance-00798,label_imbalance,train,19,688,93.23,1,0.5969,5,0.2723,0,0
label_imbalance-00799,label_imbalance,train,42,209,67.59,0,0.3229,0,0.8509,1,0
label_imbalance-00800,label_imbalance,val,42,673,46.38,1,0.6346,1,0.5129,0,0
label_imbalance-00801,label_imbalance,val,48,508,89.55,1,0.228,4,0.8136,0,0
label_imbalance-00802,label_imbalance,train,52,114,74.8,1,0.5394,1,0.7417,1,0
label_imbalance-00803,label_imbalance,train,74,913,62.59,0,0.5095,0,0.7454,0,0
label_imbalance-00804,label_imbalance,test,29,398,52.26,3,1.0,4,0.522,0,0
label_imbalance-00805,label_imbalance,train,45,554,37.62,0,0.6705,2,0.4608,0,0
label_imbalance-00806,label_imbalance,train,39,646,95.23,2,0.6166,1,0.6807,1,0
label_imbalance-00807,label_imbalance,train,57,59,80.98,1,0.4142,2,0.981,0,0
label_imbalance-00808,label_imbalance,train,42,1218,26.62,1,0.6452,1,0.7803,0,0
label_imbalance-00809,label_imbalance,val,71,453,70.11,2,0.4414,3,0.7154,0,0
label_imbalance-00810,label_imbalance,val,37,108,102.58,0,0.7052,1,0.7262,0,0
label_imbalance-00811,label_imbalance,train,65,1268,107.43,2,0.2938,3,1.0,0,0
label_imbalance-00812,label_imbalance,train,64,669,43.36,3,0.6313,3,0.7295,1,0
label_imbalance-00813,label_imbalance,train,75,243,94.27,2,0.5786,2,0.891,0,0
label_imbalance-00814,label_imbalance,test,53,565,54.15,0,0.5271,1,0.6629,0,0
label_imbalance-00815,label_imbalance,train,30,293,136.69,0,0.3634,5,0.6692,1,0
label_imbalance-00816,label_imbalance,train,59,156,71.78,2,0.3745,2,0.7829,0,0
label_imbalance-00817,label_imbalance,val,48,176,152.24,0,0.831,6,0.7535,1,0
label_imbalance-00818,label_imbalance,train,39,3,49.58,1,0.549,2,0.932,0,0
label_imbalance-00819,label_imbalance,train,31,188,33.67,1,0.4118,4,0.7627,0,0
label_imbalance-00820,label_imbalance,train,48,16,123.7,1,0.6516,2,0.8418,1,0
label_imbalance-00821,label_imbalance,test,39,622,69.37,2,0.9322,2,0.627,1,0
label_imbalance-00822,label_imbalance,train,51,1477,34.93,5,0.4566,1,0.7716,1,0
label_imbalance-00823,label_imbalance,train,63,544,57.24,0,0.3234,3,0.8325,0,0
label_imbalance-00824,label_imbalance,train,60,693,68.76,1,0.6168,1,0.7485,1,0
label_imbalance-00825,label_imbalance,train,56,117,139.01,1,0.7028,3,0.812,0,0
label_imbalance-00826,label_imbalance,train,26,319,74.8,1,0.9384,2,0.8795,1,0
label_imbalance-00827,label_imbalance,test,21,646,66.68,0,0.607,2,0.8583,1,0
label_imbalance-00828,label_imbalance,train,19,569,70.48,1,0.4203,3,1.0,0,0
label_imbalance-00829,label_imbalance,train,35,191,65.48,2,0.3816,4,0.7966,0,0
label_imbalance-00830,label_imbalance,train,54,177,49.89,2,0.6568,2,0.936,0,0
label_imbalance-00831,label_imbalance,train,37,813,38.07,0,0.3957,2,0.6185,0,0
label_imbalance-00832,label_imbalance,train,19,154,43.16,0,0.3875,2,0.7482,1,0
label_imbalance-00833,label_imbalance,val,29,200,96.34,0,0.1635,2,0.9613,0,0
label_imbalance-00834,label_imbalance,train,70,168,81.07,0,0.8478,1,0.8013,0,0
label_imbalance-00835,label_imbalance,test,58,768,40.76,3,0.6493,2,0.6752,0,0
label_imbalance-00836,label_imbalance,train,51,1477,34.93,5,0.4566,1,0.7716,1,0
label_imbalance-00837,label_imbalance,train,63,38,43.16,1,0.4792,1,0.7593,1,1
label_imbalance-00838,label_imbalance,val,22,25,67.25,1,0.8995,1,0.9823,0,0
label_imbalance-00839,label_imbalance,test,38,598,93.69,0,0.3057,2,0.6607,1,0
label_imbalance-00840,label_imbalance,test,63,167,42.04,2,0.5592,3,0.5875,1,0
label_imbalance-00841,label_imbalance,test,31,84,61.65,2,0.8985,1,0.8504,1,0
label_imbalance-00842,label_imbalance,val,25,502,90.43,1,0.3024,4,0.807,1,0
label_imbalance-00843,label_imbalance,train,54,379,79.84,1,0.7083,2,0.8253,0,0
label_imbalance-00844,label_imbalance,val,39,344,135.13,2,0.5108,2,0.8698,1,0
label_imbalance-00845,label_imbalance,train,23,905,115.25,1,0.415,1,0.6122,0,0
label_imbalance-00846,label_imbalance,test,47,1506,59.57,2,0.3654,1,0.691,1,0
label_imbalance-00847,label_imbalance,train,29,35,70.18,1,0.7884,2,0.7576,0,0
label_imbalance-00848,label_imbalance,train,29,1202,125.69,1,0.6113,2,0.5947,0,0
label_imbalance-00849,label_imbalance,train,62,43,48.72,1,0.6524,2,0.7108,0,0
label_imbalance-00850,label_imbalance,train,19,676,77.31,3,0.6742,2,0.7186,0,0
label_imbalance-00851,label_imbalance,train,27,29,75.6,1,0.6142,1,0.4983,0,1
label_imbalance-00852,label_imbalance,test,18,509,121.07,0,0.3279,1,1.0,0,0
label_imbalance-00853,label_imbalance,train,24,72,51.72,2,0.7364,3,0.6891,1,0
label_imbalance-00854,label_imbalance,test,37,485,61.34,1,0.6633,2,0.6214,0,0
label_imbalance-00855,label_imbalance,train,67,551,46.61,3,0.4569,2,0.9746,1,0
label_imbalance-00856,label_imbalance,train,62,750,49.52,3,0.7846,3,0.7538,1,0
label_imbalance-00857,label_imbalance,test,30,293,136.69,0,0.3634,5,0.6692,1,0
label_imbalance-00858,label_imbalance,train,66,189,47.64,1,0.995,1,0.784,1,0
label_imbalance-00859,label_imbalance,train,27,666,93.17,2,0.7324,1,0.8092,0,1
label_imbalance-00860,label_imbalance,train,47,282,113.94,1,0.6695,3,0.5284,0,0
label_imbalance-00861,label_imbalance,test,55,1524,60.3,0,0.6348,5,0.8436,0,0
label_imbalance-00862,label_imbalance,train,74,29,39.04,1,0.2232,3,0.7009,0,0
label_imbalance-00863,label_imbalance,test,41,971,50.9,2,0.4003,1,0.7261,0,0
label_imbalance-00864,label_imbalance,train,26,319,74.8,1,0.9384,2,0.8795,1,0
label_imbalance-00865,label_imbalance,train,19,418,103.94,1,0.3219,4,0.7568,0,0
label_imbalance-00866,label_imbalance,train,70,1008,73.2,0,0.4511,1,0.7487,0,0
label_imbalance-00867,label_imbalance,train,58,328,133.43,2,1.0,1,0.7918,0,0
label_imbalance-00868,label_imbalance,train,47,14,101.9,1,0.5303,5,0.6931,1,0
label_imbalance-00869,label_imbalance,train,63,59,45.79,1,0.3824,2,0.6993,0,0
label_imbalance-00870,label_imbalance,train,58,33,145.6,0,0.682,4,0.7272,0,0
label_imbalance-00871,label_imbalance,train,29,1053,51.65,1,0.4991,3,0.6351,0,0
label_imbalance-00872,label_imbalance,train,63,32,89.53,3,0.6961,3,0.8294,0,0
label_imbalance-00873,label_imbalance,train,29,529,39.43,2,0.8712,0,0.7207,0,0
label_imbalance-00874,label_imbalance,test,57,676,55.63,0,0.5707,0,0.8864,1,0
label_imbalance-00875,label_imbalance,train,29,91,64.94,1,0.358,3,0.7596,1,0
label_imbalance-00876,label_imbalance,train,19,569,70.48,1,0.4203,3,1.0,0,0
label_imbalance-00877,label_imbalance,train,71,3,72.49,0,0.5438,4,0.5283,1,0
label_imbalance-00878,label_imbalance,train,36,577,60.61,1,0.6058,1,0.8946,0,0
label_imbalance-00879,label_imbalance,val,58,323,93.67,2,0.5913,4,0.6391,0,0
label_imbalance-00880,label_imbalance,train,53,145,81.06,0,0.4565,4,0.842,1,0
label_imbalance-00881,label_imbalance,train,62,321,75.17,2,0.4052,3,0.6837,0,0
label_imbalance-00882,label_imbalance,train,30,227,50.77,0,0.5585,3,0.8985,0,0
label_imbalance-00883,label_imbalance,val,35,1300,54.32,3,0.5299,1,0.6925,0,0
label_imbalance-00884,label_imbalance,test,18,838,79.28,1,0.464,3,0.6939,0,0
label_imbalance-00885,label_imbalance,train,53,637,45.56,4,0.3064,3,0.7959,0,0
label_imbalance-00886,label_imbalance,train,27,19,44.94,0,0.3355,2,0.5908,0,0
label_imbalance-00887,label_imbalance,train,64,1109,43.9,0,0.3407,1,0.7988,0,0
label_imbalance-00888,label_imbalance,train,42,818,74.17,0,0.5362,3,0.3482,0,0
label_imbalance-00889,label_imbalance,train,71,416,144.5,0,0.5988,3,0.7971,0,0
label_imbalance-00890,label_imbalance,train,58,55,34.65,0,0.6173,1,0.8963,0,0
label_imbalance-00891,label_imbalance,train,47,1506,59.57,2,0.3654,1,0.691,1,0
label_imbalance-00892,label_imbalance,test,26,317,124.26,5,1.0,4,0.7779,0,0
label_imbalance-00893,label_imbalance,train,46,312,66.95,1,0.5583,4,0.5394,1,0
label_imbalance-00894,label_imbalance,train,64,715,134.7,4,0.4591,3,0.9593,0,0
label_imbalance-00895,label_imbalance,train,39,1884,89.92,0,1.0,0,0.7559,1,0
label_imbalance-00896,label_imbalance,train,54,262,32.15,1,0.7638,1,0.7396,1,0
label_imbalance-00897,label_imbalance,train,48,508,89.55,1,0.228,4,0.8136,0,0
label_imbalance-00898,label_imbalance,train,44,270,58.1,0,0.2806,1,0.8707,0,0
label_imbalance-00899,label_imbalance,test,40,73,70.44,0,0.4872,2,1.0,0,0
label_imbalance-00900,label_imbalance,train,42,818,74.17,0,0.5362,3,0.3482,0,0
label_imbalance-00901,label_imbalance,train,64,22,42.96,0,0.6297,2,0.7781,0,0
label_imbalance-00902,label_imbalance,train,68,1744,107.31,3,0.6915,2,1.0,1,0
label_imbalance-00903,label_imbalance,train,26,206,117.01,2,0.8249,4,0.8396,1,0
label_imbalance-00904,label_imbalance,train,60,218,51.39,2,0.0385,4,0.9005,1,0
label_imbalance-00905,label_imbalance,train,28,913,80.2,1,0.598,2,0.7637,0,0
label_imbalance-00906,label_imbalance,train,67,551,46.61,3,0.4569,2,0.9746,1,0
label_imbalance-00907,label_imbalance,train,63,111,87.96,1,0.6296,3,0.7767,1,0
label_imbalance-00908,label_imbalance,train,42,129,72.16,2,0.6417,2,0.6793,1,0
label_imbalance-00909,label_imbalance,train,51,107,93.19,0,0.6085,4,0.5672,0,0
label_imbalance-00910,label_imbalance,train,43,21,67.66,0,0.5463,3,0.7051,1,0
label_imbalance-00911,label_imbalance,train,61,601,94.1,1,0.4001,4,0.4649,1,0
label_imbalance-00912,label_imbalance,test,51,60,39.83,3,0.5925,1,0.653,0,0
label_imbalance-00913,label_imbalance,val,19,688,93.23,1,0.5969,5,0.2723,0,0
label_imbalance-00914,label_imbalance,train,74,913,62.59,0,0.5095,0,0.7454,0,0
label_imbalance-00915,label_imbalance,val,46,120,58.0,1,1.0,0,0.7457,0,0
label_imbalance-00916,label_imbalance,train,38,448,149.32,2,0.765,3,0.9288,1,0
label_imbalance-00917,label_imbalance,train,60,218,51.39,2,0.0385,4,0.9005,1,0
label_imbalance-00918,label_imbalance,val,46,378,63.13,4,0.4309,3,0.7615,1,0
label_imbalance-00919,label_imbalance,val,62,43,48.72,1,0.6524,2,0.7108,0,0
label_imbalance-00920,label_imbalance,test,44,836,60.01,1,0.7499,2,0.7666,0,0
label_imbalance-00921,label_imbalance,train,67,258,58.15,1,0.5774,0,0.6301,0,0
label_imbalance-00922,label_imbalance,train,71,15,103.08,0,0.025,3,0.7916,1,0
label_imbalance-00923,label_imbalance,train,24,733,32.69,0,0.5753,2,0.5554,1,0
label_imbalance-00924,label_imbalance,train,55,229,80.08,0,0.6974,1,0.7477,0,0
label_imbalance-00925,label_imbalance,train,22,1012,105.89,2,0.3256,3,0.6472,0,0
label_imbalance-00926,label_imbalance,train,46,4,88.9,0,0.9462,2,0.5934,1,0
label_imbalance-00927,label_imbalance,train,54,379,79.84,1,0.7083,2,0.8253,0,0
label_imbalance-00928,label_imbalance,train,54,39,22.78,1,0.864,0,0.9831,1,0
label_imbalance-00929,label_imbalance,train,50,175,99.04,1,0.657,2,0.8472,0,0
label_imbalance-00930,label_imbalance,train,49,843,144.24,0,0.9267,2,0.9577,1,0
label_imbalance-00931,label_imbalance,val,57,28,28.45,1,0.4062,2,0.903,1,0
label_imbalance-00932,label_imbalance,val,41,79,159.45,0,0.7484,5,0.7813,1,0
label_imbalance-00933,label_imbalance,val,72,72,62.7,2,0.6176,3,0.8636,0,0
label_imbalance-00934,label_imbalance,train,32,19,44.09,1,0.7404,4,0.735,0,0
label_imbalance-00935,label_imbalance,test,64,171,56.15,1,0.766,1,0.5957,1,0
label_imbalance-00936,label_imbalance,test,54,588,71.03,0,0.2403,1,0.9713,1,0
label_imbalance-00937,label_imbalance,train,70,336,101.85,1,0.215,2,0.7754,0,0
label_imbalance-00938,label_imbalance,train,67,1103,22.54,1,0.4625,1,0.8724,0,0
label_imbalance-00939,label_imbalance,test,73,475,31.98,3,0.8539,1,0.9024,0,0
label_imbalance-00940,label_imbalance,val,44,11,77.21,3,0.7436,1,0.7467,0,0
label_imbalance-00941,label_imbalance,val,39,662,61.61,1,0.4256,1,0.9994,0,0
label_imbalance-00942,label_imbalance,train,31,265,51.86,0,0.511,4,0.6907,0,0
label_imbalance-00943,label_imbalance,train,59,203,62.34,2,0.5894,5,0.703,1,0
label_imbalance-00944,label_imbalance,train,50,508,35.37,1,0.482,2,0.7775,0,0
label_imbalance-00945,label_imbalance,test,74,552,75.45,2,0.7063,3,0.6031,0,0
label_imbalance-00946,label_imbalance,train,45,166,109.02,0,0.7932,1,0.6162,0,0
label_imbalance-00947,label_imbalance,test,26,64,61.96,1,0.4272,2,0.9826,0,0
label_imbalance-00948,label_imbalance,train,56,1543,62.07,4,0.9122,2,0.4865,0,0
label_imbalance-00949,label_imbalance,test,22,453,101.64,1,0.56,1,0.6819,0,0
label_imbalance-00950,label_imbalance,train,55,144,104.8,1,0.7776,3,0.9611,1,0
label_imbalance-00951,label_imbalance,test,75,32,67.77,1,0.5085,1,0.7786,1,0
label_imbalance-00952,label_imbalance,train,69,411,94.4,2,0.6234,1,0.7771,1,0
label_imbalance-00953,label_imbalance,train,66,953,66.29,2,0.4604,2,0.5974,1,0
label_imbalance-00954,label_imbalance,train,56,186,78.88,0,0.5886,3,0.8523,0,0
label_imbalance-00955,label_imbalance,train,20,151,47.14,0,0.4114,0,0.7166,1,0
label_imbalance-00956,label_imbalance,train,44,280,75.06,0,0.6708,4,0.7589,0,0
label_imbalance-00957,label_imbalance,train,62,443,70.59,2,0.5449,3,0.8639,1,0
label_imbalance-00958,label_imbalance,train,33,420,80.36,0,0.8201,0,0.7745,0,0
label_imbalance-00959,label_imbalance,train,37,520,97.08,0,0.5944,2,0.8388,1,0
label_imbalance-00960,label_imbalance,train,45,569,122.46,1,0.4067,2,0.864,0,0
label_imbalance-00961,label_imbalance,train,41,1867,107.41,2,0.7624,1,0.7111,0,0
label_imbalance-00962,label_imbalance,train,23,1184,77.52,0,0.6114,3,0.8184,0,0
label_imbalance-00963,label_imbalance,val,60,1405,70.44,1,0.6586,1,0.8447,1,0
label_imbalance-00964,label_imbalance,test,58,1064,101.02,1,0.5307,1,0.7669,0,0
label_imbalance-00965,label_imbalance,val,60,1405,70.44,1,0.6586,1,0.8447,1,0
label_imbalance-00966,label_imbalance,train,21,221,73.42,1,0.7512,2,0.5503,1,0
label_imbalance-00967,label_imbalance,train,33,270,68.46,1,0.6864,1,0.769,0,0
label_imbalance-00968,label_imbalance,test,72,56,117.54,0,0.7525,2,0.8506,0,0
label_imbalance-00969,label_imbalance,train,50,508,35.37,1,0.482,2,0.7775,0,0
label_imbalance-00970,label_imbalance,test,53,637,45.56,4,0.3064,3,0.7959,0,0
label_imbalance-00971,label_imbalance,train,45,317,87.16,2,0.915,2,1.0,0,0
label_imbalance-00972,label_imbalance,train,41,358,56.78,1,1.0,3,0.8094,1,0
label_imbalance-00973,label_imbalance,test,50,1007,40.2,0,0.4045,3,0.6143,1,0
label_imbalance-00974,label_imbalance,train,20,151,47.14,0,0.4114,0,0.7166,1,0
label_imbalance-00975,label_imbalance,test,53,143,78.05,1,0.9449,1,0.7538,0,0
label_imbalance-00976,label_imbalance,val,42,180,61.72,3,0.7204,3,0.9107,1,0
label_imbalance-00977,label_imbalance,val,40,197,145.99,2,0.5749,1,1.0,0,0
label_imbalance-00978,label_imbalance,train,31,288,69.39,3,0.5946,4,0.8895,1,0
label_imbalance-00979,label_imbalance,train,44,2102,116.25,0,0.7892,2,0.6361,0,0
label_imbalance-00980,label_imbalance,train,18,780,43.62,2,0.1788,6,0.8119,1,0
label_imbalance-00981,label_imbalance,train,19,91,53.8,0,0.6278,3,0.6993,0,0
label_imbalance-00982,label_imbalance,test,73,147,54.26,1,0.6012,2,0.8928,0,0
label_imbalance-00983,label_imbalance,test,41,79,159.45,0,0.7484,5,0.7813,1,0
label_imbalance-00984,label_imbalance,train,23,1184,77.52,0,0.6114,3,0.8184,0,0
label_imbalance-00985,label_imbalance,train,39,50,42.49,2,0.7511,2,0.9341,0,0
label_imbalance-00986,label_imbalance,train,19,23,137.6,1,0.4858,3,0.7078,0,0
label_imbalance-00987,label_imbalance,val,61,151,34.1,1,0.4455,1,0.6904,0,0
label_imbalance-00988,label_imbalance,val,63,250,24.5,1,0.5289,2,0.4494,0,0
label_imbalance-00989,label_imbalance,val,36,364,81.2,2,1.0,1,0.7569,0,0
label_imbalance-00990,label_imbalance,train,29,587,74.62,1,0.9249,0,0.7015,0,0
label_imbalance-00991,label_imbalance,train,44,249,34.64,0,0.4034,2,1.0,0,0
label_imbalance-00992,label_imbalance,train,33,748,47.89,2,0.5866,0,0.8363,0,0
label_imbalance-00993,label_imbalance,train,33,748,47.89,2,0.5866,0,0.8363,0,0
label_imbalance-00994,label_imbalance,train,47,395,57.99,0,0.2576,1,0.9369,1,0
label_imbalance-00995,label_imbalance,val,48,523,101.33,0,0.7377,5,1.0,0,0
label_imbalance-00996,label_imbalance,test,41,464,60.79,1,0.5628,0,0.766,0,0
label_imbalance-00997,label_imbalance,train,48,544,38.22,1,0.3439,4,0.9717,1,0
label_imbalance-00998,label_imbalance,val,21,646,66.68,0,0.607,2,0.8583,1,0
label_imbalance-00999,label_imbalance,train,26,1127,102.94,2,0.874,2,0.5846,0,0
label_imbalance-01000,label_imbalance,train,29,91,64.94,1,0.358,3,0.7596,1,0
label_imbalance-01001,label_imbalance,train,41,873,59.68,2,0.4463,3,0.9756,0,0
label_imbalance-01002,label_imbalance,train,31,1296,74.31,2,0.7537,2,0.7406,1,0
label_imbalance-01003,label_imbalance,train,19,49,57.53,2,0.7229,5,0.8998,0,0
label_imbalance-01004,label_imbalance,train,42,274,71.75,0,0.5409,2,0.9159,0,0
label_imbalance-01005,label_imbalance,train,20,64,66.68,1,0.4118,4,0.671,0,0
label_imbalance-01006,label_imbalance,train,35,401,81.28,0,0.4652,1,0.5729,0,0
label_imbalance-01007,label_imbalance,train,57,328,77.19,1,0.1614,2,0.7368,0,0
label_imbalance-01008,label_imbalance,train,39,1884,89.92,0,1.0,0,0.7559,1,0
label_imbalance-01009,label_imbalance,train,43,672,93.49,2,0.645,4,1.0,0,0
label_imbalance-01010,label_imbalance,train,47,841,42.19,1,0.6908,2,0.6056,1,0
label_imbalance-01011,label_imbalance,train,45,410,21.9,1,0.5304,1,0.6765,0,0
label_imbalance-01012,label_imbalance,test,21,876,66.93,3,0.7804,10,0.647,1,0
label_imbalance-01013,label_imbalance,train,44,298,58.6,1,0.4912,4,0.5647,0,0
label_imbalance-01014,label_imbalance,train,66,805,23.15,0,0.7182,1,0.8727,0,0
label_imbalance-01015,label_imbalance,train,68,185,57.36,0,0.5882,2,0.8999,1,0
label_imbalance-01016,label_imbalance,val,54,1341,81.95,2,0.7572,3,0.494,0,0
label_imbalance-01017,label_imbalance,val,62,443,70.59,2,0.5449,3,0.8639,1,0
label_imbalance-01018,label_imbalance,val,18,509,121.07,0,0.3279,1,1.0,0,0
label_imbalance-01019,label_imbalance,train,39,50,42.49,2,0.7511,2,0.9341,0,0
label_imbalance-01020,label_imbalance,train,59,59,90.18,2,0.9054,1,0.7886,1,0
label_imbalance-01021,label_imbalance,train,57,1125,62.97,1,0.893,2,0.7877,1,0
label_imbalance-01022,label_imbalance,test,42,686,67.62,1,0.4579,0,0.6383,0,0
label_imbalance-01023,label_imbalance,val,65,101,71.6,1,0.5219,4,0.6608,1,0
label_imbalance-01024,label_imbalance,train,40,1079,95.54,2,0.8081,0,0.7137,1,0
label_imbalance-01025,label_imbalance,test,33,13,70.81,1,0.617,2,1.0,0,0
label_imbalance-01026,label_imbalance,train,27,277,40.19,1,0.6131,4,0.9026,0,0
label_imbalance-01027,label_imbalance,test,72,232,77.9,0,0.9454,0,0.6925,0,0
label_imbalance-01028,label_imbalance,train,67,292,41.05,0,0.9537,2,0.5388,0,0
label_imbalance-01029,label_imbalance,train,56,1061,87.64,5,0.6725,3,0.8772,1,0
label_imbalance-01030,label_imbalance,train,42,673,46.38,1,0.6346,1,0.5129,0,0
label_imbalance-01031,label_imbalance,train,53,565,54.15,0,0.5271,1,0.6629,0,0
label_imbalance-01032,label_imbalance,train,27,618,54.85,1,0.4164,3,0.5929,1,0
label_imbalance-01033,label_imbalance,train,29,398,52.26,3,1.0,4,0.522,0,0
label_imbalance-01034,label_imbalance,train,60,434,90.7,1,0.2852,1,0.4805,0,0
label_imbalance-01035,label_imbalance,train,37,2595,116.16,3,0.7035,1,0.8192,0,0
label_imbalance-01036,label_imbalance,train,32,446,91.79,1,0.7561,6,0.7416,0,0
label_imbalance-01037,label_imbalance,train,23,385,161.77,0,0.4465,3,1.0,1,0
label_imbalance-01038,label_imbalance,test,72,2600,24.48,0,0.5152,0,0.5405,0,0
label_imbalance-01039,label_imbalance,val,50,564,154.2,3,1.0,2,0.7082,0,0
label_imbalance-01040,label_imbalance,train,38,874,63.51,1,0.1979,4,0.7982,0,0
label_imbalance-01041,label_imbalance,train,28,259,66.03,2,0.7035,2,0.6877,0,0
label_imbalance-01042,label_imbalance,train,48,924,126.51,2,0.5262,2,0.7841,0,0
label_imbalance-01043,label_imbalance,train,34,398,57.47,2,1.0,0,0.7787,1,0
label_imbalance-01044,label_imbalance,test,71,1798,85.64,2,0.727,1,0.4509,0,0
label_imbalance-01045,label_imbalance,train,50,167,88.32,1,0.4755,1,0.7777,0,0
label_imbalance-01046,label_imbalance,train,27,115,48.43,2,0.7438,2,0.6849,0,0
label_imbalance-01047,label_imbalance,train,46,312,66.95,1,0.5583,4,0.5394,1,0
label_imbalance-01048,label_imbalance,val,75,253,95.84,3,0.9291,1,0.7383,0,0
label_imbalance-01049,label_imbalance,train,42,408,78.92,0,0.3171,5,0.857,0,0
label_imbalance-01050,label_imbalance,train,65,1268,107.43,2,0.2938,3,1.0,0,0
label_imbalance-01051,label_imbalance,val,57,111,70.5,2,0.9421,4,0.4662,0,0
label_imbalance-01052,label_imbalance,train,39,129,46.81,1,0.3939,4,0.6637,0,0
label_imbalance-01053,label_imbalance,train,26,674,55.25,3,0.5934,4,0.753,0,0
label_imbalance-01054,label_imbalance,train,46,324,64.02,0,1.0,4,0.7008,1,0
label_imbalance-01055,label_imbalance,train,64,6,95.92,2,0.2897,3,0.7102,0,0
label_imbalance-01056,label_imbalance,train,35,585,59.65,2,0.5712,1,0.5965,0,0
label_imbalance-01057,label_imbalance,train,42,1889,17.28,2,0.5875,4,0.4675,0,0
label_imbalance-01058,label_imbalance,train,29,529,39.43,2,0.8712,0,0.7207,0,0
label_imbalance-01059,label_imbalance,train,36,97,56.13,0,0.4576,1,0.9045,0,0
label_imbalance-01060,label_imbalance,test,18,775,118.55,2,0.4396,1,0.7042,0,0
label_imbalance-01061,label_imbalance,test,66,189,47.64,1,0.995,1,0.784,1,0
label_imbalance-01062,label_imbalance,train,21,539,49.56,3,0.7279,3,0.5724,0,0
label_imbalance-01063,label_imbalance,train,33,477,94.01,1,0.4055,1,0.9606,1,0
label_imbalance-01064,label_imbalance,test,41,591,110.12,1,0.5945,1,0.7323,0,0
label_imbalance-01065,label_imbalance,train,57,1294,92.99,1,0.6644,2,0.4361,1,0
label_imbalance-01066,label_imbalance,val,72,859,53.49,0,0.7294,0,0.8471,0,0
label_imbalance-01067,label_imbalance,val,38,2,74.74,3,0.4447,2,0.8973,1,0
label_imbalance-01068,label_imbalance,test,60,46,89.09,1,0.3413,3,0.6727,1,0
label_imbalance-01069,label_imbalance,train,70,368,28.39,2,0.5626,3,0.7417,0,0
label_imbalance-01070,label_imbalance,val,45,10,89.14,4,0.8504,2,0.8171,0,0
label_imbalance-01071,label_imbalance,test,35,88,101.13,1,0.9451,0,0.8173,0,0
label_imbalance-01072,label_imbalance,train,31,541,79.48,3,0.2953,1,0.8756,0,0
label_imbalance-01073,label_imbalance,train,18,113,79.69,1,0.4718,2,1.0,1,0
label_imbalance-01074,label_imbalance,train,41,266,71.72,1,0.4321,4,0.577,0,0
label_imbalance-01075,label_imbalance,val,41,591,110.12,1,0.5945,1,0.7323,0,0
label_imbalance-01076,label_imbalance,train,49,843,144.24,0,0.9267,2,0.9577,1,0
label_imbalance-01077,label_imbalance,train,43,21,67.66,0,0.5463,3,0.7051,1,0
label_imbalance-01078,label_imbalance,train,50,564,154.2,3,1.0,2,0.7082,0,0
label_imbalance-01079,label_imbalance,train,26,1127,102.94,2,0.874,2,0.5846,0,0
label_imbalance-01080,label_imbalance,train,40,325,69.34,0,0.6768,3,0.6796,0,0
label_imbalance-01081,label_imbalance,train,36,851,94.44,1,0.3928,8,0.5068,1,0
label_imbalance-01082,label_imbalance,train,49,23,79.32,1,0.8116,4,0.958,0,0
label_imbalance-01083,label_imbalance,test,75,243,94.27,2,0.5786,2,0.891,0,0
label_imbalance-01084,label_imbalance,train,22,316,102.13,0,0.611,2,0.6585,1,0
label_imbalance-01085,label_imbalance,train,33,465,131.02,2,0.7773,8,0.6666,0,0
label_imbalance-01086,label_imbalance,val,29,398,52.26,3,1.0,4,0.522,0,0
label_imbalance-01087,label_imbalance,test,45,10,89.14,4,0.8504,2,0.8171,0,0
label_imbalance-01088,label_imbalance,train,41,971,50.9,2,0.4003,1,0.7261,0,0
label_imbalance-01089,label_imbalance,train,54,653,89.19,3,0.3716,1,0.4772,0,1
label_imbalance-01090,label_imbalance,train,64,792,78.34,2,0.3634,3,0.7427,0,0
label_imbalance-01091,label_imbalance,train,47,14,18.03,0,0.5218,1,0.6753,0,0
label_imbalance-01092,label_imbalance,train,63,351,61.03,1,0.4706,1,0.7318,0,0
label_imbalance-01093,label_imbalance,train,74,239,19.66,1,0.4027,3,0.7048,1,0
label_imbalance-01094,label_imbalance,test,75,17,44.45,3,0.7995,2,0.6477,0,0
label_imbalance-01095,label_imbalance,train,75,819,90.52,2,0.6605,0,0.6952,0,0
label_imbalance-01096,label_imbalance,val,46,68,99.67,2,0.536,1,0.6705,0,0
label_imbalance-01097,label_imbalance,test,44,1380,55.54,0,0.4152,2,0.5337,0,0
label_imbalance-01098,label_imbalance,train,20,34,73.13,2,0.4735,3,0.9177,1,0
label_imbalance-01099,label_imbalance,train,27,618,54.85,1,0.4164,3,0.5929,1,0
label_imbalance-01100,label_imbalance,train,71,127,57.63,0,0.9205,2,0.6248,1,0
label_imbalance-01101,label_imbalance,train,63,776,32.23,3,0.6962,2,0.8272,0,0
label_imbalance-01102,label_imbalance,test,64,301,108.07,1,0.4767,0,0.5553,0,1
label_imbalance-01103,label_imbalance,train,56,585,80.3,1,0.2844,1,0.7865,0,0
label_imbalance-01104,label_imbalance,train,74,793,103.72,0,0.8392,1,0.84,1,0
label_imbalance-01105,label_imbalance,val,63,1555,129.19,1,0.477,3,0.7291,0,0
label_imbalance-01106,label_imbalance,train,25,502,90.43,1,0.3024,4,0.807,1,0
label_imbalance-01107,label_imbalance,train,24,546,83.07,1,0.9127,2,0.8797,0,0
label_imbalance-01108,label_imbalance,train,54,39,22.78,1,0.864,0,0.9831,1,0
label_imbalance-01109,label_imbalance,train,53,268,66.21,1,0.5652,8,0.7106,0,0
label_imbalance-01110,label_imbalance,test,44,1638,42.29,1,0.5336,0,0.7584,0,0
label_imbalance-01111,label_imbalance,val,73,714,70.01,2,0.424,5,0.6682,0,0
label_imbalance-01112,label_imbalance,train,33,781,46.55,0,0.6731,0,0.851,1,0
label_imbalance-01113,label_imbalance,train,44,428,131.75,2,0.755,2,0.6654,0,0
label_imbalance-01114,label_imbalance,train,58,293,61.51,1,0.6066,3,0.8251,0,0
label_imbalance-01115,label_imbalance,val,31,311,48.4,1,0.6478,2,0.7242,0,0
label_imbalance-01116,label_imbalance,train,67,8,85.21,1,0.8246,4,0.5875,1,0
label_imbalance-01117,label_imbalance,train,72,56,117.54,0,0.7525,2,0.8506,0,0
label_imbalance-01118,label_imbalance,val,18,780,43.62,2,0.1788,6,0.8119,1,0
label_imbalance-01119,label_imbalance,train,21,646,66.68,0,0.607,2,0.8583,1,0
label_imbalance-01120,label_imbalance,train,23,79,47.04,1,0.4856,1,0.643,0,0
label_imbalance-01121,label_imbalance,val,23,295,62.24,1,0.4623,1,0.586,0,0
label_imbalance-01122,label_imbalance,train,55,650,73.91,1,0.6292,1,0.6762,1,0
label_imbalance-01123,label_imbalance,val,72,1304,114.19,1,0.6636,0,0.6469,0,0
label_imbalance-01124,label_imbalance,train,64,586,60.67,1,0.5774,2,0.7115,1,0
label_imbalance-01125,label_imbalance,train,27,1392,43.4,3,0.6281,2,0.9246,1,0
label_imbalance-01126,label_imbalance,train,53,259,99.29,1,0.6733,2,0.6987,1,0
label_imbalance-01127,label_imbalance,test,29,88,60.39,1,0.1102,1,0.8334,1,1
label_imbalance-01128,label_imbalance,train,41,1120,40.59,0,0.7359,1,0.6871,1,0
label_imbalance-01129,label_imbalance,train,46,446,136.75,2,0.4047,3,0.6871,0,0
label_imbalance-01130,label_imbalance,test,50,14,97.87,2,0.7437,3,0.933,0,0
label_imbalance-01131,label_imbalance,train,27,618,54.85,1,0.4164,3,0.5929,1,0
label_imbalance-01132,label_imbalance,train,18,553,78.96,0,0.7029,1,0.8111,1,0
label_imbalance-01133,label_imbalance,val,65,1542,121.05,1,0.2797,2,0.7406,1,0
label_imbalance-01134,label_imbalance,val,51,107,93.19,0,0.6085,4,0.5672,0,0
label_imbalance-01135,label_imbalance,test,52,493,70.44,1,0.6436,1,0.8108,0,0
label_imbalance-01136,label_imbalance,train,47,434,33.31,3,0.3684,3,0.8155,1,0
label_imbalance-01137,label_imbalance,train,47,282,113.94,1,0.6695,3,0.5284,0,0
label_imbalance-01138,label_imbalance,train,71,538,154.57,2,0.7464,1,0.7629,0,0
label_imbalance-01139,label_imbalance,val,25,338,61.55,0,0.5959,2,0.5408,0,0
label_imbalance-01140,label_imbalance,test,31,188,33.67,1,0.4118,4,0.7627,0,0
label_imbalance-01141,label_imbalance,train,71,15,103.08,0,0.025,3,0.7916,1,0
label_imbalance-01142,label_imbalance,train,41,785,69.43,0,0.7394,2,0.6829,1,0
label_imbalance-01143,label_imbalance,train,52,100,109.08,0,0.7192,2,0.6362,0,0
label_imbalance-01144,label_imbalance,train,49,1076,129.31,0,0.9362,3,0.7114,1,0
label_imbalance-01145,label_imbalance,train,22,387,95.28,2,0.6593,1,0.8845,0,0
label_imbalance-01146,label_imbalance,train,18,198,54.18,3,0.6436,3,0.8019,0,1
label_imbalance-01147,label_imbalance,val,29,200,96.34,0,0.1635,2,0.9613,0,0
label_imbalance-01148,label_imbalance,val,70,533,107.38,0,0.6728,5,0.8142,1,0
label_imbalance-01149,label_imbalance,train,42,818,74.17,0,0.5362,3,0.3482,0,0
label_imbalance-01150,label_imbalance,train,65,112,56.43,1,0.4893,1,0.8037,0,0
label_imbalance-01151,label_imbalance,train,29,529,39.43,2,0.8712,0,0.7207,0,0
label_imbalance-01152,label_imbalance,train,64,95,115.06,0,0.5063,4,0.7123,0,0
label_imbalance-01153,label_imbalance,train,65,48,87.58,0,0.43,4,0.7739,1,0
label_imbalance-01154,label_imbalance,train,58,171,75.93,0,0.9348,2,0.5784,0,0
label_imbalance-01155,label_imbalance,train,51,32,47.15,3,0.806,4,0.8512,1,0
label_imbalance-01156,label_imbalance,train,59,52,49.94,2,0.8192,1,0.7771,0,0
label_imbalance-01157,label_imbalance,train,40,325,69.34,0,0.6768,3,0.6796,0,0
label_imbalance-01158,label_imbalance,train,31,2,60.35,0,0.6826,3,0.6083,0,0
label_imbalance-01159,label_imbalance,test,28,913,80.2,1,0.598,2,0.7637,0,0
label_imbalance-01160,label_imbalance,train,42,457,88.71,0,0.3962,1,0.5602,0,0
label_imbalance-01161,label_imbalance,val,75,17,44.45,3,0.7995,2,0.6477,0,0
label_imbalance-01162,label_imbalance,train,43,827,106.78,0,0.4025,0,0.6012,0,0
label_imbalance-01163,label_imbalance,val,71,521,81.01,2,0.7084,5,0.7612,0,0
label_imbalance-01164,label_imbalance,test,51,928,60.04,0,0.1628,0,0.7915,1,0
label_imbalance-01165,label_imbalance,train,32,446,91.79,1,0.7561,6,0.7416,0,0
label_imbalance-01166,label_imbalance,train,38,166,72.83,3,0.5679,2,0.8474,0,0
label_imbalance-01167,label_imbalance,train,63,790,131.44,1,0.7592,0,0.634,0,0
label_imbalance-01168,label_imbalance,train,56,1543,62.07,4,0.9122,2,0.4865,0,0
label_imbalance-01169,label_imbalance,train,41,79,159.45,0,0.7484,5,0.7813,1,0
label_imbalance-01170,label_imbalance,train,24,287,85.54,2,0.6558,4,0.7692,1,0
label_imbalance-01171,label_imbalance,test,40,967,46.25,1,0.3867,5,0.8895,1,0
label_imbalance-01172,label_imbalance,val,64,538,148.04,1,0.3313,4,0.8372,1,0
label_imbalance-01173,label_imbalance,train,21,97,37.91,1,0.3715,1,1.0,0,0
label_imbalance-01174,label_imbalance,train,33,420,80.36,0,0.8201,0,0.7745,0,0
label_imbalance-01175,label_imbalance,train,71,3,72.49,0,0.5438,4,0.5283,1,0
label_imbalance-01176,label_imbalance,train,54,40,135.13,1,0.6959,4,1.0,1,0
label_imbalance-01177,label_imbalance,test,53,395,91.02,0,0.5927,2,0.9081,1,0
label_imbalance-01178,label_imbalance,train,27,234,37.98,0,0.7083,2,0.6848,1,0
label_imbalance-01179,label_imbalance,test,44,209,74.66,0,0.6295,5,0.7933,0,0
label_imbalance-01180,label_imbalance,train,26,478,61.74,0,0.6773,3,0.7755,0,0
label_imbalance-01181,label_imbalance,train,39,740,58.82,0,0.5719,3,0.8231,0,0
label_imbalance-01182,label_imbalance,val,35,419,90.14,1,0.1937,1,0.7609,0,0
label_imbalance-01183,label_imbalance,train,44,146,56.16,2,0.6832,2,0.8263,0,0
label_imbalance-01184,label_imbalance,train,24,72,51.72,2,0.7364,3,0.6891,1,0
label_imbalance-01185,label_imbalance,val,60,1004,79.99,0,0.4684,3,0.8077,0,0
label_imbalance-01186,label_imbalance,test,36,1,63.27,0,0.6739,2,0.7722,0,0
label_imbalance-01187,label_imbalance,train,53,143,78.05,1,0.9449,1,0.7538,0,0
label_imbalance-01188,label_imbalance,val,62,1598,105.26,0,0.3787,2,0.5593,0,0
label_imbalance-01189,label_imbalance,train,18,875,99.97,2,0.9315,3,0.8893,0,0
label_imbalance-01190,label_imbalance,train,34,249,97.41,0,0.6299,2,0.6559,0,0
label_imbalance-01191,label_imbalance,val,33,34,96.13,0,0.4757,2,0.8367,0,0
label_imbalance-01192,label_imbalance,val,33,477,94.01,1,0.4055,1,0.9606,1,0
label_imbalance-01193,label_imbalance,train,71,341,52.42,1,0.3326,8,0.7955,1,0
label_imbalance-01194,label_imbalance,train,21,763,103.97,1,0.7627,5,0.7234,0,0
label_imbalance-01195,label_imbalance,train,40,967,46.25,1,0.3867,5,0.8895,1,0
label_imbalance-01196,label_imbalance,train,67,200,74.65,2,0.5573,2,0.8804,0,0
label_imbalance-01197,label_imbalance,train,39,662,61.61,1,0.4256,1,0.9994,0,0
label_imbalance-01198,label_imbalance,train,42,11,47.01,4,0.4844,2,0.7213,0,0
label_imbalance-01199,label_imbalance,test,49,509,82.31,4,0.6212,5,0.8019,0,0
label_imbalance-01200,label_imbalance,val,46,4,88.9,0,0.9462,2,0.5934,1,0
label_imbalance-01201,label_imbalance,test,20,34,73.13,2,0.4735,3,0.9177,1,0
label_imbalance-01202,label_imbalance,train,28,913,80.2,1,0.598,2,0.7637,0,0
label_imbalance-01203,label_imbalance,train,56,460,96.51,2,0.6109,3,0.9682,1,0
label_imbalance-01204,label_imbalance,train,52,235,87.89,1,0.8185,1,0.937,0,0
label_imbalance-01205,label_imbalance,test,49,509,82.31,4,0.6212,5,0.8019,0,0
label_imbalance-01206,label_imbalance,train,74,324,117.76,2,0.364,2,0.531,0,0
label_imbalance-01207,label_imbalance,train,42,408,78.92,0,0.3171,5,0.857,0,0
label_imbalance-01208,label_imbalance,val,61,778,40.98,1,0.5337,1,0.612,0,0
label_imbalance-01209,label_imbalance,test,41,464,60.79,1,0.5628,0,0.766,0,0
label_imbalance-01210,label_imbalance,train,68,477,72.02,3,0.5166,4,0.6269,0,0
label_imbalance-01211,label_imbalance,val,60,1405,70.44,1,0.6586,1,0.8447,1,0
label_imbalance-01212,label_imbalance,val,66,189,47.64,1,0.995,1,0.784,1,0
label_imbalance-01213,label_imbalance,train,35,396,118.06,0,0.3733,4,0.781,0,0
label_imbalance-01214,label_imbalance,val,56,850,52.84,1,0.4566,5,0.9291,1,0
label_imbalance-01215,label_imbalance,train,70,93,33.28,0,0.2871,2,0.7692,0,0
label_imbalance-01216,label_imbalance,train,57,163,63.51,0,0.6385,2,0.7126,0,0
label_imbalance-01217,label_imbalance,val,23,445,81.69,1,0.6107,2,0.6338,0,0
label_imbalance-01218,label_imbalance,train,25,5,51.04,1,0.7247,1,0.6161,1,0
label_imbalance-01219,label_imbalance,train,65,31,68.31,1,0.4544,5,0.7902,1,0
label_imbalance-01220,label_imbalance,train,55,183,99.44,1,0.3357,2,0.6799,0,0
label_imbalance-01221,label_imbalance,train,71,521,81.01,2,0.7084,5,0.7612,0,0
label_imbalance-01222,label_imbalance,test,23,79,47.04,1,0.4856,1,0.643,0,0
label_imbalance-01223,label_imbalance,train,44,182,106.84,0,0.7813,3,0.7976,0,0
label_imbalance-01224,label_imbalance,val,46,770,97.28,1,0.7801,1,0.6247,0,0
label_imbalance-01225,label_imbalance,val,24,198,43.14,1,0.5576,4,0.5129,1,1
label_imbalance-01226,label_imbalance,train,71,1153,65.8,2,0.3793,2,0.6835,1,0
label_imbalance-01227,label_imbalance,train,34,35,60.68,1,0.6111,2,0.7936,0,0
label_imbalance-01228,label_imbalance,train,44,1638,42.29,1,0.5336,0,0.7584,0,0
label_imbalance-01229,label_imbalance,train,56,116,77.04,1,0.2341,2,0.8023,0,0
label_imbalance-01230,label_imbalance,val,41,105,53.51,3,0.7419,1,1.0,0,0
label_imbalance-01231,label_imbalance,val,62,1598,105.26,0,0.3787,2,0.5593,0,0
label_imbalance-01232,label_imbalance,test,30,293,136.69,0,0.3634,5,0.6692,1,0
label_imbalance-01233,label_imbalance,test,24,289,123.29,0,0.5989,4,0.9036,0,0
label_imbalance-01234,label_imbalance,train,64,95,115.06,0,0.5063,4,0.7123,0,0
label_imbalance-01235,label_imbalance,train,31,902,79.93,1,0.9446,0,0.6226,0,0
label_imbalance-01236,label_imbalance,train,70,1360,179.71,0,0.4547,3,0.7619,0,0
label_imbalance-01237,label_imbalance,train,61,189,97.57,1,0.7701,2,0.7767,0,0
label_imbalance-01238,label_imbalance,val,41,1120,40.59,0,0.7359,1,0.6871,1,0
label_imbalance-01239,label_imbalance,train,59,1001,82.55,1,0.4862,3,0.6593,0,0
label_imbalance-01240,label_imbalance,train,44,881,78.6,0,0.4175,3,0.8479,0,0
label_imbalance-01241,label_imbalance,train,65,453,94.34,1,0.7375,3,0.8559,1,0
label_imbalance-01242,label_imbalance,train,26,64,61.96,1,0.4272,2,0.9826,0,0
label_imbalance-01243,label_imbalance,train,65,117,119.31,0,0.4817,2,0.7991,0,0
label_imbalance-01244,label_imbalance,train,26,33,15.0,2,0.495,3,0.9639,1,0
label_imbalance-01245,label_imbalance,train,25,677,178.03,2,0.789,1,0.8536,1,0
label_imbalance-01246,label_imbalance,train,26,315,121.97,1,0.5742,2,0.7249,0,1
label_imbalance-01247,label_imbalance,train,19,247,71.51,2,0.4034,4,1.0,0,0
label_imbalance-01248,label_imbalance,train,70,533,107.38,0,0.6728,5,0.8142,1,0
label_imbalance-01249,label_imbalance,train,53,143,78.05,1,0.9449,1,0.7538,0,0
label_imbalance-01250,label_imbalance,train,31,311,48.4,1,0.6478,2,0.7242,0,0
label_imbalance-01251,label_imbalance,train,18,113,79.69,1,0.4718,2,1.0,1,0
label_imbalance-01252,label_imbalance,train,35,104,29.35,2,0.6725,4,0.5743,0,0
label_imbalance-01253,label_imbalance,train,48,44,56.92,2,0.6013,2,0.6927,0,0
label_imbalance-01254,label_imbalance,train,72,859,53.49,0,0.7294,0,0.8471,0,0
label_imbalance-01255,label_imbalance,train,69,1400,170.48,0,0.299,2,0.6397,1,0
label_imbalance-01256,label_imbalance,train,39,662,61.61,1,0.4256,1,0.9994,0,0
label_imbalance-01257,label_imbalance,train,63,111,87.96,1,0.6296,3,0.7767,1,0
label_imbalance-01258,label_imbalance,train,33,34,96.13,0,0.4757,2,0.8367,0,0
label_imbalance-01259,label_imbalance,train,59,2,58.61,1,0.4824,0,0.6144,1,0
label_imbalance-01260,label_imbalance,train,19,606,35.48,2,0.7288,1,0.8386,0,0
label_imbalance-01261,label_imbalance,train,55,232,64.07,1,0.4507,1,0.8765,0,0
label_imbalance-01262,label_imbalance,train,71,1153,65.8,2,0.3793,2,0.6835,1,0
label_imbalance-01263,label_imbalance,train,29,287,100.13,2,0.7408,1,0.8739,0,0
label_imbalance-01264,label_imbalance,val,70,11,54.83,1,0.787,5,0.6205,0,0
label_imbalance-01265,label_imbalance,test,65,607,82.86,1,0.6053,5,0.6288,0,0
label_imbalance-01266,label_imbalance,test,70,495,67.21,0,0.5681,2,0.6016,0,0
label_imbalance-01267,label_imbalance,train,44,2102,116.25,0,0.7892,2,0.6361,0,0
label_imbalance-01268,label_imbalance,train,30,416,110.38,2,0.5421,2,0.6967,0,0
label_imbalance-01269,label_imbalance,train,36,673,74.79,1,0.5051,3,0.785,0,0
label_imbalance-01270,label_imbalance,train,38,874,63.51,1,0.1979,4,0.7982,0,0
label_imbalance-01271,label_imbalance,train,50,183,91.57,1,0.741,4,0.613,0,0
label_imbalance-01272,label_imbalance,val,66,208,109.69,3,0.5237,6,0.7368,0,0
label_imbalance-01273,label_imbalance,train,56,20,111.43,0,0.5524,1,0.868,0,0
label_imbalance-01274,label_imbalance,train,44,351,39.5,2,0.8338,2,0.6664,0,0
label_imbalance-01275,label_imbalance,train,54,1039,52.64,2,0.5916,5,0.8416,1,0
label_imbalance-01276,label_imbalance,train,45,676,45.68,1,0.4826,2,0.8193,1,0
label_imbalance-01277,label_imbalance,train,24,267,52.35,0,0.5694,4,0.4999,0,0
label_imbalance-01278,label_imbalance,test,29,60,127.59,3,0.5709,5,0.845,0,0
label_imbalance-01279,label_imbalance,train,61,151,34.1,1,0.4455,1,0.6904,0,0
label_imbalance-01280,label_imbalance,train,74,793,103.72,0,0.8392,1,0.84,1,0
label_imbalance-01281,label_imbalance,train,31,425,55.91,2,0.8011,2,0.6365,1,0
label_imbalance-01282,label_imbalance,train,64,233,53.83,0,0.6704,2,1.0,0,0
label_imbalance-01283,label_imbalance,train,42,209,67.59,0,0.3229,0,0.8509,1,0
label_imbalance-01284,label_imbalance,train,46,255,110.67,3,0.7564,3,0.631,0,0
label_imbalance-01285,label_imbalance,val,39,142,90.26,1,0.7706,3,0.731,0,0
label_imbalance-01286,label_imbalance,train,46,446,136.75,2,0.4047,3,0.6871,0,0
label_imbalance-01287,label_imbalance,train,31,311,48.4,1,0.6478,2,0.7242,0,0
label_imbalance-01288,label_imbalance,train,28,151,89.8,3,0.9151,2,0.8359,1,0
label_imbalance-01289,label_imbalance,train,36,729,43.82,4,0.733,1,0.9917,0,0
label_imbalance-01290,label_imbalance,train,41,1298,98.48,0,0.5636,2,0.8083,0,0
label_imbalance-01291,label_imbalance,train,54,40,135.13,1,0.6959,4,1.0,1,0
label_imbalance-01292,label_imbalance,train,63,398,96.12,0,0.4381,1,0.8679,1,0
label_imbalance-01293,label_imbalance,train,36,65,91.57,0,0.4021,2,0.8809,1,0
label_imbalance-01294,label_imbalance,train,57,1294,92.99,1,0.6644,2,0.4361,1,0
label_imbalance-01295,label_imbalance,train,58,798,94.0,2,0.4932,1,0.7573,0,0
label_imbalance-01296,label_imbalance,train,70,187,45.31,2,0.5172,0,0.9574,0,0
label_imbalance-01297,label_imbalance,test,64,792,78.34,2,0.3634,3,0.7427,0,0
label_imbalance-01298,label_imbalance,val,70,1008,73.2,0,0.4511,1,0.7487,0,0
label_imbalance-01299,label_imbalance,train,47,622,107.76,0,0.4951,0,0.8386,1,0
label_imbalance-01300,label_imbalance,test,48,544,38.22,1,0.3439,4,0.9717,1,0
label_imbalance-01301,label_imbalance,train,50,175,99.04,1,0.657,2,0.8472,0,0
label_imbalance-01302,label_imbalance,train,65,440,66.94,2,0.3977,6,0.8,0,0
label_imbalance-01303,label_imbalance,train,69,364,111.31,1,0.4368,2,0.8003,0,0
label_imbalance-01304,label_imbalance,train,75,17,58.18,1,0.6849,2,0.9987,0,0
label_imbalance-01305,label_imbalance,train,65,1542,121.05,1,0.2797,2,0.7406,1,0
label_imbalance-01306,label_imbalance,train,28,28,105.71,1,0.4431,1,0.701,0,0
label_imbalance-01307,label_imbalance,train,63,237,31.51,0,0.4408,2,0.4292,0,0
label_imbalance-01308,label_imbalance,train,31,1296,74.31,2,0.7537,2,0.7406,1,0
label_imbalance-01309,label_imbalance,val,20,330,109.11,0,0.2109,2,0.8136,0,0
label_imbalance-01310,label_imbalance,train,60,434,90.7,1,0.2852,1,0.4805,0,0
label_imbalance-01311,label_imbalance,test,69,188,34.24,2,0.7373,2,0.6957,0,0
label_imbalance-01312,label_imbalance,train,71,389,54.89,1,0.8555,2,0.7952,0,0
label_imbalance-01313,label_imbalance,train,68,492,123.06,1,0.6452,3,0.8453,1,0
label_imbalance-01314,label_imbalance,val,75,559,40.11,2,0.4777,1,0.4031,0,1
label_imbalance-01315,label_imbalance,train,21,353,34.86,1,0.4384,4,0.4009,0,0
label_imbalance-01316,label_imbalance,train,20,409,87.79,1,0.7137,3,0.4838,0,0
label_imbalance-01317,label_imbalance,val,58,620,48.97,1,0.5876,1,0.4712,0,0
label_imbalance-01318,label_imbalance,test,74,92,53.61,3,0.5843,4,0.8564,0,0
label_imbalance-01319,label_imbalance,train,42,83,74.08,0,0.7318,4,0.7333,1,0
label_imbalance-01320,label_imbalance,train,23,147,62.78,0,0.6992,1,0.7301,0,0
label_imbalance-01321,label_imbalance,val,36,577,145.92,0,0.4624,0,0.6153,0,0
label_imbalance-01322,label_imbalance,train,38,111,80.76,1,0.3796,2,0.898,0,0
label_imbalance-01323,label_imbalance,train,69,273,57.26,4,0.3706,4,0.6926,0,0
label_imbalance-01324,label_imbalance,train,67,799,73.6,0,0.4285,3,0.4666,0,0
label_imbalance-01325,label_imbalance,val,24,894,200.0,1,0.5797,2,0.7452,1,0
label_imbalance-01326,label_imbalance,train,39,622,69.37,2,0.9322,2,0.627,1,0
label_imbalance-01327,label_imbalance,test,63,323,76.43,1,0.5074,2,0.8264,1,0
label_imbalance-01328,label_imbalance,train,74,360,42.44,1,0.6213,4,0.6298,1,0
label_imbalance-01329,label_imbalance,test,31,527,89.43,1,0.5124,3,0.8162,1,0
label_imbalance-01330,label_imbalance,train,75,211,69.72,2,0.5535,4,0.6748,1,0
label_imbalance-01331,label_imbalance,test,66,826,81.25,4,0.2941,1,0.691,0,0
label_imbalance-01332,label_imbalance,val,25,5,51.04,1,0.7247,1,0.6161,1,0
label_imbalance-01333,label_imbalance,train,38,448,149.32,2,0.765,3,0.9288,1,0
label_imbalance-01334,label_imbalance,val,33,748,47.89,2,0.5866,0,0.8363,0,0
label_imbalance-01335,label_imbalance,train,62,172,49.55,1,0.5594,3,0.6797,1,0
label_imbalance-01336,label_imbalance,train,23,70,45.57,1,0.5362,5,0.736,0,0
label_imbalance-01337,label_imbalance,train,52,235,87.89,1,0.8185,1,0.937,0,0
label_imbalance-01338,label_imbalance,test,58,55,34.65,0,0.6173,1,0.8963,0,0
label_imbalance-01339,label_imbalance,train,46,397,95.04,0,0.3266,6,0.8583,1,0
label_imbalance-01340,label_imbalance,train,54,6,76.27,1,0.6122,1,0.7224,0,0
label_imbalance-01341,label_imbalance,train,53,302,56.23,2,0.5741,2,0.6701,0,0
label_imbalance-01342,label_imbalance,train,19,247,71.51,2,0.4034,4,1.0,0,0
label_imbalance-01343,label_imbalance,train,53,565,54.15,0,0.5271,1,0.6629,0,0
label_imbalance-01344,label_imbalance,train,34,410,49.44,1,0.4413,1,0.6634,0,0
label_imbalance-01345,label_imbalance,val,57,609,98.22,1,0.7884,2,0.7339,1,0
label_imbalance-01346,label_imbalance,train,51,457,66.86,0,0.8807,2,0.7551,0,0
label_imbalance-01347,label_imbalance,train,35,88,101.13,1,0.9451,0,0.8173,0,0
label_imbalance-01348,label_imbalance,train,38,524,64.49,2,0.8128,2,0.5705,0,0
label_imbalance-01349,label_imbalance,train,38,919,68.42,2,0.6611,0,0.8024,0,0
label_imbalance-01350,label_imbalance,train,73,341,62.54,1,0.2011,4,0.6436,0,0
label_imbalance-01351,label_imbalance,train,63,2,43.3,2,0.6058,2,1.0,0,0
label_imbalance-01352,label_imbalance,val,72,173,29.83,1,0.6151,2,0.5375,0,0
label_imbalance-01353,label_imbalance,train,70,1360,179.71,0,0.4547,3,0.7619,0,0
label_imbalance-01354,label_imbalance,train,50,175,99.04,1,0.657,2,0.8472,0,0
label_imbalance-01355,label_imbalance,train,39,344,135.13,2,0.5108,2,0.8698,1,0
label_imbalance-01356,label_imbalance,train,20,151,47.14,0,0.4114,0,0.7166,1,0
label_imbalance-01357,label_imbalance,test,44,110,67.76,0,0.7442,3,0.8424,1,0
label_imbalance-01358,label_imbalance,train,57,1294,92.99,1,0.6644,2,0.4361,1,0
label_imbalance-01359,label_imbalance,train,43,682,59.41,1,0.7093,3,0.8413,0,0
label_imbalance-01360,label_imbalance,train,71,416,144.5,0,0.5988,3,0.7971,0,0
label_imbalance-01361,label_imbalance,train,39,740,58.82,0,0.5719,3,0.8231,0,0
label_imbalance-01362,label_imbalance,train,19,418,103.94,1,0.3219,4,0.7568,0,0
label_imbalance-01363,label_imbalance,train,47,434,33.31,3,0.3684,3,0.8155,1,0
label_imbalance-01364,label_imbalance,train,27,1478,88.15,0,0.7218,4,0.6463,0,0
label_imbalance-01365,label_imbalance,train,36,65,91.57,0,0.4021,2,0.8809,1,0
label_imbalance-01366,label_imbalance,train,33,13,70.81,1,0.617,2,1.0,0,0
label_imbalance-01367,label_imbalance,train,63,75,25.46,0,0.4517,1,0.8946,0,0
label_imbalance-01368,label_imbalance,test,71,1153,65.8,2,0.3793,2,0.6835,1,0
label_imbalance-01369,label_imbalance,train,50,1007,40.2,0,0.4045,3,0.6143,1,0
label_imbalance-01370,label_imbalance,train,75,97,120.19,1,0.6977,3,0.7342,0,0
label_imbalance-01371,label_imbalance,val,44,270,58.1,0,0.2806,1,0.8707,0,0
label_imbalance-01372,label_imbalance,test,35,258,139.23,1,0.5737,2,0.7981,0,0
label_imbalance-01373,label_imbalance,train,45,512,54.66,2,0.7203,3,0.5802,0,0
label_imbalance-01374,label_imbalance,train,60,208,80.07,2,0.4615,5,0.6101,0,0
label_imbalance-01375,label_imbalance,train,24,27,98.62,1,0.7455,1,0.6804,1,1
label_imbalance-01376,label_imbalance,train,25,5,51.04,1,0.7247,1,0.6161,1,0
label_imbalance-01377,label_imbalance,test,21,876,66.93,3,0.7804,10,0.647,1,0
label_imbalance-01378,label_imbalance,train,61,85,82.01,0,0.8618,0,0.7195,0,0
label_imbalance-01379,label_imbalance,train,63,398,96.12,0,0.4381,1,0.8679,1,0
label_imbalance-01380,label_imbalance,train,45,569,122.46,1,0.4067,2,0.864,0,0
label_imbalance-01381,label_imbalance,val,30,690,47.99,1,0.6325,2,0.7616,1,0
label_imbalance-01382,label_imbalance,train,30,989,50.16,0,0.7417,1,0.884,1,0
label_imbalance-01383,label_imbalance,train,65,101,71.6,1,0.5219,4,0.6608,1,0
label_imbalance-01384,label_imbalance,val,59,156,71.78,2,0.3745,2,0.7829,0,0
label_imbalance-01385,label_imbalance,train,69,188,34.24,2,0.7373,2,0.6957,0,0
label_imbalance-01386,label_imbalance,train,38,874,63.51,1,0.1979,4,0.7982,0,0
label_imbalance-01387,label_imbalance,train,58,2183,70.72,2,0.6809,3,0.9021,1,0
label_imbalance-01388,label_imbalance,train,33,781,46.55,0,0.6731,0,0.851,1,0
label_imbalance-01389,label_imbalance,train,28,24,67.73,1,0.8552,0,0.7221,0,0
label_imbalance-01390,label_imbalance,train,29,2600,104.91,1,0.7708,5,0.6066,0,0
label_imbalance-01391,label_imbalance,train,47,83,54.12,2,0.8666,2,0.8807,0,0
label_imbalance-01392,label_imbalance,train,65,63,57.94,2,0.0976,0,0.7288,1,1
label_imbalance-01393,label_imbalance,train,28,571,71.47,1,0.7208,3,0.5867,1,0
label_imbalance-01394,label_imbalance,train,74,1651,66.29,2,0.6475,1,0.7071,0,0
label_imbalance-01395,label_imbalance,test,29,92,67.27,1,0.6492,2,0.764,0,0
label_imbalance-01396,label_imbalance,train,36,164,84.93,2,1.0,3,0.6087,0,0
label_imbalance-01397,label_imbalance,train,75,134,85.06,0,0.7059,2,1.0,0,0
label_imbalance-01398,label_imbalance,train,58,395,44.92,1,0.4702,1,0.7228,0,0
label_imbalance-01399,label_imbalance,train,20,419,58.79,1,0.4544,0,0.88,1,0
label_imbalance-01400,label_imbalance,train,45,895,102.17,1,0.6637,1,0.6808,1,0
label_imbalance-01401,label_imbalance,train,68,255,82.11,2,0.536,1,0.7272,0,0
label_imbalance-01402,label_imbalance,train,30,268,93.83,0,0.3795,2,0.8666,0,0
label_imbalance-01403,label_imbalance,test,47,1132,168.05,3,0.683,3,0.6762,0,0
label_imbalance-01404,label_imbalance,test,40,318,51.22,1,0.4393,5,0.6896,0,0
label_imbalance-01405,label_imbalance,train,18,553,78.96,0,0.7029,1,0.8111,1,0
label_imbalance-01406,label_imbalance,train,63,1134,102.97,1,0.3812,6,0.87,1,0
label_imbalance-01407,label_imbalance,train,55,205,63.95,0,0.9435,1,0.8375,1,0
label_imbalance-01408,label_imbalance,train,71,426,76.0,0,0.7146,1,0.6089,1,0
label_imbalance-01409,label_imbalance,test,52,413,69.52,0,0.6692,0,0.7615,0,0
label_imbalance-01410,label_imbalance,train,51,362,57.09,1,0.3986,1,0.7048,0,0
label_imbalance-01411,label_imbalance,train,46,790,93.71,0,0.6978,0,0.7049,0,0
label_imbalance-01412,label_imbalance,train,74,913,62.59,0,0.5095,0,0.7454,0,0
label_imbalance-01413,label_imbalance,test,60,602,78.49,0,0.7256,1,0.4651,0,0
label_imbalance-01414,label_imbalance,train,69,273,57.26,4,0.3706,4,0.6926,0,0
label_imbalance-01415,label_imbalance,train,53,143,78.05,1,0.9449,1,0.7538,0,0
label_imbalance-01416,label_imbalance,train,19,657,93.01,1,0.6412,4,0.8063,0,0
label_imbalance-01417,label_imbalance,train,50,318,56.77,1,0.2294,8,0.4845,0,0
label_imbalance-01418,label_imbalance,train,49,941,114.27,0,0.5227,2,0.4294,0,0
label_imbalance-01419,label_imbalance,train,39,1884,89.92,0,1.0,0,0.7559,1,0
label_imbalance-01420,label_imbalance,train,57,1294,92.99,1,0.6644,2,0.4361,1,0
label_imbalance-01421,label_imbalance,train,60,46,89.09,1,0.3413,3,0.6727,1,0
label_imbalance-01422,label_imbalance,train,23,385,161.77,0,0.4465,3,1.0,1,0
label_imbalance-01423,label_imbalance,train,72,269,110.79,1,0.503,3,1.0,0,0
label_imbalance-01424,label_imbalance,train,65,944,112.93,0,0.7401,1,0.8529,0,0
label_imbalance-01425,label_imbalance,train,33,325,99.39,0,0.3546,3,0.7063,1,0
label_imbalance-01426,label_imbalance,val,51,429,62.62,0,0.7125,1,0.7271,1,0
label_imbalance-01427,label_imbalance,train,31,868,27.1,0,0.4169,2,0.7841,0,0
label_imbalance-01428,label_imbalance,train,37,50,115.71,0,0.6365,4,0.6434,0,0
label_imbalance-01429,label_imbalance,train,65,439,80.04,2,0.8187,4,0.7704,0,0
label_imbalance-01430,label_imbalance,train,51,107,93.19,0,0.6085,4,0.5672,0,0
label_imbalance-01431,label_imbalance,train,55,273,88.56,1,0.8268,2,0.6876,0,0
label_imbalance-01432,label_imbalance,test,41,69,79.01,2,0.8641,2,0.9566,1,0
label_imbalance-01433,label_imbalance,train,56,116,77.04,1,0.2341,2,0.8023,0,0
label_imbalance-01434,label_imbalance,train,35,838,101.9,0,0.3542,2,0.8309,0,0
label_imbalance-01435,label_imbalance,train,47,14,18.03,0,0.5218,1,0.6753,0,0
label_imbalance-01436,label_imbalance,test,49,797,54.94,2,0.2562,0,0.9147,0,0
label_imbalance-01437,label_imbalance,val,74,29,151.19,2,0.8563,1,0.665,0,1
label_imbalance-01438,label_imbalance,train,47,395,57.99,0,0.2576,1,0.9369,1,0
label_imbalance-01439,label_imbalance,train,23,1409,103.06,0,0.4744,4,0.8899,1,0
label_imbalance-01440,label_imbalance,test,71,521,81.01,2,0.7084,5,0.7612,0,0
label_imbalance-01441,label_imbalance,train,26,252,75.83,1,0.3658,3,0.7258,0,0
label_imbalance-01442,label_imbalance,test,54,1341,81.95,2,0.7572,3,0.494,0,0
label_imbalance-01443,label_imbalance,val,32,122,36.02,3,0.9003,1,0.8937,1,0
label_imbalance-01444,label_imbalance,val,62,172,49.55,1,0.5594,3,0.6797,1,0
label_imbalance-01445,label_imbalance,train,73,226,108.8,0,0.3715,2,0.7525,1,0
label_imbalance-01446,label_imbalance,train,45,1313,75.01,3,0.5159,4,0.8161,0,0
label_imbalance-01447,label_imbalance,train,60,602,78.49,0,0.7256,1,0.4651,0,0
label_imbalance-01448,label_imbalance,test,37,475,49.79,0,0.3836,6,0.8475,1,0
label_imbalance-01449,label_imbalance,train,58,768,40.76,3,0.6493,2,0.6752,0,0
label_imbalance-01450,label_imbalance,test,30,416,110.38,2,0.5421,2,0.6967,0,0
label_imbalance-01451,label_imbalance,test,62,385,71.68,3,0.5967,3,0.6424,0,0
label_imbalance-01452,label_imbalance,train,19,330,84.86,1,0.9014,2,0.863,1,0
label_imbalance-01453,label_imbalance,train,23,297,68.32,0,0.7082,2,0.492,0,0
label_imbalance-01454,label_imbalance,test,19,325,126.88,0,0.5553,9,0.4674,1,0
label_imbalance-01455,label_imbalance,train,31,425,55.91,2,0.8011,2,0.6365,1,0
label_imbalance-01456,label_imbalance,test,18,1567,89.27,3,0.856,7,0.7068,0,0
label_imbalance-01457,label_imbalance,train,22,59,42.34,2,0.4382,0,0.6996,1,0
label_imbalance-01458,label_imbalance,val,60,602,78.49,0,0.7256,1,0.4651,0,0
label_imbalance-01459,label_imbalance,val,22,387,95.28,2,0.6593,1,0.8845,0,0
label_imbalance-01460,label_imbalance,train,74,1654,129.52,2,0.1619,2,0.5577,1,0
label_imbalance-01461,label_imbalance,train,67,1103,22.54,1,0.4625,1,0.8724,0,0
label_imbalance-01462,label_imbalance,train,64,22,42.96,0,0.6297,2,0.7781,0,0
label_imbalance-01463,label_imbalance,train,59,2,58.61,1,0.4824,0,0.6144,1,0
label_imbalance-01464,label_imbalance,train,46,464,21.08,1,0.5544,2,0.665,0,0
label_imbalance-01465,label_imbalance,train,37,475,49.79,0,0.3836,6,0.8475,1,0
label_imbalance-01466,label_imbalance,test,42,229,69.6,1,0.8079,2,0.7132,1,0
label_imbalance-01467,label_imbalance,train,38,320,66.56,2,0.6602,4,0.7254,1,0
label_imbalance-01468,label_imbalance,val,62,1106,56.45,1,0.8484,1,0.4012,0,0
label_imbalance-01469,label_imbalance,train,38,232,105.61,1,0.5869,2,0.822,0,0
label_imbalance-01470,label_imbalance,test,69,6,53.13,0,0.458,2,0.7648,0,0
label_imbalance-01471,label_imbalance,train,30,227,50.77,0,0.5585,3,0.8985,0,0
label_imbalance-01472,label_imbalance,val,19,325,126.88,0,0.5553,9,0.4674,1,0
label_imbalance-01473,label_imbalance,val,71,1133,31.37,3,0.7461,3,0.8287,1,0
label_imbalance-01474,label_imbalance,train,64,669,43.36,3,0.6313,3,0.7295,1,0
label_imbalance-01475,label_imbalance,val,44,351,39.5,2,0.8338,2,0.6664,0,0
label_imbalance-01476,label_imbalance,test,20,250,85.48,0,0.5406,1,0.6238,0,0
label_imbalance-01477,label_imbalance,train,68,331,95.73,1,0.6148,2,0.6787,0,0
label_imbalance-01478,label_imbalance,train,51,457,66.86,0,0.8807,2,0.7551,0,0
label_imbalance-01479,label_imbalance,test,27,19,44.94,0,0.3355,2,0.5908,0,0
label_imbalance-01480,label_imbalance,train,55,424,123.36,0,0.4877,3,0.6756,1,0
label_imbalance-01481,label_imbalance,train,35,191,65.48,2,0.3816,4,0.7966,0,0
label_imbalance-01482,label_imbalance,train,68,748,91.05,0,0.389,1,0.8986,0,0
label_imbalance-01483,label_imbalance,test,27,752,111.1,3,0.415,3,0.6591,0,0
label_imbalance-01484,label_imbalance,train,48,924,126.51,2,0.5262,2,0.7841,0,0
label_imbalance-01485,label_imbalance,train,41,873,59.68,2,0.4463,3,0.9756,0,0
label_imbalance-01486,label_imbalance,train,46,419,51.89,2,0.8973,0,0.8164,0,0
label_imbalance-01487,label_imbalance,val,24,894,200.0,1,0.5797,2,0.7452,1,0
label_imbalance-01488,label_imbalance,train,48,523,101.33,0,0.7377,5,1.0,0,0
label_imbalance-01489,label_imbalance,train,60,46,106.98,0,0.9036,2,0.6816,0,0
label_imbalance-01490,label_imbalance,train,58,273,87.15,2,0.0,4,0.755,1,0
label_imbalance-01491,label_imbalance,train,54,236,86.47,1,0.5586,3,0.9318,1,0
label_imbalance-01492,label_imbalance,train,72,872,56.0,4,0.6144,2,0.8034,0,0
label_imbalance-01493,label_imbalance,train,27,752,111.1,3,0.415,3,0.6591,0,0
label_imbalance-01494,label_imbalance,val,63,1555,129.19,1,0.477,3,0.7291,0,0
label_imbalance-01495,label_imbalance,train,56,186,78.88,0,0.5886,3,0.8523,0,0
label_imbalance-01496,label_imbalance,train,57,126,103.28,1,0.6297,0,0.9082,0,0
label_imbalance-01497,label_imbalance,train,46,68,99.67,2,0.536,1,0.6705,0,0
label_imbalance-01498,label_imbalance,test,56,186,78.88,0,0.5886,3,0.8523,0,0
label_imbalance-01499,label_imbalance,train,52,114,74.8,1,0.5394,1,0.7417,1,0
label_imbalance-01500,label_imbalance,train,59,1001,82.55,1,0.4862,3,0.6593,0,0
regression-00001,regression,train,47,254,84.55,0,0.6852,1,0.8598,1,0
regression-00002,regression,train,70,17,64.92,2,0.6017,4,0.6707,1,0
regression-00003,regression,train,30,625,79.59,2,0.7365,2,0.8513,0,0
regression-00004,regression,train,22,235,104.89,4,0.3652,1,0.9282,1,0
regression-00005,regression,train,49,223,99.57,2,0.6048,6,0.7575,0,1
regression-00006,regression,train,33,1533,42.67,1,0.4382,2,0.8863,0,0
regression-00007,regression,train,32,738,118.51,1,0.3723,2,0.99,0,0
regression-00008,regression,test,54,107,90.23,3,0.8974,3,0.6353,0,1
regression-00009,regression,train,25,107,15.0,0,0.2627,0,0.8047,1,1
regression-00010,regression,train,72,649,49.12,0,0.357,2,0.7312,0,0
regression-00011,regression,val,64,1476,36.36,5,0.5101,3,0.8286,0,0
regression-00012,regression,train,22,197,132.17,1,0.7566,2,0.5313,1,1
regression-00013,regression,train,62,836,32.77,2,0.7917,1,0.4434,1,1
regression-00014,regression,train,54,3,69.58,0,0.7579,1,0.3825,0,1
regression-00015,regression,train,64,572,141.68,0,0.6121,2,0.6496,0,0
regression-00016,regression,val,62,6,78.28,0,0.2715,0,0.8058,1,1
regression-00017,regression,train,31,106,86.3,1,0.0912,0,0.4346,0,0
regression-00018,regression,train,47,548,88.01,3,0.7186,1,0.647,0,0
regression-00019,regression,val,44,224,79.89,0,0.3118,4,0.5845,0,1
regression-00020,regression,train,61,1097,98.89,1,0.8699,4,0.7207,1,0
regression-00021,regression,train,60,396,64.84,1,0.4938,2,0.6537,1,0
regression-00022,regression,train,69,144,34.31,0,0.6841,1,0.7106,0,0
regression-00023,regression,train,51,706,53.8,1,0.602,1,0.8357,1,0
regression-00024,regression,train,46,476,37.81,3,0.505,0,0.5572,0,1
regression-00025,regression,val,47,137,132.64,0,0.2284,2,0.7046,0,1
regression-00026,regression,val,64,905,114.98,1,0.3436,3,0.7851,0,0
regression-00027,regression,train,62,725,95.62,1,0.7612,4,0.6318,1,0
regression-00028,regression,train,21,381,101.33,0,0.7039,1,0.599,0,0
regression-00029,regression,train,54,204,75.56,3,0.2918,0,0.4939,0,0
regression-00030,regression,train,60,392,163.18,1,0.9722,3,0.8829,1,0
regression-00031,regression,test,27,645,36.63,1,0.6063,0,0.7976,0,0
regression-00032,regression,train,62,58,37.83,2,0.7955,2,0.6424,0,1
regression-00033,regression,train,63,275,55.49,4,0.626,2,0.5219,0,1
regression-00034,regression,train,21,85,52.48,0,0.5341,1,0.7716,1,0
regression-00035,regression,train,72,788,119.32,1,0.7968,2,0.7271,1,0
regression-00036,regression,train,24,20,101.14,2,0.4854,1,0.7781,1,0
regression-00037,regression,test,32,156,54.15,2,0.5608,0,0.7557,1,0
regression-00038,regression,train,40,11,95.76,1,0.9352,2,0.7994,0,0
regression-00039,regression,train,33,105,100.37,2,0.3883,3,0.7408,1,0
regression-00040,regression,train,36,508,57.47,0,0.2875,2,0.9239,0,0
regression-00041,regression,train,68,942,105.91,5,0.5341,0,0.4457,0,1
regression-00042,regression,train,32,488,124.81,0,0.6327,2,0.6596,1,1
regression-00043,regression,train,36,161,56.13,1,0.6924,2,0.8178,0,0
regression-00044,regression,test,66,1028,69.9,4,0.8173,1,0.6261,1,0
regression-00045,regression,train,73,205,88.8,1,0.6531,4,0.8826,1,0
regression-00046,regression,train,18,139,104.76,0,0.8892,1,1.0,1,0
regression-00047,regression,train,31,1239,51.06,1,0.7515,3,0.732,1,0
regression-00048,regression,train,28,494,65.82,3,0.5321,2,0.6534,0,1
regression-00049,regression,test,37,284,111.01,4,0.6167,5,0.7462,1,1
regression-00050,regression,train,55,546,159.1,2,0.3806,4,0.8166,1,0
regression-00051,regression,test,54,656,54.56,0,0.5164,2,0.8434,0,0
regression-00052,regression,train,45,377,44.46,2,0.5762,3,0.5975,0,1
regression-00053,regression,test,18,291,111.35,1,0.4604,3,0.6434,0,1
regression-00054,regression,val,47,817,79.25,1,0.7107,2,0.6338,1,1
regression-00055,regression,test,29,127,40.31,1,0.8582,1,0.6691,0,0
regression-00056,regression,test,57,367,200.0,0,0.1971,1,0.8895,0,1
regression-00057,regression,train,36,495,107.63,0,0.5223,5,0.5279,1,1
regression-00058,regression,train,21,302,95.97,0,0.2168,3,0.7109,0,0
regression-00059,regression,train,73,146,64.16,1,0.5797,3,0.5288,0,1
regression-00060,regression,train,60,685,66.25,1,0.527,3,0.6329,0,0
regression-00061,regression,train,53,42,37.97,2,0.8246,2,0.7711,0,1
regression-00062,regression,train,55,387,69.7,3,0.5714,0,0.7297,0,1
regression-00063,regression,train,58,9,37.75,0,0.436,3,0.5539,1,1
regression-00064,regression,train,70,631,91.45,4,0.4642,4,0.6633,1,1
regression-00065,regression,test,65,752,62.53,0,0.825,2,0.9679,0,0
regression-00066,regression,val,54,384,47.47,1,0.6611,4,0.5872,1,0
regression-00067,regression,train,74,259,154.93,2,0.7521,1,0.7965,0,1
regression-00068,regression,train,75,124,112.98,1,0.8545,2,0.801,0,0
regression-00069,regression,train,66,1241,109.18,0,0.7483,2,0.8642,0,0
regression-00070,regression,test,46,187,47.58,0,0.8101,0,0.5594,0,0
regression-00071,regression,val,48,260,91.07,2,0.5374,2,0.6335,1,0
regression-00072,regression,train,59,31,99.67,1,0.6788,3,0.817,0,0
regression-00073,regression,val,27,525,21.6,3,0.6832,2,0.7783,0,0
regression-00074,regression,train,20,55,18.58,1,0.798,3,0.7205,0,0
regression-00075,regression,train,54,688,74.43,7,0.6031,3,0.7344,0,1
regression-00076,regression,train,33,16,79.4,4,0.3135,1,0.4613,0,1
regression-00077,regression,test,58,545,48.94,0,0.5893,6,0.661,0,0
regression-00078,regression,train,28,744,129.63,2,0.4824,3,0.6278,0,1
regression-00079,regression,val,62,46,74.99,2,0.2408,1,0.615,0,1
regression-00080,regression,train,49,21,118.52,2,0.5922,1,0.6816,1,1
regression-00081,regression,train,40,204,23.13,1,0.4398,2,0.4842,0,1
regression-00082,regression,val,43,414,115.38,0,0.4666,4,0.7055,0,0
regression-00083,regression,train,25,20,105.22,0,0.2326,0,0.6017,0,1
regression-00084,regression,train,29,628,45.0,0,0.7204,0,0.7326,1,0
regression-00085,regression,train,32,56,88.18,0,0.7711,3,0.8217,0,1
regression-00086,regression,train,44,985,146.71,1,0.8162,0,0.6285,1,0
regression-00087,regression,test,28,418,36.05,1,0.8044,2,0.5543,0,0
regression-00088,regression,train,25,180,73.53,1,0.2877,2,0.3744,0,1
regression-00089,regression,train,44,254,37.25,0,0.7009,3,0.7787,0,0
regression-00090,regression,train,44,12,40.68,2,0.4103,2,0.5939,0,0
regression-00091,regression,train,38,206,33.55,1,0.952,3,0.8673,1,0
regression-00092,regression,train,73,878,77.13,3,0.647,4,0.8248,0,0
regression-00093,regression,val,62,204,92.35,1,0.5331,0,0.8478,0,0
regression-00094,regression,val,47,208,33.06,1,0.8663,4,0.7236,1,0
regression-00095,regression,val,36,177,99.21,2,0.5223,2,0.9127,1,0
regression-00096,regression,train,44,876,200.0,2,0.3992,4,0.7984,0,1
regression-00097,regression,train,47,433,105.29,1,0.3375,2,0.6804,0,1
regression-00098,regression,val,46,147,153.75,2,0.892,4,0.8696,0,0
regression-00099,regression,val,69,891,120.17,1,0.378,4,0.4719,1,0
regression-00100,regression,train,32,343,47.85,0,0.0379,3,0.6658,0,1
regression-00101,regression,train,74,4,163.59,0,0.2961,0,0.7743,0,1
regression-00102,regression,train,51,141,64.01,1,0.7965,0,0.7203,1,0
regression-00103,regression,train,34,1179,72.02,2,0.5781,0,0.5138,1,0
regression-00104,regression,train,27,88,55.31,3,0.4978,1,0.5843,1,1
regression-00105,regression,train,20,378,62.57,2,0.286,3,0.5009,1,0
regression-00106,regression,train,23,802,107.51,3,0.6672,1,0.7647,1,1
regression-00107,regression,val,69,613,80.18,2,0.7915,4,0.7216,0,0
regression-00108,regression,train,46,312,86.95,0,0.5792,2,0.6585,1,0
regression-00109,regression,test,52,385,78.09,1,0.7019,0,0.6773,0,0
regression-00110,regression,train,25,344,58.6,3,0.6293,3,0.4177,1,1
regression-00111,regression,val,46,141,62.76,3,0.737,2,0.5957,0,1
regression-00112,regression,test,57,670,119.04,1,0.8362,3,0.8826,0,0
regression-00113,regression,train,46,222,34.68,0,0.4562,1,0.5139,1,0
regression-00114,regression,val,53,256,169.19,2,0.7386,1,0.592,0,1
regression-00115,regression,test,32,554,50.4,2,0.344,2,0.6127,0,1
regression-00116,regression,train,45,621,69.87,0,0.6824,1,0.803,0,0
regression-00117,regression,train,37,867,42.24,0,0.2845,3,0.6616,1,0
regression-00118,regression,train,29,244,159.81,1,0.2154,3,0.7609,0,0
regression-00119,regression,test,71,180,90.43,1,0.7707,3,0.5926,1,0
regression-00120,regression,train,41,302,77.03,3,0.7816,2,0.5302,0,1
regression-00121,regression,val,31,299,38.11,0,0.9511,2,0.7887,1,0
regression-00122,regression,train,72,457,55.6,1,0.4589,1,0.4343,1,1
regression-00123,regression,train,40,87,51.54,2,0.6323,3,0.2923,0,1
regression-00124,regression,train,57,848,84.56,5,0.5637,4,1.0,0,0
regression-00125,regression,train,68,1355,144.11,0,0.4041,1,0.8278,0,0
regression-00126,regression,train,65,573,113.44,2,0.1387,2,0.8563,0,0
regression-00127,regression,test,56,79,61.66,2,0.5631,2,0.4858,0,1
regression-00128,regression,test,26,627,66.35,1,0.5675,0,0.8506,0,0
regression-00129,regression,train,75,386,66.86,1,0.5703,4,0.8731,0,0
regression-00130,regression,test,74,500,103.79,0,0.5174,2,0.6947,0,0
regression-00131,regression,train,55,1110,75.23,3,0.5134,5,0.6997,1,1
regression-00132,regression,train,38,426,64.65,7,0.5445,3,0.8802,0,1
regression-00133,regression,train,22,897,58.53,1,0.9326,1,0.668,0,0
regression-00134,regression,val,39,252,93.45,1,0.1783,1,0.9922,0,0
regression-00135,regression,val,57,24,69.73,2,0.4986,3,1.0,0,0
regression-00136,regression,train,39,590,78.67,0,0.7789,2,0.7204,1,0
regression-00137,regression,val,35,673,75.71,2,0.841,0,0.596,0,0
regression-00138,regression,train,23,191,80.93,1,0.0827,3,0.7381,1,1
regression-00139,regression,train,55,90,54.53,2,0.5123,0,0.713,0,1
regression-00140,regression,train,61,284,63.62,2,0.3408,5,0.4966,0,0
regression-00141,regression,train,60,812,82.91,2,0.9696,2,0.748,1,0
regression-00142,regression,train,33,214,105.28,1,0.6138,5,0.9993,0,0
regression-00143,regression,test,67,129,77.46,2,0.9684,4,1.0,1,0
regression-00144,regression,val,46,378,82.22,1,0.6297,5,0.9033,1,0
regression-00145,regression,train,38,98,97.4,1,0.5651,1,0.5331,0,1
regression-00146,regression,train,71,131,76.51,0,0.4479,0,0.3734,0,1
regression-00147,regression,test,49,99,82.78,1,0.6309,5,0.7041,0,0
regression-00148,regression,train,53,517,70.57,0,0.59,1,0.6179,0,0
regression-00149,regression,train,48,429,124.54,1,0.3709,6,0.8207,1,0
regression-00150,regression,train,70,409,71.68,2,0.7263,3,0.6401,0,0
regression-00151,regression,train,45,1150,122.94,2,0.4776,0,0.5938,1,1
regression-00152,regression,train,29,721,41.2,0,0.9181,2,0.4748,0,0
regression-00153,regression,train,25,263,47.1,3,0.5494,3,0.8077,0,0
regression-00154,regression,val,42,220,117.6,3,0.3771,1,0.7125,1,1
regression-00155,regression,train,63,360,62.37,3,0.2971,3,0.7233,1,0
regression-00156,regression,test,57,373,80.85,1,0.728,5,0.7364,0,0
regression-00157,regression,val,25,280,115.23,2,0.3279,6,0.7009,0,1
regression-00158,regression,test,37,983,47.43,2,0.4799,2,0.5351,1,1
regression-00159,regression,train,56,460,144.5,0,0.9821,1,0.3538,0,1
regression-00160,regression,test,48,12,98.51,0,0.5728,0,0.5409,0,0
regression-00161,regression,test,52,842,120.13,0,0.6597,4,0.6323,0,0
regression-00162,regression,train,23,179,68.54,1,0.7458,0,0.6094,0,1
regression-00163,regression,train,35,437,132.55,0,0.6162,3,0.8045,0,0
regression-00164,regression,train,53,91,82.82,2,0.6144,4,0.4427,0,1
regression-00165,regression,train,25,653,34.51,2,0.6613,1,0.8696,0,0
regression-00166,regression,train,44,173,68.17,1,0.5615,0,0.7221,1,0
regression-00167,regression,test,37,178,47.09,2,0.6211,4,0.6952,0,0
regression-00168,regression,val,70,201,69.67,0,1.0,1,0.6916,1,0
regression-00169,regression,test,75,100,66.07,1,0.4792,2,0.7818,0,0
regression-00170,regression,train,40,108,70.43,2,0.548,2,0.7377,0,1
regression-00171,regression,train,40,43,94.06,2,0.2895,2,0.5745,0,0
regression-00172,regression,val,48,159,65.0,0,0.6633,2,0.4948,1,1
regression-00173,regression,train,30,961,133.91,0,0.5163,1,0.675,1,0
regression-00174,regression,train,54,541,17.0,2,0.4401,2,0.7244,1,0
regression-00175,regression,val,67,216,125.33,2,0.4515,1,0.5881,0,1
regression-00176,regression,train,58,34,53.97,1,0.358,2,0.5761,1,1
regression-00177,regression,train,58,11,165.57,3,0.6537,0,0.528,0,1
regression-00178,regression,train,37,1200,123.52,0,0.2963,2,0.9846,0,0
regression-00179,regression,train,52,444,79.37,1,0.4269,4,0.5713,0,0
regression-00180,regression,train,52,536,44.48,2,0.3541,4,0.8363,0,0
regression-00181,regression,train,59,66,149.52,0,0.0308,5,0.3436,0,1
regression-00182,regression,train,34,856,116.72,1,0.353,1,0.5149,0,1
regression-00183,regression,val,19,165,48.46,1,0.3896,2,0.8559,1,0
regression-00184,regression,val,19,90,200.0,1,0.6718,2,0.7256,0,1
regression-00185,regression,train,73,38,71.82,1,0.9266,0,0.7422,0,0
regression-00186,regression,train,71,3,89.3,0,0.6274,2,0.5777,0,1
regression-00187,regression,train,48,96,55.22,1,0.4807,4,0.4924,0,1
regression-00188,regression,train,63,556,94.88,1,0.3487,2,0.859,0,1
regression-00189,regression,test,38,442,51.04,0,0.3882,3,0.6394,0,1
regression-00190,regression,train,37,28,101.41,3,0.2448,2,0.6452,1,1
regression-00191,regression,train,25,6,86.15,6,0.5231,2,0.7485,0,1
regression-00192,regression,train,18,73,85.94,1,0.6706,0,0.7372,0,0
regression-00193,regression,train,28,482,61.32,4,0.5792,0,0.487,1,1
regression-00194,regression,train,48,411,117.55,3,0.6695,2,0.5321,1,1
regression-00195,regression,train,55,57,58.23,2,0.6532,0,0.5946,0,1
regression-00196,regression,test,43,394,63.97,0,0.3014,1,0.4249,1,1
regression-00197,regression,val,42,50,67.67,1,0.2879,1,0.5895,1,1
regression-00198,regression,train,51,573,47.58,2,0.6004,2,1.0,0,0
regression-00199,regression,val,34,233,106.24,3,0.1525,1,0.6039,1,1
regression-00200,regression,train,38,585,48.12,2,0.5916,0,0.3437,1,0
regression-00201,regression,train,43,20,102.51,1,0.1574,3,0.8797,1,0
regression-00202,regression,train,60,42,112.08,4,0.6483,2,0.6621,1,1
regression-00203,regression,train,20,801,96.78,0,0.7123,0,0.7921,0,1
regression-00204,regression,val,57,113,109.49,1,0.6164,0,0.7497,0,1
regression-00205,regression,train,44,402,35.42,3,0.5395,1,0.8545,1,0
regression-00206,regression,val,47,134,77.64,3,0.5693,0,0.8563,0,1
regression-00207,regression,train,57,353,79.1,1,0.5947,3,0.3432,0,1
regression-00208,regression,test,29,151,135.82,5,0.3014,3,0.638,1,1
regression-00209,regression,train,43,305,59.85,1,0.4891,3,0.68,1,0
regression-00210,regression,train,20,66,74.01,0,0.5058,1,0.5814,1,1
regression-00211,regression,test,67,1351,70.03,5,0.4276,2,0.646,0,0
regression-00212,regression,train,39,570,200.0,0,0.6616,3,0.5415,0,1
regression-00213,regression,train,62,33,118.47,2,0.5212,2,0.8986,0,1
regression-00214,regression,val,68,395,103.67,4,0.7152,2,0.8429,1,0
regression-00215,regression,train,51,66,150.66,1,0.4873,0,0.8366,0,0
regression-00216,regression,test,41,241,68.17,1,0.4369,0,0.5412,1,1
regression-00217,regression,train,31,178,34.12,1,0.6389,1,0.8138,1,0
regression-00218,regression,val,36,694,71.78,1,0.0803,1,0.8486,1,0
regression-00219,regression,train,24,165,72.45,2,0.5649,1,0.6182,1,1
regression-00220,regression,train,42,9,47.66,0,0.5216,2,0.941,0,0
regression-00221,regression,val,52,27,72.91,3,0.4699,0,0.7109,0,1
regression-00222,regression,train,51,85,74.72,0,0.37,1,0.4851,0,1
regression-00223,regression,train,75,636,97.42,2,0.8877,1,0.4875,0,0
regression-00224,regression,train,31,663,93.36,0,0.5681,1,0.5884,0,1
regression-00225,regression,train,25,98,126.94,1,0.4762,2,0.5806,0,1
regression-00226,regression,train,61,888,61.29,2,0.3017,2,0.6864,0,0
regression-00227,regression,train,44,121,62.81,2,0.3157,0,0.7867,1,1
regression-00228,regression,train,18,496,86.94,3,0.6941,1,0.8657,0,0
regression-00229,regression,val,75,422,68.82,4,0.6993,3,0.5044,0,0
regression-00230,regression,train,68,2100,63.52,3,0.4329,2,0.878,1,0
regression-00231,regression,train,58,699,83.86,1,0.6105,1,0.7034,1,0
regression-00232,regression,train,21,139,54.56,0,0.2052,1,0.7487,1,0
regression-00233,regression,test,24,132,96.51,0,0.4782,2,0.6978,0,0
regression-00234,regression,train,25,69,66.17,2,0.5796,0,0.7767,1,1
regression-00235,regression,train,62,288,58.63,3,0.6017,4,0.8192,0,0
regression-00236,regression,train,43,10,30.19,2,0.6614,5,0.6395,1,1
regression-00237,regression,val,27,293,74.61,1,0.5884,2,0.8357,1,1
regression-00238,regression,train,49,256,45.37,2,0.5367,3,0.6654,0,1
regression-00239,regression,train,59,1270,80.49,1,0.4383,0,0.732,1,0
regression-00240,regression,val,45,591,98.83,1,0.5612,1,0.7642,0,1
regression-00241,regression,train,51,254,89.62,1,0.7017,2,0.6743,0,1
regression-00242,regression,test,45,75,68.96,1,0.9375,4,0.7379,1,0
regression-00243,regression,train,50,1502,94.37,1,0.6314,3,0.6614,0,0
regression-00244,regression,val,28,1772,70.97,2,0.708,1,0.6818,1,0
regression-00245,regression,test,48,330,122.64,0,0.4717,2,0.5764,1,1
regression-00246,regression,train,31,161,119.11,4,0.5128,7,0.5241,0,1
regression-00247,regression,train,66,624,41.81,2,0.5877,5,0.318,1,1
regression-00248,regression,train,51,334,50.46,3,0.5539,3,0.9356,0,0
regression-00249,regression,val,23,705,80.6,1,0.8486,0,0.6699,1,0
regression-00250,regression,train,47,276,117.15,1,0.4141,3,0.7272,0,1
regression-00251,regression,train,38,104,69.13,2,0.6213,3,0.7844,1,1
regression-00252,regression,train,58,206,99.53,1,0.2508,4,0.8974,1,0
regression-00253,regression,train,64,251,76.08,1,0.7285,2,0.6645,0,0
regression-00254,regression,train,36,137,121.09,1,0.6166,2,0.6907,0,1
regression-00255,regression,val,48,326,57.37,2,0.3071,2,0.6404,0,1
regression-00256,regression,test,28,452,112.44,1,0.6501,1,0.6719,0,0
regression-00257,regression,train,75,289,54.8,1,0.7816,3,0.5571,1,1
regression-00258,regression,train,59,895,60.78,4,0.2938,2,0.544,0,0
regression-00259,regression,train,46,211,38.07,1,1.0,1,0.5762,0,0
regression-00260,regression,test,27,454,50.65,4,0.709,3,0.5919,0,0
regression-00261,regression,train,23,251,123.16,4,0.6222,1,0.8151,0,0
regression-00262,regression,train,61,806,82.43,0,0.1968,3,0.5997,0,0
regression-00263,regression,train,33,623,65.16,3,0.4552,2,0.7588,0,0
regression-00264,regression,train,55,87,102.92,0,0.6973,3,1.0,0,0
regression-00265,regression,test,36,375,70.96,1,0.4658,2,0.5855,0,1
regression-00266,regression,train,62,189,81.64,2,0.4892,6,0.614,0,0
regression-00267,regression,val,53,268,92.98,3,0.6771,2,0.8001,1,0
regression-00268,regression,train,62,2267,72.59,1,0.4301,3,0.445,0,0
regression-00269,regression,train,22,3,74.61,5,0.6415,1,0.6666,1,1
regression-00270,regression,train,41,122,65.96,1,0.7016,3,0.5077,0,0
regression-00271,regression,train,35,324,65.41,2,0.6686,4,0.7134,0,0
regression-00272,regression,train,32,118,145.55,1,0.6567,3,0.4254,0,1
regression-00273,regression,val,40,1168,61.63,2,0.7054,0,0.7226,0,0
regression-00274,regression,train,42,259,75.0,3,0.6205,2,0.6881,1,1
regression-00275,regression,train,66,69,89.25,1,0.7261,3,0.735,1,1
regression-00276,regression,train,25,54,159.73,0,0.3397,3,0.7874,0,1
regression-00277,regression,train,74,84,42.77,0,0.5589,2,0.6284,1,0
regression-00278,regression,train,23,12,116.26,1,0.839,1,0.9527,0,0
regression-00279,regression,train,61,250,67.23,2,0.5278,3,0.8715,1,0
regression-00280,regression,train,51,21,63.88,1,0.9682,3,0.3475,0,1
regression-00281,regression,train,43,84,28.98,2,0.3712,1,0.6641,1,1
regression-00282,regression,train,27,57,96.27,2,0.5312,1,0.4327,1,1
regression-00283,regression,train,66,354,84.53,2,0.7262,1,0.9335,0,0
regression-00284,regression,train,28,839,86.25,2,0.7295,2,0.9429,0,0
regression-00285,regression,train,29,105,89.2,2,0.6483,4,0.6788,0,1
regression-00286,regression,train,30,571,58.11,1,0.4656,1,0.5148,1,1
regression-00287,regression,train,28,302,59.74,3,0.4068,1,0.5785,1,1
regression-00288,regression,train,39,661,63.65,0,0.6714,2,0.8933,0,0
regression-00289,regression,train,36,189,81.42,2,0.4073,1,0.6324,0,0
regression-00290,regression,val,74,285,52.38,1,0.5791,0,0.7807,0,0
regression-00291,regression,train,26,858,111.92,3,0.6508,1,0.845,0,0
regression-00292,regression,train,57,1,49.15,2,0.3973,2,0.4808,0,1
regression-00293,regression,train,49,115,61.33,6,0.8691,1,0.7177,1,1
regression-00294,regression,train,31,142,103.47,1,0.3503,2,0.7285,0,1
regression-00295,regression,train,34,547,161.0,1,0.3172,2,0.6514,0,1
regression-00296,regression,test,18,148,69.35,1,0.4285,1,0.6459,1,1
regression-00297,regression,test,44,227,29.58,4,0.6601,1,0.7426,0,0
regression-00298,regression,train,60,121,66.43,0,0.3684,3,0.7249,0,0
regression-00299,regression,train,71,1,50.6,0,0.4891,2,0.809,1,0
regression-00300,regression,train,22,2,48.63,2,0.5988,0,1.0,1,1
regression-00301,regression,val,62,793,70.21,0,0.6554,3,0.6387,1,0
regression-00302,regression,val,73,687,145.15,0,0.2716,1,0.8717,1,0
regression-00303,regression,val,41,623,90.46,0,0.5744,2,0.6634,1,0
regression-00304,regression,val,59,63,68.8,1,0.6218,2,0.5987,1,1
regression-00305,regression,val,26,593,52.06,1,0.5571,3,0.6949,0,0
regression-00306,regression,val,31,169,70.42,1,0.2565,2,0.9093,0,0
regression-00307,regression,train,66,368,126.63,4,0.4418,5,0.8655,0,1
regression-00308,regression,train,19,106,93.34,0,0.5231,1,0.9707,1,1
regression-00309,regression,train,49,58,74.79,1,0.8135,2,0.5779,1,1
regression-00310,regression,train,62,15,41.31,0,0.3954,5,0.5571,1,0
regression-00311,regression,val,41,579,92.58,1,1.0,2,0.5667,0,1
regression-00312,regression,train,34,209,43.73,1,0.6002,2,0.7481,0,0
regression-00313,regression,train,50,1535,138.7,2,0.5813,1,0.8742,0,0
regression-00314,regression,train,56,389,53.5,0,0.8303,1,0.7168,0,1
regression-00315,regression,val,75,36,140.62,2,0.0853,2,0.8494,0,1
regression-00316,regression,train,64,451,123.43,3,0.3072,4,0.8258,1,1
regression-00317,regression,train,48,755,174.86,1,0.6167,1,0.7037,0,1
regression-00318,regression,train,63,22,77.69,1,0.7724,0,0.7611,0,0
regression-00319,regression,test,55,747,85.13,2,0.4967,1,0.5033,1,1
regression-00320,regression,val,24,64,77.27,2,0.204,5,0.7818,1,1
regression-00321,regression,test,41,379,114.04,4,0.268,1,0.6953,0,1
regression-00322,regression,test,49,662,90.7,3,0.1523,1,0.7253,0,1
regression-00323,regression,train,19,5,147.5,2,0.7465,2,0.5788,0,1
regression-00324,regression,train,25,24,23.51,1,0.7066,1,0.7706,1,1
regression-00325,regression,train,32,704,129.08,1,0.6956,2,0.6106,0,1
regression-00326,regression,train,30,353,73.19,1,0.8898,1,0.6018,1,1
regression-00327,regression,train,50,452,72.62,3,0.7154,1,0.6588,0,0
regression-00328,regression,train,45,104,177.95,1,0.721,1,0.9109,1,0
regression-00329,regression,val,61,37,86.77,1,0.6219,3,0.8252,1,0
regression-00330,regression,train,75,86,92.03,3,0.5026,2,0.8516,1,1
regression-00331,regression,train,40,41,112.09,1,0.4213,2,0.4401,0,1
regression-00332,regression,train,38,921,97.18,5,0.2742,3,0.7434,1,1
regression-00333,regression,train,55,61,78.66,1,0.9476,3,0.7567,0,1
regression-00334,regression,val,58,345,39.0,3,1.0,2,0.6957,0,0
regression-00335,regression,train,72,72,167.56,3,0.4953,0,0.6168,0,1
regression-00336,regression,train,72,400,47.05,4,0.718,2,0.7678,1,0
regression-00337,regression,test,60,61,88.14,2,0.7436,0,0.746,0,1
regression-00338,regression,train,30,6,112.69,2,0.4428,3,0.6918,0,1
regression-00339,regression,test,53,101,113.89,3,0.7442,2,0.9705,1,0
regression-00340,regression,train,21,333,78.35,2,0.2762,3,0.2802,1,1
regression-00341,regression,train,28,928,45.68,3,0.7031,0,0.4349,0,1
regression-00342,regression,test,60,151,152.75,0,0.8094,7,0.5693,1,1
regression-00343,regression,test,56,199,87.33,3,0.233,2,0.5151,0,1
regression-00344,regression,train,52,520,63.68,0,0.5819,2,0.8093,1,0
regression-00345,regression,train,75,383,107.36,0,0.3062,0,0.7696,0,0
regression-00346,regression,test,24,207,111.21,1,0.3971,2,0.723,1,1
regression-00347,regression,test,51,64,92.18,1,0.0985,1,0.6092,1,1
regression-00348,regression,test,35,811,62.6,0,0.7783,1,0.6257,0,0
regression-00349,regression,train,75,339,81.29,1,0.8298,1,0.7651,0,1
regression-00350,regression,val,27,513,78.21,2,0.3947,1,0.5516,0,1
regression-00351,regression,val,38,24,70.89,0,0.2012,2,0.8569,1,0
regression-00352,regression,train,34,408,55.87,3,0.4582,1,0.3723,0,1
regression-00353,regression,val,53,58,136.49,1,0.7409,2,0.6648,0,1
regression-00354,regression,train,27,223,91.15,1,0.4387,1,0.7833,0,1
regression-00355,regression,train,30,70,94.33,1,0.4642,0,0.5289,1,1
regression-00356,regression,val,38,312,44.33,2,0.0319,1,0.8501,1,1
regression-00357,regression,val,36,340,68.81,0,0.263,1,0.6392,1,1
regression-00358,regression,train,50,34,96.61,4,0.6048,1,0.9222,1,1
regression-00359,regression,val,27,535,162.53,1,0.6159,1,0.4183,1,1
regression-00360,regression,train,53,498,86.85,0,0.989,0,0.5768,1,0
regression-00361,regression,test,47,395,97.48,1,0.5209,1,0.5699,0,1
regression-00362,regression,val,42,97,40.86,1,0.6867,1,0.7136,0,0
regression-00363,regression,train,30,589,65.39,1,0.6649,4,0.6797,1,0
regression-00364,regression,train,48,147,120.54,3,0.4287,1,0.8344,0,0
regression-00365,regression,test,64,397,56.0,0,0.2984,0,0.8243,1,0
regression-00366,regression,train,20,1000,111.88,0,0.3377,3,0.5027,0,1
regression-00367,regression,test,42,77,81.44,3,0.4087,4,0.6816,1,1
regression-00368,regression,test,46,943,200.0,0,0.6922,4,0.668,0,0
regression-00369,regression,train,49,70,80.8,3,0.703,1,0.7845,0,0
regression-00370,regression,train,34,678,89.86,2,0.525,3,0.5659,1,1
regression-00371,regression,test,72,467,169.05,2,0.8167,3,0.9306,1,0
regression-00372,regression,train,44,302,109.06,0,0.6168,1,0.8091,0,0
regression-00373,regression,train,45,671,57.5,0,0.7577,2,0.5723,0,0
regression-00374,regression,train,54,211,64.58,2,0.597,1,0.3368,1,1
regression-00375,regression,test,39,149,131.73,0,0.7889,1,0.7682,0,0
regression-00376,regression,train,56,281,103.38,1,0.5311,1,1.0,0,0
regression-00377,regression,val,23,567,62.5,1,0.453,2,0.3933,0,1
regression-00378,regression,test,67,167,68.11,0,0.2696,4,0.6201,0,0
regression-00379,regression,train,34,424,45.49,0,1.0,3,0.1961,1,1
regression-00380,regression,test,56,1627,122.91,0,0.7797,1,0.8426,1,0
regression-00381,regression,test,67,1429,93.3,0,0.525,2,0.4811,1,0
regression-00382,regression,val,33,92,73.24,2,0.4493,2,0.6128,0,1
regression-00383,regression,train,41,62,96.32,1,0.6333,2,0.8302,1,0
regression-00384,regression,train,40,135,107.46,2,0.7516,0,0.6693,1,1
regression-00385,regression,test,50,415,40.8,2,0.6653,2,0.5225,1,1
regression-00386,regression,train,60,477,107.6,3,0.5963,4,1.0,0,0
regression-00387,regression,train,24,1130,78.03,0,0.5973,4,0.817,0,0
regression-00388,regression,test,55,228,34.87,2,0.858,3,0.7193,1,1
regression-00389,regression,test,34,542,40.15,2,0.4265,3,0.5348,1,0
regression-00390,regression,train,68,56,58.37,1,0.4864,2,0.8558,0,0
regression-00391,regression,train,67,422,49.12,1,0.4788,3,0.7839,0,0
regression-00392,regression,train,53,317,87.61,0,0.4746,6,0.9074,0,0
regression-00393,regression,train,30,137,78.76,1,0.4544,1,0.6428,1,1
regression-00394,regression,train,73,906,51.95,3,0.5878,1,0.4736,0,0
regression-00395,regression,train,37,590,123.0,2,0.5281,2,0.5566,0,1
regression-00396,regression,train,28,162,67.22,3,0.9257,1,0.5397,0,1
regression-00397,regression,train,65,348,73.71,2,0.6023,3,0.9753,1,0
regression-00398,regression,train,22,312,58.05,1,0.6558,1,0.8358,1,1
regression-00399,regression,train,69,92,92.09,1,0.2436,4,0.663,0,0
regression-00400,regression,test,40,272,42.81,0,0.5268,1,0.834,1,0
regression-00401,regression,train,65,92,31.12,3,0.5336,2,0.9325,0,1
regression-00402,regression,train,24,85,104.13,4,0.5776,1,0.9123,1,1
regression-00403,regression,test,29,306,123.6,2,0.7541,2,0.7353,0,0
regression-00404,regression,train,20,146,106.84,2,0.6979,4,0.4493,0,1
regression-00405,regression,train,25,394,44.44,2,0.7934,3,0.7935,0,0
regression-00406,regression,train,20,434,106.37,1,0.6471,3,0.5282,0,1
regression-00407,regression,train,73,1279,144.07,0,0.7926,4,0.6607,1,0
regression-00408,regression,train,27,578,57.08,1,0.2111,0,0.7267,0,1
regression-00409,regression,train,56,133,49.65,2,0.7439,5,0.7117,0,0
regression-00410,regression,train,55,197,71.49,3,0.8711,2,0.6412,0,0
regression-00411,regression,test,24,1115,57.92,2,0.7117,3,0.8105,0,0
regression-00412,regression,train,18,1,73.44,2,0.4677,2,0.8369,0,0
regression-00413,regression,val,59,914,47.84,0,0.8216,0,0.7901,1,0
regression-00414,regression,train,72,1079,200.0,0,0.0812,1,0.7626,0,0
regression-00415,regression,train,50,278,132.45,0,0.1889,1,0.6955,0,1
regression-00416,regression,train,45,785,110.19,2,0.566,0,0.9236,0,1
regression-00417,regression,train,62,369,44.42,1,0.5329,3,0.8247,0,0
regression-00418,regression,test,36,85,33.84,3,0.1063,1,0.9372,0,0
regression-00419,regression,train,33,245,86.75,2,0.2467,2,0.6672,1,1
regression-00420,regression,train,45,300,83.14,2,0.9459,2,0.7363,0,0
regression-00421,regression,val,19,437,82.75,0,0.6293,2,0.5807,0,0
regression-00422,regression,train,30,828,75.15,1,0.5858,3,0.7236,0,0
regression-00423,regression,train,68,482,29.92,1,0.7623,6,0.582,0,0
regression-00424,regression,train,70,731,179.16,3,0.5398,2,0.3229,0,1
regression-00425,regression,val,57,828,72.12,1,0.4268,4,0.6551,0,0
regression-00426,regression,train,20,277,103.73,1,0.8215,3,0.7285,1,0
regression-00427,regression,train,36,9,127.48,1,0.3855,0,0.5105,0,1
regression-00428,regression,val,39,183,57.15,0,0.6585,6,0.5472,0,0
regression-00429,regression,test,75,35,184.57,1,0.6088,5,0.5915,0,1
regression-00430,regression,train,34,95,59.05,1,0.6411,1,0.7343,0,1
regression-00431,regression,train,29,303,104.76,1,0.472,4,0.6612,0,0
regression-00432,regression,train,20,434,56.66,2,0.861,1,0.5676,1,1
regression-00433,regression,train,30,287,68.24,4,0.7207,0,0.644,1,1
regression-00434,regression,val,37,197,62.11,3,0.8574,2,0.8298,0,0
regression-00435,regression,test,56,1005,114.58,1,0.6731,2,0.699,0,0
regression-00436,regression,train,46,426,102.06,2,0.7294,3,0.8027,0,0
regression-00437,regression,val,36,85,55.48,0,0.6861,3,1.0,0,0
regression-00438,regression,train,34,352,36.89,0,0.5976,2,0.7228,1,0
regression-00439,regression,val,61,507,165.8,3,0.56,3,0.7626,1,1
regression-00440,regression,train,68,37,37.13,0,0.7695,3,0.7384,1,0
regression-00441,regression,train,49,1350,133.59,2,0.215,2,0.72,0,0
regression-00442,regression,train,66,631,92.53,2,0.6881,2,0.9522,0,0
regression-00443,regression,train,41,282,61.74,0,0.6056,2,0.5382,0,0
regression-00444,regression,train,22,564,102.39,1,0.7118,2,0.7351,1,1
regression-00445,regression,train,19,872,60.74,3,0.2966,0,0.7112,0,1
regression-00446,regression,train,41,14,83.29,0,0.7688,4,0.7762,1,0
regression-00447,regression,val,21,138,79.85,1,0.5893,1,0.5675,0,1
regression-00448,regression,train,75,295,67.64,2,0.4658,1,0.7953,0,0
regression-00449,regression,test,35,61,60.86,2,0.4626,2,0.891,0,0
regression-00450,regression,val,28,131,33.6,1,0.497,2,0.8398,0,0
regression-00451,regression,train,61,487,67.93,1,0.6841,3,0.6676,0,0
regression-00452,regression,train,29,587,61.14,2,0.5649,4,0.7566,0,0
regression-00453,regression,train,63,58,66.84,1,0.3145,3,0.8861,1,1
regression-00454,regression,train,52,910,153.75,1,0.3379,3,0.4752,0,1
regression-00455,regression,test,55,1241,90.3,2,0.7816,1,0.6533,1,0
regression-00456,regression,val,18,77,71.59,2,0.4613,2,0.6107,0,1
regression-00457,regression,val,62,486,69.51,0,0.5838,0,0.7268,0,0
regression-00458,regression,test,47,205,79.24,0,0.3625,1,0.6558,0,1
regression-00459,regression,train,28,1515,37.76,3,0.3953,2,0.6842,0,0
regression-00460,regression,val,32,153,76.38,0,0.6881,1,0.6526,0,1
regression-00461,regression,train,69,457,45.8,0,0.1979,1,0.8118,0,0
regression-00462,regression,train,59,598,101.78,0,0.4534,2,0.4934,1,1
regression-00463,regression,train,41,47,176.44,2,0.4656,6,0.7697,1,1
regression-00464,regression,train,37,620,48.46,0,0.1302,4,0.8439,1,0
regression-00465,regression,train,57,716,46.68,0,0.4487,0,0.7835,1,0
regression-00466,regression,test,61,1054,72.24,2,0.5384,3,0.4381,0,0
regression-00467,regression,test,54,319,70.24,3,0.3275,2,0.4221,1,1
regression-00468,regression,test,31,17,96.14,2,0.8463,2,0.7946,1,0
regression-00469,regression,val,66,672,151.46,0,0.5583,4,0.7758,0,0
regression-00470,regression,train,58,151,62.95,1,0.7525,3,1.0,0,1
regression-00471,regression,train,32,236,115.55,2,0.4969,3,0.7004,1,1
regression-00472,regression,train,22,1366,124.5,1,0.2841,3,0.7447,1,0
regression-00473,regression,train,71,823,58.79,2,0.8483,1,0.6736,0,0
regression-00474,regression,train,48,24,87.22,3,0.7301,1,0.5415,0,1
regression-00475,regression,train,19,179,80.16,2,0.1743,1,0.6446,1,1
regression-00476,regression,train,26,36,57.85,2,0.2834,2,1.0,0,0
regression-00477,regression,test,36,380,46.48,1,0.8578,2,0.7591,0,0
regression-00478,regression,val,30,277,124.29,2,0.6877,1,0.5486,0,1
regression-00479,regression,test,71,549,66.49,0,0.5242,1,0.6074,0,0
regression-00480,regression,val,51,5,97.62,2,0.6979,2,0.7596,1,1
regression-00481,regression,train,74,359,187.89,1,0.5734,2,0.7224,1,1
regression-00482,regression,train,62,562,116.2,1,0.3592,1,0.5717,1,1
regression-00483,regression,train,59,690,61.06,2,0.691,4,0.4344,1,0
regression-00484,regression,val,25,89,199.54,3,0.0894,4,0.7833,0,1
regression-00485,regression,train,38,77,136.11,0,0.8299,4,0.7023,1,0
regression-00486,regression,train,46,381,101.05,3,0.2701,4,0.5063,0,1
regression-00487,regression,train,40,33,139.58,1,0.371,4,0.8523,0,1
regression-00488,regression,train,72,31,50.86,1,0.8508,2,0.9406,0,0
regression-00489,regression,test,32,374,77.56,2,0.4332,1,0.7009,1,1
regression-00490,regression,train,49,136,121.56,1,0.6226,1,0.5443,1,1
regression-00491,regression,val,23,2600,53.32,1,0.3568,1,0.6537,0,0
regression-00492,regression,train,58,171,136.09,0,0.588,3,0.5086,0,0
regression-00493,regression,train,67,171,68.21,0,0.3358,2,0.5206,0,0
regression-00494,regression,train,75,1446,59.84,0,0.9109,2,0.8007,1,0
regression-00495,regression,train,65,282,115.03,2,0.8112,1,0.4606,0,0
regression-00496,regression,train,28,42,105.9,2,0.5767,2,0.6991,1,1
regression-00497,regression,train,59,128,53.81,1,0.7687,0,0.3789,1,1
regression-00498,regression,train,32,521,135.94,1,0.3838,1,0.7047,0,0
regression-00499,regression,train,37,137,54.7,1,0.6317,2,0.6573,0,0
regression-00500,regression,test,37,391,33.37,1,0.8884,1,0.844,1,0
regression-00501,regression,train,39,820,35.04,2,0.2454,1,0.7165,0,0
regression-00502,regression,train,72,789,50.0,4,0.252,5,0.946,0,0
regression-00503,regression,train,75,117,103.53,1,0.4668,1,0.86,1,0
regression-00504,regression,test,38,201,90.87,1,0.4772,2,0.4904,0,0
regression-00505,regression,val,39,40,35.65,4,0.7174,3,0.5502,0,0
regression-00506,regression,train,34,597,85.54,1,0.6657,0,0.7984,1,1
regression-00507,regression,train,59,788,97.58,0,0.9747,1,0.5558,0,0
regression-00508,regression,train,64,101,58.46,3,0.3706,0,0.3621,0,1
regression-00509,regression,val,19,105,71.48,1,0.7602,1,0.6482,0,1
regression-00510,regression,train,38,560,30.23,3,0.6563,1,0.6413,0,0
regression-00511,regression,val,56,39,65.45,3,0.4552,3,0.8181,0,1
regression-00512,regression,train,37,115,134.91,1,0.9298,2,1.0,0,0
regression-00513,regression,train,62,61,91.49,4,0.4775,1,0.6586,1,1
regression-00514,regression,train,62,67,48.91,1,0.8784,2,0.6226,0,0
regression-00515,regression,test,52,47,165.32,4,0.6061,2,0.9865,1,0
regression-00516,regression,train,70,134,51.54,2,0.2738,2,0.785,0,0
regression-00517,regression,train,67,141,102.74,3,0.8721,3,0.711,1,1
regression-00518,regression,train,39,970,93.43,1,0.5509,1,0.8759,1,0
regression-00519,regression,val,49,409,102.47,1,0.4474,2,0.5194,1,1
regression-00520,regression,test,47,985,68.71,1,0.687,1,0.7198,1,0
regression-00521,regression,train,67,337,67.17,5,0.456,0,0.7877,0,1
regression-00522,regression,train,45,270,80.41,3,1.0,2,0.5278,0,1
regression-00523,regression,val,35,150,64.69,1,0.454,1,0.7808,1,1
regression-00524,regression,train,41,1223,66.46,1,0.903,3,0.7404,0,0
regression-00525,regression,train,52,208,125.1,3,0.3874,4,0.6197,1,1
regression-00526,regression,test,33,338,50.02,0,0.6466,5,0.6729,0,0
regression-00527,regression,train,72,949,38.99,2,0.6508,1,0.7254,0,0
regression-00528,regression,train,26,441,53.51,1,0.5037,4,0.8059,0,0
regression-00529,regression,train,54,12,73.0,1,0.8175,3,0.6298,1,0
regression-00530,regression,train,53,149,70.08,3,0.9012,2,0.9401,1,1
regression-00531,regression,train,66,366,93.79,6,0.5042,3,0.878,0,1
regression-00532,regression,train,25,486,152.02,3,0.3643,2,0.6402,1,0
regression-00533,regression,train,49,430,23.51,2,0.4401,3,0.7163,0,0
regression-00534,regression,train,66,5,72.11,0,0.8994,4,0.8355,1,0
regression-00535,regression,test,50,589,74.32,1,0.6435,2,0.5045,1,1
regression-00536,regression,train,57,471,77.56,0,0.7483,3,1.0,0,0
regression-00537,regression,train,71,44,76.91,0,0.6843,3,0.685,1,1
regression-00538,regression,train,40,50,121.48,0,0.4766,1,0.7638,0,0
regression-00539,regression,train,51,308,116.63,0,0.7985,3,0.8479,0,0
regression-00540,regression,train,58,370,102.33,1,0.4388,5,0.8385,0,0
regression-00541,regression,train,38,691,33.77,3,0.9858,2,0.6094,1,0
regression-00542,regression,train,67,285,111.21,1,0.4225,2,0.7059,1,0
regression-00543,regression,test,26,219,74.85,0,0.8447,2,0.8441,0,0
regression-00544,regression,train,31,273,113.12,1,0.5406,2,0.6174,0,1
regression-00545,regression,train,75,770,80.08,2,0.4984,1,0.9107,1,0
regression-00546,regression,val,65,296,57.38,0,0.4056,2,0.5169,0,1
regression-00547,regression,train,57,344,105.99,0,0.5282,2,0.8607,1,1
regression-00548,regression,train,51,195,109.15,2,0.5992,3,0.6117,0,0
regression-00549,regression,train,57,451,39.71,1,0.9774,4,0.9407,0,0
regression-00550,regression,train,35,417,80.28,0,0.2019,3,0.8335,0,0
regression-00551,regression,train,66,169,75.37,2,0.7997,4,0.8155,0,0
regression-00552,regression,train,33,800,56.22,2,0.547,1,0.722,0,0
regression-00553,regression,val,41,1745,74.8,1,0.4591,2,0.7028,1,0
regression-00554,regression,train,69,345,135.56,1,0.8012,1,0.4385,0,1
regression-00555,regression,test,45,6,66.28,1,0.2416,3,0.5552,0,1
regression-00556,regression,train,41,36,93.72,1,0.6457,0,0.806,1,1
regression-00557,regression,train,53,1091,97.32,2,0.804,3,0.6173,1,0
regression-00558,regression,test,69,859,52.65,1,0.5497,0,0.6898,0,0
regression-00559,regression,train,40,54,99.68,0,0.4038,4,0.6603,1,1
regression-00560,regression,train,27,244,26.86,1,0.7433,2,0.6534,1,1
regression-00561,regression,train,29,619,63.5,1,0.1681,2,0.6819,0,1
regression-00562,regression,train,59,556,48.48,0,0.3897,3,0.5196,0,0
regression-00563,regression,train,63,782,89.17,3,0.4125,6,0.9749,0,0
regression-00564,regression,train,64,436,67.53,2,0.5781,3,0.5316,0,0
regression-00565,regression,train,74,748,43.96,2,0.5313,2,0.8069,1,0
regression-00566,regression,train,23,201,109.2,3,0.3959,3,0.5452,1,1
regression-00567,regression,test,72,149,107.01,1,0.6342,1,0.5838,1,1
regression-00568,regression,train,43,50,106.45,1,0.6299,3,0.7344,0,1
regression-00569,regression,test,69,280,76.97,1,0.7443,4,0.619,1,0
regression-00570,regression,train,20,113,77.2,0,0.5373,4,0.8055,0,0
regression-00571,regression,val,36,49,63.88,1,0.7849,2,0.6246,0,0
regression-00572,regression,val,30,2265,59.5,1,0.5089,0,0.8105,1,0
regression-00573,regression,train,41,117,66.48,0,0.5406,1,0.4302,0,1
regression-00574,regression,train,35,70,95.26,2,0.4284,3,0.7338,0,1
regression-00575,regression,train,34,1112,48.47,0,0.3038,0,0.6338,1,1
regression-00576,regression,val,48,222,84.2,3,0.522,1,0.6337,1,1
regression-00577,regression,train,72,385,51.53,2,0.3689,1,0.8081,1,0
regression-00578,regression,test,35,805,110.65,0,0.4243,0,0.8059,0,0
regression-00579,regression,test,25,240,102.47,0,0.5748,0,0.5325,1,1
regression-00580,regression,train,33,473,84.11,0,0.8721,4,0.6323,0,0
regression-00581,regression,val,29,129,73.37,1,0.1458,2,0.7235,0,1
regression-00582,regression,train,51,381,120.91,2,0.5511,2,0.8005,0,0
regression-00583,regression,train,24,1953,70.29,1,0.764,2,0.6499,0,0
regression-00584,regression,train,55,166,52.14,0,0.0744,0,0.6263,1,1
regression-00585,regression,train,33,244,59.25,4,0.7584,3,0.7585,0,1
regression-00586,regression,train,54,539,88.26,2,0.3437,4,0.868,1,0
regression-00587,regression,test,30,123,39.58,2,0.8632,1,0.4405,0,1
regression-00588,regression,test,70,934,53.8,2,0.6944,0,0.5275,1,1
regression-00589,regression,train,55,142,71.22,1,0.5775,0,0.58,0,1
regression-00590,regression,test,48,345,102.67,2,0.6454,0,0.8617,1,0
regression-00591,regression,train,73,78,39.26,1,0.7795,2,0.8273,0,0
regression-00592,regression,train,36,7,76.52,0,0.3233,2,0.7965,0,1
regression-00593,regression,train,47,494,63.23,1,0.8886,3,0.6138,0,0
regression-00594,regression,val,40,295,93.19,3,0.7841,2,0.8078,0,0
regression-00595,regression,train,23,10,75.05,4,0.2322,2,0.6657,0,1
regression-00596,regression,train,34,308,121.11,2,0.5649,3,0.5459,1,1
regression-00597,regression,test,42,66,71.74,1,0.7434,2,0.7486,0,0
regression-00598,regression,val,28,839,146.29,1,0.6442,2,0.6508,0,1
regression-00599,regression,train,39,412,57.8,5,0.5863,4,0.5149,0,1
regression-00600,regression,val,55,248,84.74,1,0.7836,3,0.7008,1,0
regression-00601,regression,train,65,406,107.58,4,0.389,2,0.6799,0,1
regression-00602,regression,test,39,302,108.93,0,0.4139,2,0.7086,0,1
regression-00603,regression,train,74,944,66.78,1,0.6826,4,0.714,0,0
regression-00604,regression,val,68,89,44.77,0,0.4292,4,0.991,0,0
regression-00605,regression,val,71,1272,85.9,0,1.0,2,0.4333,0,0
regression-00606,regression,train,72,188,42.95,2,0.6466,5,0.9003,0,0
regression-00607,regression,train,54,65,35.79,0,0.3301,2,1.0,0,0
regression-00608,regression,train,44,853,111.0,1,0.2018,6,0.3582,1,1
regression-00609,regression,train,47,121,44.31,2,0.6385,2,0.569,0,0
regression-00610,regression,train,45,359,104.48,0,0.7091,4,0.8026,0,1
regression-00611,regression,train,75,37,79.77,2,0.5262,1,0.5307,1,1
regression-00612,regression,val,24,439,59.83,1,0.7619,3,0.2981,0,0
regression-00613,regression,train,47,439,68.69,1,0.4791,1,0.881,0,0
regression-00614,regression,train,60,138,79.41,1,0.4828,2,0.9403,0,0
regression-00615,regression,train,58,381,80.19,1,0.8962,1,0.6651,1,0
regression-00616,regression,train,68,1395,63.77,0,0.6987,0,0.6132,1,0
regression-00617,regression,test,39,450,90.55,2,0.227,3,0.8484,1,1
regression-00618,regression,train,37,340,94.08,2,0.1905,1,0.7005,0,1
regression-00619,regression,train,57,68,93.35,0,0.3362,1,0.6997,1,1
regression-00620,regression,val,26,34,140.81,0,0.1832,2,0.7709,0,0
regression-00621,regression,train,26,5,117.56,2,0.5482,3,0.501,1,1
regression-00622,regression,train,24,83,82.88,1,0.5314,2,0.6941,1,1
regression-00623,regression,val,57,272,66.55,0,0.1959,3,0.6905,0,0
regression-00624,regression,train,29,10,31.05,1,0.6088,0,0.9211,0,0
regression-00625,regression,train,32,1010,44.56,0,0.3784,4,0.4946,0,1
regression-00626,regression,train,40,23,87.36,1,0.3375,1,0.6023,1,1
regression-00627,regression,test,19,186,121.6,2,0.6595,1,0.5784,1,1
regression-00628,regression,train,58,863,27.79,0,0.2806,0,0.5108,1,0
regression-00629,regression,train,66,370,46.91,0,0.3779,0,0.7281,1,0
regression-00630,regression,val,54,258,83.18,3,0.4808,2,0.575,0,1
regression-00631,regression,train,39,735,85.21,1,0.4967,0,0.7437,0,0
regression-00632,regression,test,29,599,71.58,1,0.6307,4,0.7108,0,0
regression-00633,regression,train,46,151,113.93,1,0.4766,1,0.8264,1,1
regression-00634,regression,train,33,1183,136.93,0,0.175,0,0.6516,0,1
regression-00635,regression,train,52,727,37.52,3,0.3317,3,0.82,0,0
regression-00636,regression,train,74,246,137.19,2,0.5944,2,0.4993,0,1
regression-00637,regression,train,27,568,40.89,0,0.3244,2,0.5576,0,1
regression-00638,regression,train,59,152,61.25,0,0.5878,1,0.6967,1,1
regression-00639,regression,test,62,213,128.43,2,0.5618,4,0.8868,1,0
regression-00640,regression,train,62,317,101.64,1,0.6143,0,0.9559,1,0
regression-00641,regression,train,50,803,75.92,0,0.2851,1,0.9702,0,0
regression-00642,regression,val,57,80,57.54,0,0.5821,3,0.6641,0,0
regression-00643,regression,train,69,66,56.42,1,0.1124,2,0.6155,1,1
regression-00644,regression,val,25,116,36.88,1,0.2835,3,0.72,1,1
regression-00645,regression,train,61,120,151.13,1,0.5001,1,0.7359,1,0
regression-00646,regression,train,49,203,32.36,4,0.3815,2,0.8686,0,1
regression-00647,regression,train,34,112,76.15,2,0.4135,2,0.7795,0,1
regression-00648,regression,train,61,1010,47.95,0,0.4227,2,0.8317,0,0
regression-00649,regression,test,37,443,55.0,0,0.1084,3,0.5735,0,1
regression-00650,regression,train,29,708,134.93,1,0.4497,4,0.6593,1,0
regression-00651,regression,train,69,397,121.15,1,1.0,3,0.6716,0,1
regression-00652,regression,train,68,657,64.29,2,0.6198,3,0.6348,0,0
regression-00653,regression,train,64,413,42.45,5,0.5881,3,0.9449,0,0
regression-00654,regression,train,18,1362,81.39,3,0.5345,3,0.6761,1,0
regression-00655,regression,train,69,133,96.69,2,0.2371,2,0.6875,0,1
regression-00656,regression,test,65,211,106.47,0,0.62,3,0.7578,1,0
regression-00657,regression,train,24,371,40.58,1,0.3101,3,0.4964,1,1
regression-00658,regression,train,70,699,71.85,3,0.7244,5,0.4897,1,1
regression-00659,regression,train,69,84,32.12,0,0.6852,2,0.4865,0,0
regression-00660,regression,train,36,715,72.07,3,0.1718,0,0.5574,1,1
regression-00661,regression,test,20,84,98.0,2,0.4032,6,0.6583,0,1
regression-00662,regression,train,72,229,139.48,1,0.4924,0,0.4968,0,1
regression-00663,regression,train,48,126,75.56,2,0.8403,2,0.3157,0,1
regression-00664,regression,train,75,998,105.3,0,0.5435,5,0.7271,1,0
regression-00665,regression,val,49,508,73.09,3,0.5954,4,0.6737,1,0
regression-00666,regression,train,24,145,77.8,1,0.5231,2,0.4946,0,1
regression-00667,regression,test,54,9,70.53,0,0.5376,0,0.5956,1,1
regression-00668,regression,val,43,427,50.56,4,0.4064,3,0.8257,0,1
regression-00669,regression,train,42,70,90.97,1,0.3857,0,0.5438,0,1
regression-00670,regression,train,47,140,102.85,0,0.5906,2,0.8545,1,1
regression-00671,regression,train,41,723,80.48,0,0.258,3,0.6523,0,0
regression-00672,regression,train,70,764,53.54,1,0.9064,1,0.4695,0,1
regression-00673,regression,train,65,193,146.34,2,0.3936,3,0.5894,0,1
regression-00674,regression,val,19,4,107.17,2,0.586,1,0.8979,1,1
regression-00675,regression,test,19,359,91.27,3,0.8387,3,0.5627,0,1
regression-00676,regression,train,42,443,82.91,1,0.6376,0,0.6699,0,1
regression-00677,regression,train,63,6,43.67,0,0.7178,1,0.606,1,0
regression-00678,regression,train,41,336,114.76,2,0.7832,0,0.8655,1,1
regression-00679,regression,train,70,114,84.78,2,0.288,1,0.5296,1,1
regression-00680,regression,train,75,137,149.59,1,0.3306,1,0.7805,1,0
regression-00681,regression,train,22,62,50.84,1,0.4754,2,0.6456,0,0
regression-00682,regression,val,25,253,125.26,5,0.7044,0,0.6622,1,1
regression-00683,regression,train,36,137,43.63,1,0.4241,2,0.8486,1,1
regression-00684,regression,train,46,13,107.74,4,0.7414,3,0.7647,1,1
regression-00685,regression,test,21,770,157.17,0,0.576,2,0.5495,1,1
regression-00686,regression,val,22,147,35.73,1,1.0,1,0.5624,0,0
regression-00687,regression,train,47,442,78.44,1,0.3947,2,0.7341,1,0
regression-00688,regression,train,41,262,93.27,1,0.6276,1,0.5255,0,1
regression-00689,regression,val,38,207,126.62,1,0.4398,1,0.5745,0,0
regression-00690,regression,train,53,37,40.73,0,0.6446,2,0.861,0,0
regression-00691,regression,test,67,602,67.25,3,0.3774,1,0.6299,1,1
regression-00692,regression,train,21,615,51.07,1,0.6613,3,0.6083,1,0
regression-00693,regression,train,40,104,116.38,1,0.5859,2,0.5639,1,1
regression-00694,regression,train,70,257,75.71,2,0.6061,3,0.6714,1,0
regression-00695,regression,train,69,179,155.31,1,0.8315,1,0.7462,0,1
regression-00696,regression,train,51,421,86.44,0,0.7566,1,0.5466,1,1
regression-00697,regression,val,46,122,46.99,0,0.5545,1,0.8636,1,0
regression-00698,regression,val,61,581,69.72,1,0.9319,0,0.6484,0,0
regression-00699,regression,train,66,519,79.5,1,0.3889,1,0.5373,0,1
regression-00700,regression,val,70,152,59.08,2,0.3452,1,0.5811,1,1
regression-00701,regression,train,69,1347,94.55,4,0.4237,5,0.7649,0,0
regression-00702,regression,train,20,386,98.49,0,0.4029,3,0.6399,0,0
regression-00703,regression,train,23,233,28.39,1,0.8208,3,0.8185,1,0
regression-00704,regression,val,61,323,60.95,1,0.8414,2,0.6759,1,1
regression-00705,regression,train,25,154,137.18,0,0.6267,4,0.5689,0,1
regression-00706,regression,train,55,157,114.31,1,0.2095,2,0.6043,0,1
regression-00707,regression,train,60,206,68.79,1,0.3925,3,0.7384,0,0
regression-00708,regression,train,36,1080,91.29,0,0.9753,2,0.7523,0,0
regression-00709,regression,test,74,88,91.69,0,0.5173,1,0.6239,0,1
regression-00710,regression,train,70,333,50.62,1,0.1982,1,0.4944,0,1
regression-00711,regression,test,23,367,40.01,0,0.3666,2,0.8282,1,0
regression-00712,regression,train,41,157,88.43,0,0.1578,3,0.5205,1,0
regression-00713,regression,train,18,6,36.79,2,0.4605,3,0.8341,0,0
regression-00714,regression,val,64,262,45.76,0,0.5238,1,0.5798,1,0
regression-00715,regression,val,36,123,99.85,3,0.6151,3,0.6686,0,1
regression-00716,regression,train,25,357,117.67,1,0.9505,4,0.4897,1,0
regression-00717,regression,val,60,348,56.25,1,0.3924,4,0.7579,1,1
regression-00718,regression,val,55,854,65.05,0,0.286,2,0.7322,0,0
regression-00719,regression,train,58,1081,58.16,1,0.3722,1,0.6134,1,1
regression-00720,regression,test,57,687,91.69,0,0.5424,2,0.6488,0,0
regression-00721,regression,val,41,45,66.61,2,0.4149,2,0.4377,0,1
regression-00722,regression,train,65,134,65.33,1,0.5609,3,0.9576,1,1
regression-00723,regression,train,19,224,84.0,1,0.3665,1,0.7656,0,1
regression-00724,regression,val,71,724,78.69,3,0.475,0,0.7372,1,1
regression-00725,regression,test,20,6,53.15,0,0.8433,1,0.9153,1,1
regression-00726,regression,test,39,121,114.22,4,0.513,0,0.9211,0,1
regression-00727,regression,train,68,221,93.54,1,0.5744,4,0.5968,0,1
regression-00728,regression,test,62,52,93.4,0,0.2356,2,0.669,0,1
regression-00729,regression,train,48,10,58.5,1,0.3186,3,0.7728,1,1
regression-00730,regression,test,21,5,102.84,1,0.7055,1,0.6965,1,0
regression-00731,regression,test,34,626,148.38,3,0.6526,1,0.6374,0,1
regression-00732,regression,train,49,212,102.85,2,0.776,2,0.6108,0,1
regression-00733,regression,train,53,72,43.36,2,0.7012,1,0.6412,0,1
regression-00734,regression,train,60,274,74.96,2,0.6209,2,0.7721,0,0
regression-00735,regression,train,35,666,91.82,1,0.6142,3,0.5775,0,0
regression-00736,regression,train,19,1204,170.4,2,0.352,2,0.652,0,0
regression-00737,regression,val,74,123,48.08,3,0.2908,1,0.4705,1,1
regression-00738,regression,test,60,918,46.96,1,0.8024,3,0.6734,1,0
regression-00739,regression,test,72,94,75.48,2,0.4237,2,0.6437,1,0
regression-00740,regression,train,18,182,115.2,3,0.2683,1,0.4011,0,1
regression-00741,regression,train,54,237,87.06,4,0.5267,1,0.829,1,1
regression-00742,regression,train,37,263,56.98,3,0.3918,3,0.622,1,1
regression-00743,regression,train,32,332,42.8,0,0.3791,4,0.8299,1,0
regression-00744,regression,train,53,166,58.67,1,0.5802,2,0.8008,0,1
regression-00745,regression,val,24,199,99.4,3,0.5076,1,0.8403,0,1
regression-00746,regression,test,32,86,105.94,0,0.686,3,0.6539,0,0
regression-00747,regression,train,18,651,81.58,3,0.5503,1,0.5188,0,1
regression-00748,regression,train,41,368,138.25,1,0.8125,2,0.7023,0,0
regression-00749,regression,train,44,2123,75.37,1,0.7636,2,0.7538,1,0
regression-00750,regression,train,72,128,136.62,3,0.4232,6,0.8775,0,0
regression-00751,regression,train,61,96,80.07,0,0.4702,2,0.7056,1,0
regression-00752,regression,test,32,47,158.89,3,0.2442,4,0.6329,1,1
regression-00753,regression,train,64,62,109.05,0,0.5039,0,0.4734,1,1
regression-00754,regression,train,69,178,97.72,1,0.472,0,0.6242,0,0
regression-00755,regression,train,59,72,167.59,1,0.4051,2,0.6389,1,1
regression-00756,regression,train,18,611,91.61,2,0.336,2,0.5675,0,1
regression-00757,regression,train,18,926,71.14,1,0.4142,0,1.0,1,0
regression-00758,regression,test,26,1176,93.43,1,0.4399,2,0.7569,0,0
regression-00759,regression,train,66,180,124.39,2,0.4119,1,0.5879,0,0
regression-00760,regression,test,57,390,100.67,1,0.4457,1,0.6585,1,1
regression-00761,regression,train,35,32,77.3,1,0.2329,1,0.7241,0,1
regression-00762,regression,train,48,397,57.55,0,0.7324,3,0.8262,1,0
regression-00763,regression,val,47,326,87.19,2,0.873,2,0.6556,0,0
regression-00764,regression,train,27,361,78.21,3,0.6573,3,0.4368,1,1
regression-00765,regression,val,65,80,48.24,3,0.6673,5,0.767,0,0
regression-00766,regression,train,58,1982,160.03,2,0.6828,2,0.7263,0,0
regression-00767,regression,val,26,168,53.12,0,0.6475,0,0.3019,0,1
regression-00768,regression,train,22,763,76.73,0,0.0599,0,0.5735,0,1
regression-00769,regression,train,39,708,136.31,4,0.9264,3,0.7776,0,0
regression-00770,regression,train,38,39,42.41,1,0.5191,2,0.7857,0,0
regression-00771,regression,train,32,103,76.6,3,0.4542,2,0.4995,0,1
regression-00772,regression,train,28,34,74.4,3,0.5379,2,0.7751,1,1
regression-00773,regression,train,43,357,175.86,5,0.4197,2,0.5356,1,1
regression-00774,regression,train,56,185,117.85,3,0.5845,1,0.5587,0,1
regression-00775,regression,train,29,376,143.38,1,0.4299,3,0.48,0,1
regression-00776,regression,train,43,265,67.75,1,0.2274,4,0.7498,1,0
regression-00777,regression,train,18,68,76.2,2,0.6191,3,0.7787,0,1
regression-00778,regression,val,66,1407,78.01,0,0.3868,0,0.4019,1,0
regression-00779,regression,val,39,903,69.16,0,0.8432,2,0.625,1,0
regression-00780,regression,train,53,878,104.28,1,0.6615,2,0.7135,0,0
regression-00781,regression,train,49,128,95.12,2,0.6475,1,0.5733,0,1
regression-00782,regression,test,31,394,139.81,3,0.4097,3,0.8195,1,1
regression-00783,regression,train,54,235,112.77,0,0.4971,1,0.6186,0,1
regression-00784,regression,train,33,27,65.83,2,0.3182,1,0.6673,0,1
regression-00785,regression,train,31,111,42.5,2,0.5186,1,0.8624,0,0
regression-00786,regression,test,69,140,116.84,2,0.4865,0,0.8586,1,1
regression-00787,regression,val,52,1,86.87,2,0.6866,0,0.9154,1,0
regression-00788,regression,train,73,681,72.15,1,0.6839,0,0.8232,0,0
regression-00789,regression,val,20,121,63.36,2,0.5652,2,0.4645,1,1
regression-00790,regression,val,31,136,73.8,0,0.5588,3,0.5057,0,0
regression-00791,regression,train,27,507,105.47,1,0.2144,5,0.5596,0,0
regression-00792,regression,train,44,282,144.48,0,0.5919,0,0.6293,0,0
regression-00793,regression,train,33,385,87.11,1,0.528,0,0.8334,0,1
regression-00794,regression,train,22,24,70.36,3,0.6259,1,0.5613,1,1
regression-00795,regression,train,23,446,90.98,3,0.5584,3,0.6899,1,1
regression-00796,regression,test,58,991,28.12,0,0.5123,3,0.7587,0,0
regression-00797,regression,train,32,409,34.47,0,0.7315,1,0.6991,0,0
regression-00798,regression,train,36,18,54.69,1,0.3819,0,0.8915,0,0
regression-00799,regression,test,63,75,95.28,1,0.7776,1,0.8378,0,1
regression-00800,regression,val,67,142,59.14,1,0.4679,1,0.7527,0,1
regression-00801,regression,train,29,558,74.22,1,0.6256,1,0.785,0,1
regression-00802,regression,test,28,690,66.45,1,0.9029,4,0.7683,1,0
regression-00803,regression,train,39,595,110.27,3,0.3527,1,0.5654,1,1
regression-00804,regression,test,29,88,83.02,1,0.5365,1,1.0,1,0
regression-00805,regression,train,32,753,72.34,2,0.2858,3,0.4949,1,1
regression-00806,regression,train,21,112,84.13,1,0.2477,1,0.6205,0,1
regression-00807,regression,val,33,626,61.73,3,0.2339,2,0.6298,0,1
regression-00808,regression,train,68,155,95.28,1,0.6713,3,0.6634,0,0
regression-00809,regression,test,68,523,55.76,3,0.4262,2,0.6115,0,1
regression-00810,regression,train,25,588,138.85,1,0.385,2,0.6617,1,1
regression-00811,regression,train,64,91,71.64,1,0.4951,3,0.7605,0,0
regression-00812,regression,train,62,578,149.33,2,0.2719,1,0.8127,1,1
regression-00813,regression,test,29,27,104.68,1,0.2036,3,0.6816,0,1
regression-00814,regression,test,39,433,72.7,1,0.1654,1,0.4966,1,1
regression-00815,regression,test,48,129,44.45,1,0.8212,1,0.905,0,0
regression-00816,regression,train,48,44,62.8,0,0.4967,4,0.42,0,1
regression-00817,regression,train,19,485,56.3,3,0.6848,0,0.3601,1,1
regression-00818,regression,train,32,138,158.84,1,0.3242,1,0.7464,0,1
regression-00819,regression,train,49,427,96.94,2,0.8225,3,0.7521,1,1
regression-00820,regression,val,47,90,59.01,0,0.9582,2,1.0,1,0
regression-00821,regression,train,51,451,134.06,1,0.4472,0,0.558,1,1
regression-00822,regression,test,46,294,43.3,1,0.2873,3,0.5648,0,0
regression-00823,regression,train,26,43,151.21,0,0.633,3,0.6521,1,1
regression-00824,regression,train,55,1015,34.01,2,0.5067,2,0.5468,0,0
regression-00825,regression,train,28,132,112.9,0,0.4106,1,0.7441,1,0
regression-00826,regression,train,66,583,96.07,2,0.3459,4,0.6379,0,0
regression-00827,regression,train,30,47,45.47,2,0.2706,2,0.7607,1,1
regression-00828,regression,train,75,156,69.65,1,0.1473,2,0.5266,0,1
regression-00829,regression,val,24,191,97.63,1,0.1039,2,0.6966,0,1
regression-00830,regression,train,21,97,47.07,1,0.6921,2,0.7859,0,0
regression-00831,regression,train,40,133,44.94,2,0.2052,4,0.676,0,1
regression-00832,regression,train,26,258,129.59,2,0.6695,3,0.5996,1,0
regression-00833,regression,train,72,518,134.47,2,0.4814,2,0.776,0,0
regression-00834,regression,train,45,110,119.89,1,0.6551,2,0.4915,0,1
regression-00835,regression,val,73,737,45.56,1,0.5056,2,0.9389,0,0
regression-00836,regression,train,36,443,139.68,2,0.888,2,0.7837,0,0
regression-00837,regression,train,63,334,103.8,1,0.693,3,0.8551,0,0
regression-00838,regression,train,50,53,112.25,0,0.6382,1,0.7299,1,0
regression-00839,regression,train,51,599,100.12,3,0.5174,3,0.7576,1,1
regression-00840,regression,test,70,463,94.69,2,0.5101,2,0.605,1,0
regression-00841,regression,train,39,774,82.51,2,0.9648,4,0.8634,0,0
regression-00842,regression,train,20,5,50.34,0,0.5726,0,0.8957,0,0
regression-00843,regression,test,20,192,88.53,1,0.4311,1,0.8344,0,0
regression-00844,regression,train,60,419,120.28,4,0.4839,2,0.443,0,1
regression-00845,regression,train,53,537,55.46,0,0.7873,2,0.9363,0,0
regression-00846,regression,train,70,129,141.49,3,0.5332,1,0.7007,1,1
regression-00847,regression,test,70,182,35.24,1,0.4537,2,0.6124,0,1
regression-00848,regression,train,63,207,87.02,2,0.5647,3,0.7198,0,0
regression-00849,regression,train,63,6,56.37,1,0.3566,2,0.9844,0,0
regression-00850,regression,train,73,527,107.74,1,0.3579,2,0.6982,1,0
regression-00851,regression,train,29,512,43.7,2,0.6243,3,0.8185,1,0
regression-00852,regression,train,28,928,118.95,0,0.9215,5,0.6595,1,0
regression-00853,regression,train,71,1,95.19,1,0.6459,1,0.7377,1,1
regression-00854,regression,train,64,150,78.23,3,0.6426,3,0.7842,0,0
regression-00855,regression,train,21,1256,70.45,1,0.5759,0,0.7201,1,0
regression-00856,regression,train,48,389,63.75,0,0.628,2,0.7723,0,0
regression-00857,regression,val,50,40,70.01,1,0.0116,2,0.6547,0,1
regression-00858,regression,train,50,107,60.5,2,0.2426,5,0.9563,0,0
regression-00859,regression,test,20,46,68.54,2,0.3059,1,0.8083,0,1
regression-00860,regression,train,58,377,94.47,1,0.9985,1,0.924,0,0
regression-00861,regression,train,68,682,154.6,0,0.6671,3,0.7829,1,0
regression-00862,regression,train,63,631,97.93,3,0.5577,0,0.8842,0,1
regression-00863,regression,train,37,364,58.11,4,0.5952,2,0.7774,1,1
regression-00864,regression,val,51,61,98.41,2,0.2989,4,0.7701,0,0
regression-00865,regression,train,64,770,156.59,1,0.7555,3,0.9139,0,0
regression-00866,regression,train,70,807,178.37,1,0.4235,4,0.6311,0,0
regression-00867,regression,train,24,669,119.45,2,0.764,4,0.6197,0,0
regression-00868,regression,train,37,68,90.16,2,0.2183,1,0.6734,0,1
regression-00869,regression,train,43,300,112.14,1,0.8455,3,0.6755,0,0
regression-00870,regression,test,30,440,99.07,2,0.432,4,0.5235,0,1
regression-00871,regression,train,64,769,117.79,2,0.6532,3,0.9373,1,0
regression-00872,regression,train,64,363,50.64,3,0.5496,1,0.7972,0,0
regression-00873,regression,test,38,144,133.34,3,0.6905,3,0.5317,0,1
regression-00874,regression,train,24,84,49.79,1,0.8888,1,0.4012,1,1
regression-00875,regression,train,24,271,147.0,0,0.9283,2,0.7624,1,1
regression-00876,regression,val,37,34,64.8,1,0.4985,1,0.45,0,1
regression-00877,regression,train,63,201,58.31,0,0.5156,3,0.7299,0,0
regression-00878,regression,train,26,8,87.3,3,0.9595,4,0.626,1,1
regression-00879,regression,val,37,863,25.42,1,0.5397,0,0.7559,1,0
regression-00880,regression,train,53,325,126.14,2,0.7562,1,0.7306,0,0
regression-00881,regression,train,26,91,53.96,2,0.4816,1,0.6862,1,1
regression-00882,regression,test,47,1029,152.33,3,0.3375,2,0.5204,1,1
regression-00883,regression,val,34,42,82.61,1,0.72,3,0.6287,0,1
regression-00884,regression,train,74,485,33.04,1,0.5923,0,0.8263,1,0
regression-00885,regression,train,51,15,48.88,1,0.7909,1,0.7625,0,0
regression-00886,regression,train,23,221,55.6,3,0.6896,3,0.4491,0,1
regression-00887,regression,train,55,635,75.03,2,0.5346,1,0.5714,0,1
regression-00888,regression,train,23,1150,17.56,0,0.655,4,0.7109,0,0
regression-00889,regression,test,35,69,95.06,2,0.6429,1,0.8385,0,0
regression-00890,regression,train,62,213,70.32,2,0.8008,0,0.7848,0,1
regression-00891,regression,train,50,170,77.7,1,0.6556,0,0.932,1,1
regression-00892,regression,train,69,292,35.72,0,0.4882,0,0.6611,0,0
regression-00893,regression,train,27,950,51.01,1,0.3548,1,0.6264,0,0
regression-00894,regression,val,52,311,42.68,3,0.9312,3,0.7117,1,0
regression-00895,regression,train,55,551,48.1,0,0.1991,2,0.7184,0,0
regression-00896,regression,test,68,2448,82.77,4,0.4287,2,0.9168,0,0
regression-00897,regression,train,60,110,110.63,0,0.2878,2,0.6121,1,0
regression-00898,regression,train,18,200,143.99,2,0.5748,1,0.7658,1,0
regression-00899,regression,train,61,1203,92.73,1,1.0,2,1.0,0,0
regression-00900,regression,test,71,211,82.88,2,0.543,2,0.7801,0,0
regression-00901,regression,train,41,170,87.37,1,0.6135,2,0.7864,1,0
regression-00902,regression,train,43,215,61.03,2,0.5093,3,0.523,0,1
regression-00903,regression,train,21,737,63.5,1,0.6129,0,0.4821,0,1
regression-00904,regression,train,73,69,122.26,0,0.4822,5,0.8501,1,1
regression-00905,regression,train,73,358,42.89,2,0.9966,4,0.4357,1,0
regression-00906,regression,train,58,394,87.07,1,0.3767,3,0.9211,0,0
regression-00907,regression,train,70,563,88.86,2,0.6866,4,0.5986,0,0
regression-00908,regression,val,69,13,41.72,2,0.3064,0,0.6839,1,1
regression-00909,regression,train,53,210,65.75,0,0.5564,1,0.8068,1,1
regression-00910,regression,val,73,593,108.04,1,0.518,2,0.5832,1,0
regression-00911,regression,train,20,138,116.76,1,0.3367,1,0.6769,0,1
regression-00912,regression,train,32,658,73.46,4,0.333,1,0.7697,0,0
regression-00913,regression,train,39,67,33.19,0,0.5081,0,0.8232,1,0
regression-00914,regression,train,31,466,35.73,2,0.4306,1,0.5906,1,1
regression-00915,regression,val,54,494,110.88,3,0.4386,1,0.7468,1,1
regression-00916,regression,train,18,650,90.2,1,0.3499,0,0.7818,1,1
regression-00917,regression,val,63,22,74.86,1,0.1966,4,0.5862,1,1
regression-00918,regression,test,71,74,70.49,1,0.4347,1,1.0,1,1
regression-00919,regression,train,31,342,51.12,5,0.5918,1,0.7557,0,0
regression-00920,regression,val,70,235,61.65,2,0.63,2,0.8235,1,0
regression-00921,regression,train,18,348,87.62,1,0.6859,2,0.4475,1,1
regression-00922,regression,train,44,46,89.49,2,0.5187,0,0.722,0,1
regression-00923,regression,train,42,23,103.07,2,0.5463,0,0.9681,0,1
regression-00924,regression,test,26,87,46.27,3,0.713,3,0.5581,0,1
regression-00925,regression,train,39,299,33.19,2,0.567,3,0.4365,1,1
regression-00926,regression,train,28,1060,86.96,2,0.3769,3,0.7343,0,0
regression-00927,regression,train,53,79,80.32,0,0.3629,1,0.5885,0,0
regression-00928,regression,val,60,615,108.06,0,0.838,3,0.7499,0,0
regression-00929,regression,train,57,62,81.46,3,0.4174,3,0.6626,1,1
regression-00930,regression,test,48,329,95.07,1,0.8652,3,0.6524,1,0
regression-00931,regression,train,22,71,60.63,3,0.4613,4,0.5163,1,1
regression-00932,regression,train,20,294,22.6,1,0.6315,1,0.5733,0,1
regression-00933,regression,train,27,266,107.93,2,0.3596,2,0.6726,1,1
regression-00934,regression,train,73,1087,59.69,3,0.9952,1,0.9016,0,0
regression-00935,regression,train,18,573,103.58,0,0.7975,1,0.6633,0,1
regression-00936,regression,train,28,13,42.8,2,0.7903,0,0.8025,1,0
regression-00937,regression,train,70,517,140.87,0,0.9657,2,0.8139,0,0
regression-00938,regression,train,75,317,120.96,1,0.7336,2,0.8086,1,0
regression-00939,regression,train,56,200,53.45,1,0.508,0,0.4979,0,1
regression-00940,regression,train,60,247,56.49,1,0.4716,2,0.4912,1,1
regression-00941,regression,train,74,523,65.71,1,0.6934,2,0.6189,0,0
regression-00942,regression,train,52,1136,124.53,2,0.5428,2,0.6875,1,0
regression-00943,regression,train,29,13,66.97,4,0.3228,5,0.5345,1,1
regression-00944,regression,train,57,95,58.32,1,0.6139,2,0.5671,0,0
regression-00945,regression,train,56,204,60.78,2,0.4284,3,0.7683,0,0
regression-00946,regression,val,52,26,99.94,1,0.4399,2,0.8588,1,0
regression-00947,regression,train,22,678,84.38,1,0.8334,4,0.3165,1,0
regression-00948,regression,train,64,511,52.05,2,0.2689,3,1.0,1,0
regression-00949,regression,train,30,446,38.3,4,0.8932,2,0.6322,0,0
regression-00950,regression,train,28,489,55.18,0,0.6166,3,0.6908,1,0
regression-00951,regression,train,56,99,85.5,0,0.3473,2,0.51,0,1
regression-00952,regression,train,19,965,159.84,2,0.5945,1,0.6101,0,1
regression-00953,regression,test,53,598,127.86,3,0.5248,1,1.0,0,0
regression-00954,regression,train,25,861,55.83,1,0.7204,3,0.8291,1,0
regression-00955,regression,train,33,228,94.43,2,0.9985,3,0.8816,0,1
regression-00956,regression,train,31,117,57.67,0,0.8164,3,0.7,0,0
regression-00957,regression,train,61,7,163.58,0,0.3057,1,0.7793,1,1
regression-00958,regression,train,20,226,43.43,1,0.5882,0,0.6538,0,0
regression-00959,regression,train,37,427,55.91,2,1.0,1,0.8781,1,1
regression-00960,regression,test,56,395,61.25,1,0.7206,0,0.781,0,0
regression-00961,regression,test,62,200,100.58,2,0.7334,3,0.7442,1,1
regression-00962,regression,test,23,182,33.55,2,0.8392,4,1.0,0,0
regression-00963,regression,train,39,207,42.11,1,0.3833,1,0.8771,0,0
regression-00964,regression,train,49,95,108.54,1,0.4942,3,0.6463,0,1
regression-00965,regression,train,39,110,28.14,5,0.5821,0,0.6629,0,1
regression-00966,regression,test,28,120,61.33,3,0.7033,3,0.7057,0,1
regression-00967,regression,train,62,76,142.5,0,0.739,2,0.5221,0,1
regression-00968,regression,train,72,363,27.6,0,0.9856,2,0.8763,1,0
regression-00969,regression,train,33,271,128.21,3,0.6386,1,0.8023,0,0
regression-00970,regression,val,60,47,77.95,2,0.246,2,1.0,0,1
regression-00971,regression,train,49,679,115.49,2,0.4732,2,0.6126,0,0
regression-00972,regression,train,52,625,74.03,2,0.5593,4,0.5673,1,0
regression-00973,regression,train,58,60,50.81,2,0.6467,0,0.6321,1,0
regression-00974,regression,val,33,332,49.56,2,0.5979,3,0.3484,1,1
regression-00975,regression,train,24,121,94.06,1,0.5698,3,0.5883,0,1
regression-00976,regression,train,64,17,46.98,3,0.487,4,0.9238,0,0
regression-00977,regression,train,27,19,87.08,1,0.3579,1,0.851,0,0
regression-00978,regression,val,48,50,69.95,1,0.6391,1,0.6349,1,0
regression-00979,regression,test,47,1112,61.61,0,0.6561,1,0.7121,1,0
regression-00980,regression,train,28,67,47.67,2,0.2926,1,0.4815,1,1
regression-00981,regression,test,53,521,61.01,0,0.5101,1,0.7518,1,0
regression-00982,regression,train,21,404,53.1,0,0.6361,2,0.6351,0,0
regression-00983,regression,train,75,584,101.32,1,0.4898,2,0.6142,1,1
regression-00984,regression,val,26,183,90.49,1,0.6371,3,0.8914,0,0
regression-00985,regression,train,61,211,87.16,2,0.216,2,0.7605,1,0
regression-00986,regression,train,40,1914,84.81,2,0.3527,1,0.7381,0,0
regression-00987,regression,train,20,771,75.75,5,0.71,3,0.8714,1,1
regression-00988,regression,train,42,456,58.2,1,0.9045,0,1.0,0,0
regression-00989,regression,train,46,1041,83.09,1,0.7358,2,0.823,0,0
regression-00990,regression,train,39,100,121.76,1,0.5324,1,0.8568,0,1
regression-00991,regression,val,52,946,139.09,3,0.652,2,0.4387,0,0
regression-00992,regression,test,72,132,91.61,2,0.9467,1,0.6638,0,1
regression-00993,regression,train,21,453,82.92,1,0.3231,3,0.5813,1,1
regression-00994,regression,train,22,223,80.17,1,0.3671,3,0.8027,0,0
regression-00995,regression,test,63,698,55.11,1,0.368,3,0.8857,0,0
regression-00996,regression,train,31,242,95.47,0,0.4076,3,0.8729,1,0
regression-00997,regression,train,28,354,117.62,1,0.5075,1,0.9449,0,0
regression-00998,regression,train,35,92,156.78,0,0.6207,3,0.7528,1,1
regression-00999,regression,train,61,182,165.43,3,0.3037,3,0.7399,1,1
regression-01000,regression,train,54,355,113.98,0,0.6894,3,0.7618,0,0
regression-01001,regression,train,28,80,79.97,1,0.8743,2,0.8028,1,0
regression-01002,regression,train,52,823,52.06,0,0.593,4,0.3517,1,0
regression-01003,regression,train,40,5,48.08,2,0.597,1,0.7059,0,1
regression-01004,regression,train,57,199,75.07,1,0.154,2,0.7914,1,0
regression-01005,regression,train,43,516,54.27,0,0.6359,3,0.7719,1,0
regression-01006,regression,val,45,12,39.13,3,0.7057,1,0.7679,1,0
regression-01007,regression,val,57,498,127.76,1,0.2533,1,0.9007,1,1
regression-01008,regression,train,72,363,48.95,1,0.3429,4,0.8505,1,0
regression-01009,regression,train,39,716,200.0,1,0.4463,1,0.7298,1,1
regression-01010,regression,train,19,424,68.7,2,0.9025,4,0.7597,1,0
regression-01011,regression,train,46,230,28.84,0,0.5225,2,0.7173,0,0
regression-01012,regression,train,31,110,127.47,2,0.5653,7,1.0,1,0
regression-01013,regression,train,72,324,56.63,1,0.4362,1,0.7146,1,1
regression-01014,regression,train,71,135,66.08,1,0.1907,2,0.8356,0,0
regression-01015,regression,train,56,40,81.66,4,0.4272,1,0.7708,1,1
regression-01016,regression,train,33,48,74.6,3,0.6719,1,0.5025,1,1
regression-01017,regression,val,33,1392,79.35,0,0.6603,2,0.5978,1,1
regression-01018,regression,train,26,83,78.05,1,0.7468,1,0.6228,1,1
regression-01019,regression,test,25,626,87.24,1,0.4615,2,0.8434,1,0
regression-01020,regression,train,29,336,107.84,0,0.6838,2,0.6937,1,0
regression-01021,regression,train,26,388,86.38,2,0.678,3,0.603,0,1
regression-01022,regression,train,45,67,97.4,1,0.5818,4,0.6105,0,1
regression-01023,regression,train,20,1031,99.33,0,0.7441,4,0.8792,1,0
regression-01024,regression,train,74,161,30.57,0,0.4587,4,0.4509,0,0
regression-01025,regression,train,20,797,94.97,3,0.8423,1,0.8094,0,1
regression-01026,regression,test,68,224,39.12,1,0.4844,3,0.6233,0,0
regression-01027,regression,train,44,253,49.15,1,0.7747,3,0.5376,0,0
regression-01028,regression,train,33,344,113.48,1,1.0,1,0.6662,0,0
regression-01029,regression,train,21,743,101.96,0,0.6266,0,0.7083,0,1
regression-01030,regression,test,62,44,80.62,1,0.6045,3,0.7128,0,0
regression-01031,regression,test,31,560,97.7,2,0.6454,2,1.0,1,0
regression-01032,regression,train,23,87,85.63,2,0.3456,0,0.9847,1,1
regression-01033,regression,train,70,222,39.85,1,0.4692,2,0.7666,0,0
regression-01034,regression,test,51,73,106.31,1,0.5626,1,0.755,0,1
regression-01035,regression,train,72,712,64.46,1,0.6429,1,0.7164,1,0
regression-01036,regression,train,66,194,46.88,0,0.3305,3,0.9944,0,0
regression-01037,regression,train,31,147,102.48,0,0.608,3,0.4663,0,1
regression-01038,regression,train,29,1041,63.11,1,0.9671,0,0.9516,0,0
regression-01039,regression,val,31,827,121.24,1,0.6587,0,0.5793,0,1
regression-01040,regression,train,47,516,80.5,2,0.9806,2,0.7902,0,0
regression-01041,regression,train,73,60,62.15,0,0.449,2,0.5678,0,0
regression-01042,regression,test,30,451,158.45,2,0.4157,2,0.8293,1,1
regression-01043,regression,train,73,355,19.58,2,0.5424,3,0.5054,0,1
regression-01044,regression,test,37,974,56.98,2,0.5969,0,0.6436,1,0
regression-01045,regression,train,54,989,113.11,0,0.6178,1,0.8848,1,1
regression-01046,regression,train,65,179,132.9,1,0.7468,2,0.7247,0,1
regression-01047,regression,train,55,1,72.89,1,0.7486,1,0.7734,0,0
regression-01048,regression,train,39,366,73.25,0,0.7736,4,0.5544,1,0
regression-01049,regression,train,42,264,100.41,4,0.6645,4,0.7073,0,0
regression-01050,regression,train,38,1084,63.78,0,0.53,1,0.8245,1,0
regression-01051,regression,train,32,401,60.4,1,0.7186,1,0.8692,0,0
regression-01052,regression,train,18,92,200.0,2,0.177,0,0.6787,0,1
regression-01053,regression,train,24,31,69.8,2,0.404,2,0.7003,1,1
regression-01054,regression,train,61,146,78.23,3,0.8521,3,0.5024,1,1
regression-01055,regression,train,31,836,123.85,1,0.4756,3,0.8203,1,0
regression-01056,regression,train,67,948,27.88,1,0.5115,4,0.5916,1,0
regression-01057,regression,val,50,672,39.87,4,0.3389,0,0.6191,1,1
regression-01058,regression,train,37,6,87.44,2,0.3429,4,0.4188,1,1
regression-01059,regression,test,19,209,147.9,1,0.8586,3,0.8416,0,0
regression-01060,regression,train,25,224,55.38,3,0.5529,0,1.0,0,1
regression-01061,regression,train,39,298,39.78,1,0.5263,0,0.4404,1,1
regression-01062,regression,train,49,461,115.7,0,0.4672,1,0.6249,0,1
regression-01063,regression,test,50,326,73.46,4,0.419,3,0.745,0,1
regression-01064,regression,train,65,90,37.46,2,0.5952,1,0.5892,0,1
regression-01065,regression,train,72,172,111.87,1,0.7306,2,0.8452,1,0
regression-01066,regression,train,27,27,37.28,3,0.5278,1,0.468,1,1
regression-01067,regression,train,64,295,116.26,3,0.3283,2,0.8446,0,0
regression-01068,regression,train,30,21,45.19,1,0.8537,0,0.5584,0,1
regression-01069,regression,train,53,137,77.84,2,0.1759,3,0.9052,0,0
regression-01070,regression,train,45,41,90.1,0,0.7375,1,0.8644,1,0
regression-01071,regression,test,67,3,140.38,1,0.6043,5,0.6767,1,0
regression-01072,regression,train,67,669,77.06,4,0.6386,2,0.7273,1,0
regression-01073,regression,train,41,19,73.69,2,0.5332,3,0.7553,0,1
regression-01074,regression,train,69,691,75.99,2,0.8441,2,0.975,1,0
regression-01075,regression,train,51,130,76.03,2,0.6133,0,0.8621,1,1
regression-01076,regression,train,50,30,42.48,1,0.6129,5,0.7503,1,0
regression-01077,regression,train,50,219,95.91,5,0.8332,0,0.7672,0,1
regression-01078,regression,train,21,531,55.07,0,0.6359,4,0.838,0,0
regression-01079,regression,val,24,1010,37.01,0,0.329,1,0.5623,1,0
regression-01080,regression,train,29,41,95.29,2,0.5882,2,0.7019,0,1
regression-01081,regression,val,70,152,44.17,2,0.6415,6,0.7303,1,0
regression-01082,regression,train,68,535,77.22,5,0.6087,3,0.8567,0,0
regression-01083,regression,train,29,183,62.58,2,0.6879,2,0.5294,0,0
regression-01084,regression,test,74,86,66.66,0,0.7856,2,0.5349,1,0
regression-01085,regression,val,67,5,83.59,2,0.7449,1,0.5876,0,1
regression-01086,regression,val,43,1116,85.83,1,0.3307,2,0.4654,1,0
regression-01087,regression,train,43,116,78.04,0,0.4889,1,0.9205,0,0
regression-01088,regression,train,70,329,140.09,3,0.4285,3,0.5497,1,1
regression-01089,regression,train,72,147,51.41,1,0.5188,4,0.6919,0,0
regression-01090,regression,train,31,185,60.86,2,0.4003,3,0.3894,1,1
regression-01091,regression,train,50,134,74.4,0,0.6986,2,0.4867,1,1
regression-01092,regression,val,64,63,134.25,2,0.492,1,0.5191,0,1
regression-01093,regression,test,67,530,199.58,2,0.3522,4,0.8258,1,0
regression-01094,regression,test,67,35,66.11,2,0.3702,3,0.3347,0,1
regression-01095,regression,train,49,27,53.64,1,0.3704,2,0.558,1,0
regression-01096,regression,val,49,1716,59.97,2,0.3475,0,0.7213,1,0
regression-01097,regression,train,50,741,148.75,3,0.2464,2,1.0,0,1
regression-01098,regression,train,21,24,45.18,1,0.5751,2,0.7035,1,1
regression-01099,regression,test,20,858,97.97,2,0.886,2,0.7952,0,0
regression-01100,regression,train,68,1277,145.11,2,0.0679,3,0.3926,1,1
regression-01101,regression,test,67,23,95.0,0,0.522,3,0.7465,0,0
regression-01102,regression,train,30,608,55.75,0,0.699,2,0.7657,0,0
regression-01103,regression,train,39,48,55.79,1,0.2906,2,0.6112,0,0
regression-01104,regression,train,42,307,51.07,1,0.7674,0,0.9519,1,0
regression-01105,regression,val,50,696,86.07,1,0.6704,0,0.8545,0,0
regression-01106,regression,val,49,100,71.65,1,0.9298,2,0.6359,0,0
regression-01107,regression,train,27,126,71.99,1,0.4586,1,0.5249,0,1
regression-01108,regression,test,55,66,84.54,4,0.0643,3,0.8834,1,1
regression-01109,regression,train,67,199,69.45,2,0.3518,2,0.71,0,1
regression-01110,regression,train,68,508,63.55,0,0.7964,2,0.6943,0,0
regression-01111,regression,train,45,1124,48.33,2,0.3069,0,0.6265,1,1
regression-01112,regression,train,70,15,53.46,0,0.8906,3,0.5567,1,0
regression-01113,regression,train,21,596,50.01,3,0.9123,1,0.9443,0,0
regression-01114,regression,train,36,795,133.36,0,0.5482,1,0.7765,1,0
regression-01115,regression,train,20,526,99.46,5,0.468,1,0.523,0,1
regression-01116,regression,test,31,49,98.31,1,0.6034,3,0.7523,0,1
regression-01117,regression,train,36,67,171.33,0,0.5262,3,0.7256,1,0
regression-01118,regression,val,59,150,76.09,0,0.3592,1,0.7063,1,0
regression-01119,regression,train,39,1270,62.67,0,0.2133,0,0.7517,0,0
regression-01120,regression,train,48,930,46.66,0,0.1517,2,0.4772,0,0
regression-01121,regression,train,48,89,59.49,2,0.4201,6,0.815,1,0
regression-01122,regression,train,72,295,107.4,2,0.3567,0,0.7478,1,1
regression-01123,regression,val,49,813,98.46,2,0.4301,3,0.4938,0,0
regression-01124,regression,val,34,166,142.11,1,0.4913,2,0.5765,0,1
regression-01125,regression,train,26,25,107.73,0,0.6433,1,0.5009,0,0
regression-01126,regression,test,36,577,109.49,3,0.1775,3,0.8268,0,1
regression-01127,regression,train,62,30,64.42,0,0.4056,4,0.8668,1,0
regression-01128,regression,test,68,949,97.38,1,0.65,1,0.6526,1,1
regression-01129,regression,train,29,813,123.41,2,0.9349,2,0.9318,0,0
regression-01130,regression,train,42,365,92.8,0,0.3852,2,0.8178,1,0
regression-01131,regression,train,45,6,73.73,3,0.632,4,0.6306,0,0
regression-01132,regression,train,51,159,43.05,0,0.3176,2,0.739,1,1
regression-01133,regression,train,65,56,67.48,0,1.0,5,0.6029,1,0
regression-01134,regression,train,44,289,125.16,2,0.1943,2,0.5966,1,0
regression-01135,regression,train,71,74,101.26,2,0.582,1,0.6552,0,1
regression-01136,regression,train,35,1334,138.15,2,0.8742,0,0.8913,1,0
regression-01137,regression,train,71,450,102.67,1,0.7583,1,0.3813,0,0
regression-01138,regression,train,25,5,74.38,0,0.77,1,0.7461,1,1
regression-01139,regression,test,22,18,110.47,1,0.6615,1,0.8845,0,1
regression-01140,regression,train,24,94,91.02,1,0.6144,3,0.5929,1,1
regression-01141,regression,val,56,94,139.62,2,0.6025,1,0.8709,1,0
regression-01142,regression,train,67,241,60.16,1,0.2546,4,0.7395,1,0
regression-01143,regression,train,33,126,70.35,1,0.391,3,0.8111,1,0
regression-01144,regression,train,51,208,40.35,2,0.4806,2,0.5233,0,1
regression-01145,regression,train,23,51,46.28,1,0.6454,5,0.7899,0,0
regression-01146,regression,train,20,78,70.44,1,0.519,1,0.5148,0,1
regression-01147,regression,train,73,38,130.48,2,0.9615,1,0.5167,0,0
regression-01148,regression,test,48,850,59.54,1,0.479,2,0.5858,1,1
regression-01149,regression,train,65,1690,57.84,3,0.5086,4,0.7792,0,0
regression-01150,regression,test,63,29,100.55,1,0.2036,6,0.5959,1,1
regression-01151,regression,train,28,846,54.11,2,0.6259,1,0.6206,0,0
regression-01152,regression,train,32,17,146.4,1,0.4351,0,0.8697,0,1
regression-01153,regression,train,64,163,73.52,0,0.7179,3,0.685,0,0
regression-01154,regression,test,24,588,104.75,1,0.3217,3,0.9445,1,1
regression-01155,regression,train,46,151,97.8,0,0.5424,4,0.8013,0,1
regression-01156,regression,train,35,270,86.13,2,0.3748,1,0.6807,1,1
regression-01157,regression,train,29,30,67.04,1,0.6665,5,0.7507,0,1
regression-01158,regression,test,20,651,112.39,2,0.7999,0,0.3888,0,1
regression-01159,regression,train,60,161,87.53,2,0.5475,3,0.7672,1,1
regression-01160,regression,train,65,415,90.5,5,0.5997,2,1.0,0,1
regression-01161,regression,train,66,1028,85.08,2,0.5737,3,0.7751,1,0
regression-01162,regression,train,22,206,85.68,3,0.4989,2,0.6706,1,0
regression-01163,regression,train,43,165,115.78,0,0.4972,1,0.7327,1,0
regression-01164,regression,train,75,880,88.72,2,0.8246,0,0.7747,0,0
regression-01165,regression,val,38,586,82.39,0,0.195,4,0.7654,0,0
regression-01166,regression,train,46,21,56.22,0,0.5308,0,0.7468,0,1
regression-01167,regression,train,35,350,110.71,0,0.6445,2,0.7588,1,0
regression-01168,regression,train,63,37,123.58,2,0.2478,3,1.0,1,1
regression-01169,regression,train,62,117,92.78,4,0.6722,0,0.8286,1,1
regression-01170,regression,train,66,1142,40.21,1,0.5574,2,0.673,1,0
regression-01171,regression,train,39,288,54.87,2,0.5435,1,0.8996,0,0
regression-01172,regression,train,56,105,108.82,1,0.0121,4,0.7263,0,0
regression-01173,regression,train,55,148,96.11,2,0.3576,1,0.4692,1,1
regression-01174,regression,train,60,171,87.08,1,0.7355,3,0.8402,0,0
regression-01175,regression,test,23,13,50.79,2,0.3871,1,0.8471,1,1
regression-01176,regression,train,18,45,58.23,0,0.5519,2,0.6813,0,1
regression-01177,regression,test,57,307,132.75,2,0.701,3,0.7365,0,0
regression-01178,regression,train,21,834,75.23,2,0.774,2,0.5958,1,1
regression-01179,regression,train,51,24,63.52,2,0.6204,5,0.7012,0,1
regression-01180,regression,train,45,396,78.77,0,0.5977,2,0.7617,0,0
regression-01181,regression,val,71,691,75.91,0,0.5947,1,0.6887,0,0
regression-01182,regression,train,28,181,139.4,0,0.432,1,0.9597,0,0
regression-01183,regression,train,24,622,102.06,0,0.7611,3,0.7702,0,0
regression-01184,regression,test,73,207,64.84,3,0.2716,1,0.6228,0,1
regression-01185,regression,train,30,692,70.49,4,0.6727,2,0.4766,0,1
regression-01186,regression,train,43,336,41.66,1,0.5474,0,0.9862,0,0
regression-01187,regression,val,45,386,50.27,2,0.4311,2,0.7408,1,1
regression-01188,regression,train,68,392,62.58,1,0.8646,2,0.8028,1,0
regression-01189,regression,train,46,385,60.02,4,0.6347,0,1.0,0,1
regression-01190,regression,train,68,294,33.54,2,0.2541,3,0.6506,1,1
regression-01191,regression,train,53,118,100.37,2,0.8844,1,0.8638,0,1
regression-01192,regression,train,27,861,48.12,2,0.5095,0,0.7894,1,0
regression-01193,regression,train,60,1557,125.61,1,0.7134,2,0.7469,1,0
regression-01194,regression,test,49,128,71.01,1,0.3712,2,0.8452,1,1
regression-01195,regression,test,39,312,54.11,1,0.5025,3,1.0,1,0
regression-01196,regression,train,57,671,79.36,5,0.5297,0,0.6321,0,0
regression-01197,regression,val,46,103,130.97,1,0.4646,2,0.5055,1,1
regression-01198,regression,train,36,197,81.38,1,0.5684,3,0.7012,0,0
regression-01199,regression,train,55,186,167.16,1,0.6809,0,0.8145,0,0
regression-01200,regression,train,37,58,118.88,1,0.7021,1,0.8238,1,1
regression-01201,regression,train,66,366,49.86,0,0.3511,2,0.6207,0,1
regression-01202,regression,val,30,128,62.9,1,0.6957,5,0.5739,0,1
regression-01203,regression,val,46,1024,90.28,1,0.0,0,0.7972,0,0
regression-01204,regression,train,65,247,166.23,1,0.8409,1,0.5722,0,1
regression-01205,regression,train,24,182,95.94,1,0.6388,3,0.485,1,1
regression-01206,regression,train,18,138,66.38,0,0.8278,3,0.7098,1,1
regression-01207,regression,train,72,1071,95.27,0,0.6682,1,0.8448,0,0
regression-01208,regression,test,43,31,125.24,3,0.8756,0,0.6839,0,1
regression-01209,regression,train,25,474,66.61,2,0.286,0,0.7214,0,1
regression-01210,regression,train,66,175,82.07,1,0.6867,3,0.8343,0,0
regression-01211,regression,val,62,16,77.7,0,0.5834,1,0.6645,0,1
regression-01212,regression,train,75,348,183.88,4,0.5937,2,0.7716,0,1
regression-01213,regression,test,23,277,121.15,3,0.6144,1,0.5816,0,1
regression-01214,regression,train,54,722,78.56,3,0.4419,4,0.5217,0,0
regression-01215,regression,val,37,93,114.34,0,0.7428,1,0.8673,0,0
regression-01216,regression,train,18,64,48.03,0,0.6699,1,0.6109,0,0
regression-01217,regression,train,27,145,79.31,1,0.0,2,0.7407,0,1
regression-01218,regression,train,52,434,113.15,2,0.9167,2,0.77,0,1
regression-01219,regression,train,24,200,111.42,1,0.2774,1,0.749,1,1
regression-01220,regression,train,63,435,90.18,0,0.4384,2,0.7604,0,0
regression-01221,regression,train,25,402,81.06,4,0.4863,2,0.7102,0,1
regression-01222,regression,train,58,179,43.82,1,0.458,2,0.9199,0,0
regression-01223,regression,val,66,784,95.53,3,0.4932,2,0.9329,0,0
regression-01224,regression,train,50,109,126.45,2,0.1698,1,0.5824,0,1
regression-01225,regression,train,45,351,122.08,3,0.6912,0,0.6379,0,1
regression-01226,regression,train,72,136,105.08,0,0.3511,5,0.6678,0,0
regression-01227,regression,train,74,617,90.82,2,0.3809,1,0.3223,0,1
regression-01228,regression,train,48,260,121.68,2,0.8086,2,0.5879,0,0
regression-01229,regression,train,60,459,176.48,2,0.9795,4,0.736,0,0
regression-01230,regression,train,68,435,61.77,2,0.2844,2,0.7344,1,1
regression-01231,regression,train,23,62,55.3,0,0.7676,5,0.5298,1,1
regression-01232,regression,test,33,411,86.29,0,0.5012,4,0.8318,1,1
regression-01233,regression,test,62,383,125.32,0,0.8325,1,0.5961,1,1
regression-01234,regression,train,40,434,64.49,0,0.3747,3,0.7941,0,0
regression-01235,regression,test,57,1660,59.07,2,0.1806,4,0.7608,1,0
regression-01236,regression,test,32,284,78.57,2,0.1491,3,0.7611,0,0
regression-01237,regression,train,53,824,67.77,3,0.5307,1,0.5748,0,1
regression-01238,regression,val,25,543,36.69,3,0.521,0,0.5368,0,1
regression-01239,regression,train,63,325,76.71,3,0.5423,3,0.6959,0,1
regression-01240,regression,train,34,304,149.28,0,0.6975,3,0.7412,1,0
regression-01241,regression,val,40,290,70.97,2,0.8635,3,0.6629,1,0
regression-01242,regression,train,74,83,120.58,1,0.6074,1,0.7445,1,1
regression-01243,regression,test,35,190,130.87,2,0.392,1,0.6334,0,1
regression-01244,regression,train,72,449,72.76,1,0.4434,1,0.4531,0,1
regression-01245,regression,train,48,110,82.75,0,0.3618,1,0.6891,1,0
regression-01246,regression,train,61,354,41.15,3,0.8428,2,0.9532,0,0
regression-01247,regression,test,54,2600,41.34,2,0.7416,2,0.852,0,0
regression-01248,regression,train,72,975,53.86,1,0.646,3,0.7156,0,0
regression-01249,regression,train,24,48,71.9,2,0.5722,5,0.9733,0,1
regression-01250,regression,test,62,99,53.31,1,0.5733,1,0.6673,1,1
regression-01251,regression,train,18,269,45.39,0,1.0,0,0.7463,0,0
regression-01252,regression,val,74,57,89.76,0,0.4861,3,0.6336,0,0
regression-01253,regression,train,25,538,69.38,0,0.6605,2,0.8783,1,0
regression-01254,regression,test,29,100,126.26,1,0.3189,0,0.7239,0,1
regression-01255,regression,train,28,924,89.89,1,0.3842,2,0.8236,0,0
regression-01256,regression,val,69,282,101.71,2,0.8555,0,1.0,0,0
regression-01257,regression,train,37,109,65.76,0,0.8218,1,0.8436,0,0
regression-01258,regression,val,35,89,87.04,1,0.4133,0,0.4936,1,1
regression-01259,regression,train,24,402,77.85,1,0.8454,2,0.4632,0,1
regression-01260,regression,train,64,8,118.64,1,0.5458,1,0.833,1,1
regression-01261,regression,train,37,478,142.25,0,0.7925,2,0.9371,0,0
regression-01262,regression,val,51,38,82.54,1,0.3555,4,0.7612,0,0
regression-01263,regression,train,42,97,155.4,1,0.6025,3,0.7983,0,0
regression-01264,regression,train,31,960,168.79,1,0.5112,1,0.6857,1,1
regression-01265,regression,val,41,114,72.47,3,0.5342,1,0.7367,1,1
regression-01266,regression,test,52,102,94.56,1,0.5827,1,0.6503,0,0
regression-01267,regression,test,54,1095,58.35,1,0.6263,4,0.6704,0,0
regression-01268,regression,train,66,167,101.52,4,0.5396,2,0.7749,0,0
regression-01269,regression,test,67,159,110.13,4,0.6818,4,0.5668,1,1
regression-01270,regression,test,59,114,143.37,3,0.4844,3,0.6034,1,1
regression-01271,regression,train,24,354,47.3,3,0.8505,3,0.7898,0,0
regression-01272,regression,train,60,314,69.76,2,0.8051,2,0.5999,1,0
regression-01273,regression,test,46,216,99.19,6,0.3692,2,0.7102,1,1
regression-01274,regression,train,41,40,80.69,3,0.3721,1,0.6797,0,1
regression-01275,regression,val,70,793,40.69,2,0.6427,2,0.8197,1,0
regression-01276,regression,test,62,221,125.47,0,0.6238,3,0.7844,0,1
regression-01277,regression,train,68,414,53.35,1,0.6594,0,0.8697,0,0
regression-01278,regression,test,51,174,123.17,4,0.4559,2,0.8076,0,1
regression-01279,regression,train,69,143,100.48,4,0.6408,3,0.7935,0,1
regression-01280,regression,val,66,293,75.39,1,0.601,3,0.7699,0,0
regression-01281,regression,test,66,571,84.02,1,0.2929,1,0.55,1,0
regression-01282,regression,train,40,410,66.37,0,0.5328,1,0.6509,1,0
regression-01283,regression,train,69,38,91.44,3,0.6102,1,0.5857,0,1
regression-01284,regression,test,25,511,93.46,0,0.756,2,1.0,0,0
regression-01285,regression,train,20,26,86.92,0,0.3688,3,0.7651,0,0
regression-01286,regression,train,60,59,59.45,0,0.3577,1,0.8222,0,1
regression-01287,regression,train,32,190,73.51,2,0.5727,0,0.8479,0,0
regression-01288,regression,train,56,30,126.4,2,0.5148,3,0.7374,1,1
regression-01289,regression,test,26,317,47.14,1,0.5989,5,0.7889,1,1
regression-01290,regression,train,54,1186,50.58,1,0.5649,3,0.5845,1,0
regression-01291,regression,train,65,882,49.37,2,0.7639,5,0.8193,1,0
regression-01292,regression,train,35,432,43.65,0,0.4897,6,0.9219,1,0
regression-01293,regression,val,57,59,41.35,1,0.4055,3,0.7507,0,0
regression-01294,regression,train,68,339,105.45,2,0.4131,1,0.87,0,0
regression-01295,regression,test,63,96,157.93,3,0.6652,6,0.6228,1,1
regression-01296,regression,train,44,732,118.75,3,0.4965,0,0.7805,0,1
regression-01297,regression,test,51,155,188.46,0,0.7516,2,0.7019,0,0
regression-01298,regression,train,29,700,25.7,0,0.486,3,0.4915,1,0
regression-01299,regression,train,67,49,22.73,2,0.8852,2,0.7257,0,1
regression-01300,regression,train,23,661,69.12,1,0.7441,2,0.9352,1,0
regression-01301,regression,val,29,929,72.27,1,0.3717,2,0.3009,0,1
regression-01302,regression,train,46,610,96.9,1,0.7379,3,0.7409,1,0
regression-01303,regression,test,53,149,66.07,1,0.791,2,0.4069,0,1
regression-01304,regression,val,66,209,75.15,3,0.3665,1,0.7674,0,1
regression-01305,regression,train,21,432,77.95,0,0.382,4,0.6396,1,0
regression-01306,regression,train,46,2,43.32,3,0.7077,3,0.7552,0,0
regression-01307,regression,train,52,349,148.58,1,0.3951,2,0.7909,0,0
regression-01308,regression,train,68,879,96.64,0,0.9454,3,0.7009,0,0
regression-01309,regression,train,21,668,127.97,2,0.7198,1,0.81,1,1
regression-01310,regression,test,37,202,92.23,2,0.3645,6,0.5876,1,1
regression-01311,regression,train,35,500,82.16,1,0.3559,2,0.6377,0,0
regression-01312,regression,train,58,286,125.17,1,0.4884,3,0.7006,0,0
regression-01313,regression,train,31,757,68.91,0,0.7412,2,0.6218,1,0
regression-01314,regression,val,43,336,55.05,0,0.2648,4,0.6598,1,1
regression-01315,regression,train,20,154,74.85,1,0.6468,1,0.8457,0,0
regression-01316,regression,train,46,101,87.37,2,0.2884,4,0.7132,1,0
regression-01317,regression,train,28,107,80.9,1,0.4849,3,0.7158,0,0
regression-01318,regression,train,21,106,180.11,2,0.4712,4,0.5339,0,1
regression-01319,regression,train,74,708,38.55,3,0.6726,2,0.7298,1,0
regression-01320,regression,train,45,603,149.22,2,0.7226,2,0.9595,0,1
regression-01321,regression,train,65,183,69.76,1,0.4624,2,0.8668,0,0
regression-01322,regression,train,66,64,33.89,0,0.9201,4,0.5288,0,0
regression-01323,regression,train,29,246,87.45,3,0.6878,2,0.8656,0,1
regression-01324,regression,train,36,154,94.28,2,0.4634,3,0.6811,0,1
regression-01325,regression,val,33,264,40.35,2,0.4977,1,0.741,0,1
regression-01326,regression,train,47,195,69.2,2,0.3124,4,0.6745,0,0
regression-01327,regression,train,45,537,95.44,1,0.411,5,0.6661,0,0
regression-01328,regression,train,21,242,146.23,1,0.4736,4,0.73,1,1
regression-01329,regression,train,61,68,187.99,0,0.3848,3,0.6132,1,1
regression-01330,regression,train,70,1054,143.74,1,0.5477,3,0.515,1,1
regression-01331,regression,train,72,390,87.15,0,0.7017,2,0.9094,1,0
regression-01332,regression,train,31,263,108.71,2,0.5533,2,0.739,0,1
regression-01333,regression,val,33,183,101.89,3,0.4644,1,0.6093,1,1
regression-01334,regression,train,30,1627,24.4,2,0.8744,0,0.7831,0,0
regression-01335,regression,train,59,232,50.38,0,0.5112,3,0.6548,0,0
regression-01336,regression,train,53,1859,143.1,1,0.5114,2,0.8765,1,0
regression-01337,regression,train,56,1204,54.19,2,0.7432,0,0.7059,0,0
regression-01338,regression,val,54,40,92.65,5,0.3619,1,0.9922,1,1
regression-01339,regression,train,30,746,82.32,1,0.4,1,0.4148,0,0
regression-01340,regression,val,24,637,86.75,0,0.4432,0,0.6342,1,1
regression-01341,regression,val,59,617,154.3,0,0.5461,1,0.7313,1,1
regression-01342,regression,train,43,84,69.12,1,0.5953,4,0.558,1,0
regression-01343,regression,val,61,135,153.4,1,0.4081,4,0.6076,0,1
regression-01344,regression,test,67,242,62.99,2,0.5854,0,0.4872,0,0
regression-01345,regression,test,68,24,68.68,0,0.5492,2,0.8549,0,1
regression-01346,regression,train,37,1447,103.93,4,0.5214,4,0.6799,1,1
regression-01347,regression,train,33,755,81.22,0,0.2797,5,0.8427,0,0
regression-01348,regression,train,67,503,94.49,2,0.633,0,0.7907,1,1
regression-01349,regression,val,75,58,46.83,1,0.5983,0,0.8085,0,1
regression-01350,regression,train,60,108,103.71,1,0.9479,1,0.564,1,1
regression-01351,regression,train,58,154,88.54,4,0.4864,0,0.6495,0,1
regression-01352,regression,train,28,565,60.64,2,0.3547,0,0.498,0,1
regression-01353,regression,train,28,438,55.04,0,0.392,0,0.5603,0,1
regression-01354,regression,train,37,481,113.65,2,0.0492,2,0.6643,1,1
regression-01355,regression,train,21,41,44.12,1,0.6774,2,0.5528,1,1
regression-01356,regression,train,62,131,69.28,2,1.0,2,0.8061,0,0
regression-01357,regression,train,55,174,46.31,2,0.4419,1,0.6653,0,1
regression-01358,regression,train,53,5,38.46,0,0.3906,3,0.665,0,1
regression-01359,regression,train,71,206,150.74,2,0.1534,2,0.5881,0,1
regression-01360,regression,train,27,697,79.63,2,0.657,5,0.4269,1,1
regression-01361,regression,train,62,348,86.94,1,0.664,2,0.835,1,0
regression-01362,regression,train,52,254,64.79,3,0.6006,2,0.3817,0,1
regression-01363,regression,test,41,86,67.13,6,0.549,2,0.7631,0,1
regression-01364,regression,train,28,280,60.28,2,0.6976,4,0.6599,0,0
regression-01365,regression,train,24,526,57.52,1,0.516,2,0.8398,0,0
regression-01366,regression,train,54,332,34.63,2,0.3643,3,0.704,0,1
regression-01367,regression,train,29,210,80.64,2,0.8673,1,0.6646,0,1
regression-01368,regression,train,19,685,32.33,1,0.6695,1,0.7121,0,1
regression-01369,regression,val,22,307,81.88,1,0.3698,3,0.6692,0,0
regression-01370,regression,test,63,1369,142.24,1,0.6333,0,0.4759,0,0
regression-01371,regression,val,45,1075,81.84,4,0.5205,1,0.6535,1,1
regression-01372,regression,train,20,155,119.38,0,0.5744,1,0.5406,0,1
regression-01373,regression,test,55,147,63.17,2,0.5337,7,0.8125,1,0
regression-01374,regression,train,59,1,94.62,1,0.3461,2,0.4485,0,1
regression-01375,regression,val,73,480,50.91,1,0.6569,1,0.7215,0,1
regression-01376,regression,test,26,355,59.97,0,0.4597,2,0.6752,0,0
regression-01377,regression,train,31,95,37.23,1,0.4293,3,0.5588,1,0
regression-01378,regression,train,49,230,82.34,2,0.4797,2,0.9233,1,0
regression-01379,regression,train,20,373,107.26,0,0.9116,4,0.4633,1,1
regression-01380,regression,train,33,732,123.29,1,0.8024,2,0.8582,0,0
regression-01381,regression,train,50,553,79.94,0,0.2598,4,0.506,1,0
regression-01382,regression,train,42,280,47.05,3,0.2805,3,0.6423,1,0
regression-01383,regression,train,21,897,123.23,2,0.6642,2,0.6491,1,1
regression-01384,regression,train,63,660,113.46,0,0.7519,1,0.4961,0,0
regression-01385,regression,train,24,102,107.78,0,0.5858,5,0.7422,0,0
regression-01386,regression,train,44,722,74.37,2,0.482,2,0.7479,0,0
regression-01387,regression,train,59,387,142.0,0,0.597,2,0.851,0,0
regression-01388,regression,train,36,959,99.2,1,0.7053,4,0.6564,1,0
regression-01389,regression,train,22,143,90.53,0,0.8575,1,0.6395,0,0
regression-01390,regression,train,54,84,52.58,1,0.1385,3,0.728,0,0
regression-01391,regression,train,50,112,55.55,2,0.4811,2,0.5733,0,1
regression-01392,regression,train,62,272,66.91,2,0.5522,4,0.8798,1,0
regression-01393,regression,train,53,5,132.35,0,0.8691,3,0.7973,0,1
regression-01394,regression,train,24,117,120.63,2,0.5831,1,0.4939,1,1
regression-01395,regression,val,74,36,67.26,1,0.9418,3,0.7677,1,0
regression-01396,regression,train,66,21,110.62,4,0.9425,0,0.5724,0,1
regression-01397,regression,train,50,453,88.42,2,0.7223,3,0.7947,0,1
regression-01398,regression,train,65,429,77.46,1,0.1066,4,0.8136,1,1
regression-01399,regression,train,69,98,99.62,3,0.7455,2,0.6024,0,0
regression-01400,regression,train,18,48,55.74,1,0.5,5,0.6969,0,0
regression-01401,regression,train,19,105,95.3,1,0.6374,1,0.9678,1,0
regression-01402,regression,train,44,853,111.57,1,0.4178,2,0.6161,0,0
regression-01403,regression,train,44,620,77.95,1,0.3541,1,0.6888,1,1
regression-01404,regression,train,75,44,66.69,3,0.2883,3,0.5345,1,1
regression-01405,regression,train,29,58,121.43,1,0.6615,5,0.6773,0,1
regression-01406,regression,test,59,182,113.56,2,0.3838,5,0.3951,1,1
regression-01407,regression,val,43,64,60.63,2,0.2373,3,0.659,0,0
regression-01408,regression,train,34,25,111.2,0,0.5616,2,0.7279,1,0
regression-01409,regression,train,54,433,65.02,1,0.8716,0,0.7752,1,0
regression-01410,regression,train,68,229,85.91,1,0.2242,1,0.7646,0,0
regression-01411,regression,train,44,567,155.15,1,0.8136,1,0.8021,0,0
regression-01412,regression,val,71,554,104.34,1,0.6777,1,0.6212,1,1
regression-01413,regression,val,48,570,52.68,2,0.4372,0,0.9378,0,1
regression-01414,regression,train,20,440,60.21,2,0.6017,4,0.6959,1,1
regression-01415,regression,train,45,67,66.24,3,0.4386,1,0.8217,0,1
regression-01416,regression,val,73,340,57.76,0,0.6673,2,0.6288,0,0
regression-01417,regression,train,74,170,35.26,2,0.6535,3,0.723,0,0
regression-01418,regression,train,70,238,83.92,4,0.2298,4,0.6758,0,1
regression-01419,regression,train,19,202,73.83,2,0.5199,1,0.5023,1,1
regression-01420,regression,train,42,800,81.51,3,0.6315,1,0.5809,0,1
regression-01421,regression,val,41,151,66.51,1,0.5461,0,0.8528,0,1
regression-01422,regression,test,42,817,90.35,2,0.7371,1,0.7521,1,1
regression-01423,regression,train,20,5,96.66,0,0.5436,0,0.6893,0,1
regression-01424,regression,test,42,517,75.42,2,0.5865,2,0.7639,0,0
regression-01425,regression,train,65,1170,74.98,2,0.482,4,0.413,0,0
regression-01426,regression,val,26,32,66.11,1,0.5004,3,0.4692,0,1
regression-01427,regression,test,28,151,56.08,1,0.3301,4,0.5569,0,1
regression-01428,regression,train,27,357,69.41,0,0.5663,3,0.7469,0,0
regression-01429,regression,train,47,28,73.0,0,0.7171,4,0.46,0,1
regression-01430,regression,train,41,900,120.65,1,0.4312,2,0.4976,0,1
regression-01431,regression,train,53,255,121.83,2,0.3739,3,0.7892,1,1
regression-01432,regression,train,42,902,65.13,4,0.1926,5,0.6301,0,0
regression-01433,regression,train,47,697,106.91,1,0.6854,3,0.6982,1,0
regression-01434,regression,val,51,311,54.37,2,0.8133,2,0.7931,0,0
regression-01435,regression,train,30,72,127.33,1,0.3855,0,0.6226,1,1
regression-01436,regression,val,62,251,52.13,1,0.4505,0,0.5923,0,0
regression-01437,regression,train,37,1642,93.45,1,0.4039,1,0.5748,1,1
regression-01438,regression,train,69,284,59.3,2,0.4587,2,0.6318,0,0
regression-01439,regression,val,43,413,74.47,3,0.8019,2,0.701,1,1
regression-01440,regression,train,53,43,113.82,1,0.8396,1,0.8387,0,0
regression-01441,regression,train,65,7,141.85,0,0.9331,2,0.7623,1,0
regression-01442,regression,train,60,264,43.17,3,0.6786,2,0.9032,1,0
regression-01443,regression,test,35,308,92.21,1,0.5308,2,0.579,0,1
regression-01444,regression,train,27,31,67.5,1,0.5094,1,0.8299,0,0
regression-01445,regression,train,72,309,31.29,0,0.4511,2,0.5847,0,0
regression-01446,regression,train,22,217,77.65,1,0.2397,2,0.8225,0,0
regression-01447,regression,test,35,352,104.78,1,0.8705,4,0.7942,0,0
regression-01448,regression,train,58,71,44.32,0,0.5995,2,0.8403,0,0
regression-01449,regression,train,42,83,70.35,1,0.3847,3,0.9701,1,0
regression-01450,regression,train,44,954,91.3,1,0.6613,4,0.4698,1,1
regression-01451,regression,test,22,304,114.76,0,0.4919,3,0.4897,0,1
regression-01452,regression,train,52,575,44.59,1,0.3066,2,0.8005,0,0
regression-01453,regression,train,52,330,61.9,1,0.5396,5,0.7547,0,0
regression-01454,regression,train,22,42,106.36,1,0.4966,1,0.5869,0,1
regression-01455,regression,train,20,585,49.39,3,0.9323,5,0.8216,1,0
regression-01456,regression,val,40,259,88.58,1,0.4903,2,0.7612,1,0
regression-01457,regression,train,54,685,101.2,5,0.5868,2,0.4711,1,1
regression-01458,regression,train,43,149,112.03,0,0.8066,4,0.4977,0,0
regression-01459,regression,train,29,1299,73.02,0,0.2528,4,0.5999,0,0
regression-01460,regression,val,62,874,37.66,2,0.4891,2,1.0,0,0
regression-01461,regression,train,48,8,85.01,2,0.4545,2,0.899,1,0
regression-01462,regression,test,68,43,110.72,1,0.6695,5,0.6437,1,1
regression-01463,regression,train,47,91,66.61,1,0.5458,2,0.6511,0,0
regression-01464,regression,train,48,196,104.63,2,0.5995,2,0.6101,1,1
regression-01465,regression,train,27,40,126.57,2,0.9478,3,0.5109,0,1
regression-01466,regression,test,67,212,80.25,1,0.4808,0,0.5697,1,1
regression-01467,regression,train,63,31,159.03,1,0.424,2,0.5939,0,1
regression-01468,regression,val,39,163,93.13,2,0.7388,2,0.446,0,1
regression-01469,regression,train,58,361,89.42,2,0.9248,1,1.0,0,0
regression-01470,regression,train,51,71,58.95,3,0.2664,2,0.6569,0,1
regression-01471,regression,val,61,1439,126.77,2,0.4915,1,0.8358,0,0
regression-01472,regression,test,48,22,97.6,1,0.5184,1,0.6928,1,1
regression-01473,regression,train,35,631,89.89,1,0.3659,1,0.6472,0,0
regression-01474,regression,test,47,89,124.38,0,0.4166,3,0.7252,1,1
regression-01475,regression,train,67,340,98.96,0,0.3693,4,0.5013,0,1
regression-01476,regression,val,27,244,83.61,4,0.6371,1,0.8569,1,0
regression-01477,regression,val,31,212,81.5,5,0.6963,1,0.7825,1,1
regression-01478,regression,train,70,44,122.21,1,0.9246,1,0.4572,0,1
regression-01479,regression,val,29,154,152.69,2,0.3344,2,0.8118,0,1
regression-01480,regression,train,26,51,39.0,1,0.5001,4,0.8586,1,0
regression-01481,regression,train,45,68,166.35,2,0.2234,3,0.7654,1,1
regression-01482,regression,val,73,364,60.79,1,0.5521,2,0.7484,1,1
regression-01483,regression,train,23,579,63.11,2,0.7558,1,0.593,0,1
regression-01484,regression,train,55,745,73.49,0,0.7416,2,0.9928,0,0
regression-01485,regression,train,28,292,86.99,1,0.5009,2,0.9894,0,0
regression-01486,regression,test,28,1047,101.16,0,0.7173,1,0.7007,0,0
regression-01487,regression,train,64,256,61.45,3,0.8009,0,0.7817,1,1
regression-01488,regression,train,75,133,83.78,1,0.5528,0,0.9351,0,0
regression-01489,regression,train,50,503,140.57,3,0.6698,3,0.6405,1,1
regression-01490,regression,train,44,198,72.48,0,0.7852,3,0.7551,0,0
regression-01491,regression,train,65,252,71.78,2,0.5109,3,0.5305,0,1
regression-01492,regression,val,30,535,149.92,0,0.6487,3,0.7705,1,0
regression-01493,regression,train,49,929,82.23,1,0.6832,1,1.0,1,0
regression-01494,regression,train,43,2,112.56,2,0.5021,1,0.9545,0,1
regression-01495,regression,train,65,268,100.61,1,0.6836,3,0.7048,1,1
regression-01496,regression,train,28,636,82.71,2,0.3958,2,0.4154,1,0
regression-01497,regression,val,56,191,149.54,4,0.6418,2,0.6509,0,1
regression-01498,regression,train,57,65,88.31,0,0.5212,4,0.5849,1,0
regression-01499,regression,train,47,982,129.94,0,0.0,1,0.5994,0,1
regression-01500,regression,val,70,563,77.39,2,0.5315,4,0.6261,1,1
